step,det_action0,action0,sampled_action0,wall_distance,vx,vy,speed,gaze,enemy_visible,nearest_enemy_dist,base_reward,reward,obs,next_obs
91,-0.37294813990592957,-0.373507559299469,1.1772961616516113,0.5122268302813116,-0.33959659934043884,0.10199670493602753,0.3545831046474121,0.0,False,,-1.0751402380734805,-1.0555181503295898,"[-0.31956005096435547, 0.08672915399074554, -0.14822235703468323, 0.7377184629440308, -0.6751084923744202, 0.282776802778244, 0.39017266035079956, 0.22644828259944916, 0.35455939173698425, 0.20021075010299683, 0.3465447723865509, 0.19109240174293518, 0.08504779636859894, 0.059933606535196304, 0.6096927523612976, 0.04050140082836151, 0.054847054183483124, -0.6490483283996582, 0.17348790168762207, 0.0, 0.0, 0.7377184629440308, 0.6751084923744202, 0.0, 0.0, -0.17774741351604462, -0.13048437237739563, 0.0, 0.0, 0.7377184629440308, 0.6751084923744202, 0.0, 0.0, 0.017477432265877724, 0.1787843108177185, 0.0, 0.0, 0.7377184629440308, 0.6751084923744202, 0.0, 0.0, 1.25, 1.25, 0.0, 0.0, 0.0, 0.0, 0.0, 0.0, 1.25, 1.25, 0.0, 0.0, 0.0, 0.0, 0.0, 0.0]","[-0.33959659934043884, 0.10199670493602753, -0.13631506264209747, 0.7765812277793884, -0.6300171613693237, 0.3182172179222107, 0.3860335350036621, 0.2476484775543213, 0.35696324706077576, 0.214671790599823, 0.35442671179771423, 0.20156769454479218, 0.09147873520851135, 0.05420241877436638, 0.3295024633407593, 0.03433333337306976, 0.04397280141711235, -0.6239048838615417, 0.20747460424900055, 0.0, 0.0, 0.7765812277793884, 0.6300171613693237, 0.0, 0.0, -0.1715257167816162, -0.12400209903717041, 0.0, 0.0, 0.7765812277793884, 0.6300171613693237, 0.0, 0.0, 0.0417545922100544, 0.17310209572315216, 0.0, 0.0, 0.7765812277793884, 0.6300171613693237, 0.0, 0.0, 1.25, 1.25, 0.0, 0.0, 0.0, 0.0, 0.0, 0.0, 1.25, 1.25, 0.0, 0.0, 0.0, 0.0, 0.0, 0.0]"
92,-0.37190985679626465,-0.37294813990592957,-1.725357174873352,0.40626751756049584,-0.3577441871166229,0.11765794456005096,0.37659566558024715,0.0,False,,-1.0720722255774766,-1.052448034286499,"[-0.33959659934043884, 0.10199670493602753, -0.13631506264209747, 0.7765812277793884, -0.6300171613693237, 0.3182172179222107, 0.3860335350036621, 0.2476484775543213, 0.35696324706077576, 0.214671790599823, 0.35442671179771423, 0.20156769454479218, 0.09147873520851135, 0.05420241877436638, 0.3295024633407593, 0.03433333337306976, 0.04397280141711235, -0.6239048838615417, 0.20747460424900055, 0.0, 0.0, 0.7765812277793884, 0.6300171613693237, 0.0, 0.0, -0.1715257167816162, -0.12400209903717041, 0.0, 0.0, 0.7765812277793884, 0.6300171613693237, 0.0, 0.0, 0.0417545922100544, 0.17310209572315216, 0.0, 0.0, 0.7765812277793884, 0.6300171613693237, 0.0, 0.0, 1.25, 1.25, 0.0, 0.0, 0.0, 0.0, 0.0, 0.0, 1.25, 1.25, 0.0, 0.0, 0.0, 0.0, 0.0, 0.0]","[-0.3577441871166229, 0.11765794456005096, -0.12441195547580719, 0.8126799464225769, -0.582710325717926, 0.3611765205860138, 0.3842490315437317, 0.27219799160957336, 0.3613322377204895, 0.23102687299251556, 0.36443281173706055, 0.21330033242702484, 0.1110270544886589, 0.0464802123606205, 0.2934444844722748, 0.02744986303150654, 0.033327385783195496, -0.5960150361061096, 0.23922555148601532, 0.0, 0.0, 0.8126799464225769, 0.582710325717926, 0.0, 0.0, -0.16415323317050934, -0.11857198923826218, 0.0, 0.0, 0.8126799464225769, 0.582710325717926, 0.0, 0.0, 0.06642082333564758, 0.16531981527805328, 0.0, 0.0, 0.8126799464225769, 0.582710325717926, 0.0, 0.0, 1.25, 1.25, 0.0, 0.0, 0.0, 0.0, 0.0, 0.0, 1.25, 1.25, 0.0, 0.0, 0.0, 0.0, 0.0, 0.0]"
93,-0.375182569026947,-0.37190985679626465,-0.6410400867462158,0.39900061413375587,-0.06097736954689026,0.20652708411216736,0.2153408369741612,0.0,False,,-1.0699799262299334,-1.0588176250457764,"[-0.3577441871166229, 0.11765794456005096, -0.12441195547580719, 0.8126799464225769, -0.582710325717926, 0.3611765205860138, 0.3842490315437317, 0.27219799160957336, 0.3613322377204895, 0.23102687299251556, 0.36443281173706055, 0.21330033242702484, 0.1110270544886589, 0.0464802123606205, 0.2934444844722748, 0.02744986303150654, 0.033327385783195496, -0.5960150361061096, 0.23922555148601532, 0.0, 0.0, 0.8126799464225769, 0.582710325717926, 0.0, 0.0, -0.16415323317050934, -0.11857198923826218, 0.0, 0.0, 0.8126799464225769, 0.582710325717926, 0.0, 0.0, 0.06642082333564758, 0.16531981527805328, 0.0, 0.0, 0.8126799464225769, 0.582710325717926, 0.0, 0.0, 1.25, 1.25, 0.0, 0.0, 0.0, 0.0, 0.0, 0.0, 1.25, 1.25, 0.0, 0.0, 0.0, 0.0, 0.0, 0.0]","[-0.06097736954689026, 0.20652708411216736, -0.0763048529624939, 0.928098201751709, -0.3723355829715729, 0.38796180486679077, 0.36266273260116577, 0.3638802766799927, 0.3637314438819885, 0.2775284945964813, 0.09000340104103088, 0.23737433552742004, 0.28918296098709106, 0.07144103199243546, 0.06768742203712463, 0.028927378356456757, 0.02866080403327942, -0.5176677703857422, 0.36548158526420593, 0.0, 0.0, 0.928098201751709, 0.3723355829715729, 0.0, 0.0, -0.18347452580928802, -0.08489444851875305, 0.0, 0.0, 0.928098201751709, 0.3723355829715729, 0.0, 0.0, 0.10809031873941422, 0.13589602708816528, 0.0, 0.0, 0.928098201751709, 0.3723355829715729, 0.0, 0.0, 1.25, 1.25, 0.0, 0.0, 0.0, 0.0, 0.0, 0.0, 1.25, 1.25, 0.0, 0.0, 0.0, 0.0, 0.0, 0.0]"
94,-0.373860239982605,-0.375182569026947,-0.3589508831501007,0.40076903097667643,-0.05019915848970413,0.20781104266643524,0.21378817780032974,0.0,False,,-1.0681130597791992,-1.0571047067642212,"[-0.06097736954689026, 0.20652708411216736, -0.0763048529624939, 0.928098201751709, -0.3723355829715729, 0.38796180486679077, 0.36266273260116577, 0.3638802766799927, 0.3637314438819885, 0.2775284945964813, 0.09000340104103088, 0.23737433552742004, 0.28918296098709106, 0.07144103199243546, 0.06768742203712463, 0.028927378356456757, 0.02866080403327942, -0.5176677703857422, 0.36548158526420593, 0.0, 0.0, 0.928098201751709, 0.3723355829715729, 0.0, 0.0, -0.18347452580928802, -0.08489444851875305, 0.0, 0.0, 0.928098201751709, 0.3723355829715729, 0.0, 0.0, 0.10809031873941422, 0.13589602708816528, 0.0, 0.0, 0.928098201751709, 0.3723355829715729, 0.0, 0.0, 1.25, 1.25, 0.0, 0.0, 0.0, 0.0, 0.0, 0.0, 1.25, 1.25, 0.0, 0.0, 0.0, 0.0, 0.0, 0.0]","[-0.05019915848970413, 0.20781104266643524, -0.034776102751493454, 0.984920859336853, -0.17300564050674438, 0.3654595613479614, 0.3613443672657013, 0.3970387876033783, 0.08255971968173981, 0.35086870193481445, 0.07946252822875977, 0.27523791790008545, 0.455354243516922, 0.2288089096546173, 0.04653794690966606, 0.032631490379571915, 0.027126988396048546, -0.42981573939323425, 0.4556058347225189, 0.0, 0.0, 0.984920859336853, 0.17300564050674438, 0.0, 0.0, -0.19564835727214813, -0.0539914071559906, 0.0, 0.0, 0.984920859336853, 0.17300564050674438, 0.0, 0.0, 0.1351698786020279, 0.10194873809814453, 0.0, 0.0, 0.984920859336853, 0.17300564050674438, 0.0, 0.0, 1.25, 1.25, 0.0, 0.0, 0.0, 0.0, 0.0, 0.0, 1.25, 1.25, 0.0, 0.0, 0.0, 0.0, 0.0, 0.0]"
95,-0.3739929795265198,-0.373860239982605,-1.6067707538604736,0.3997505400322291,8.983026054920629e-05,0.17182192206382751,0.171821945545916,0.18517879326239023,False,,-1.0664705324865171,-1.05964994430542,"[-0.05019915848970413, 0.20781104266643524, -0.034776102751493454, 0.984920859336853, -0.17300564050674438, 0.3654595613479614, 0.3613443672657013, 0.3970387876033783, 0.08255971968173981, 0.35086870193481445, 0.07946252822875977, 0.27523791790008545, 0.455354243516922, 0.2288089096546173, 0.04653794690966606, 0.032631490379571915, 0.027126988396048546, -0.42981573939323425, 0.4556058347225189, 0.0, 0.0, 0.984920859336853, 0.17300564050674438, 0.0, 0.0, -0.19564835727214813, -0.0539914071559906, 0.0, 0.0, 0.984920859336853, 0.17300564050674438, 0.0, 0.0, 0.1351698786020279, 0.10194873809814453, 0.0, 0.0, 0.984920859336853, 0.17300564050674438, 0.0, 0.0, 1.25, 1.25, 0.0, 0.0, 0.0, 0.0, 0.0, 0.0, 1.25, 1.25, 0.0, 0.0, 0.0, 0.0, 0.0, 0.0]","[8.983026054920629e-05, 0.17182192206382751, 0.006519988179206848, 0.9994686841964722, 0.032594166696071625, 0.36020803451538086, 0.07641065120697021, 0.3696843981742859, 0.07668899744749069, 0.40824586153030396, 0.09526267647743225, 0.33856990933418274, 0.5688275694847107, 0.23159770667552948, 0.036517973989248276, 0.03898007795214653, 0.02666420303285122, -0.32744351029396057, 0.5264036655426025, 0.0, 0.0, 0.9994686841964722, -0.032594166696071625, 0.0, 0.0, -0.20272596180438995, -0.020377125591039658, 0.0, 0.0, 0.9994686841964722, -0.032594166696071625, 0.0, 0.0, 0.15303485095500946, 0.06442748755216599, 0.0, 0.0, 0.9994686841964722, -0.032594166696071625, 0.0, 0.0, 1.25, 1.25, 0.0, 0.0, 0.0, 0.0, 0.0, 0.0, 1.25, 1.25, 0.0, 0.0, 0.0, 0.0, 0.0, 0.0]"
96,-0.3706855773925781,-0.3739929795265198,-0.33027711510658264,0.40003944927462776,0.03144992142915726,0.1364247053861618,0.14000284924815357,0.36685640270712894,False,,-1.0650856801506978,-1.0614336729049683,"[8.983026054920629e-05, 0.17182192206382751, 0.006519988179206848, 0.9994686841964722, 0.032594166696071625, 0.36020803451538086, 0.07641065120697021, 0.3696843981742859, 0.07668899744749069, 0.40824586153030396, 0.09526267647743225, 0.33856990933418274, 0.5688275694847107, 0.23159770667552948, 0.036517973989248276, 0.03898007795214653, 0.02666420303285122, -0.32744351029396057, 0.5264036655426025, 0.0, 0.0, 0.9994686841964722, -0.032594166696071625, 0.0, 0.0, -0.20272596180438995, -0.020377125591039658, 0.0, 0.0, 0.9994686841964722, -0.032594166696071625, 0.0, 0.0, 0.15303485095500946, 0.06442748755216599, 0.0, 0.0, 0.9994686841964722, -0.032594166696071625, 0.0, 0.0, 1.25, 1.25, 0.0, 0.0, 0.0, 0.0, 0.0, 0.0, 1.25, 1.25, 0.0, 0.0, 0.0, 0.0, 0.0, 0.0]","[0.03144992142915726, 0.1364247053861618, 0.04418012872338295, 0.9757004976272583, 0.2191084772348404, 0.07800140976905823, 0.07350846379995346, 0.36029866337776184, 0.08853323757648468, 0.3771439790725708, 0.2960393726825714, 0.42610421776771545, 0.24132268130779266, 0.2424469143152237, 0.031566619873046875, 0.04984996095299721, 0.027333486825227737, -0.22453315556049347, 0.5722013711929321, 0.0, 0.0, 0.9757004976272583, -0.2191084772348404, 0.0, 0.0, -0.20437200367450714, 0.011739760637283325, 0.0, 0.0, 0.9757004976272583, -0.2191084772348404, 0.0, 0.0, 0.16097421944141388, 0.028450651094317436, 0.0, 0.0, 0.9757004976272583, -0.2191084772348404, 0.0, 0.0, 1.25, 1.25, 0.0, 0.0, 0.0, 0.0, 0.0, 0.0, 1.25, 1.25, 0.0, 0.0, 0.0, 0.0, 0.0, 0.0]"
97,-0.35142403841018677,-0.3706855773925781,-0.7707421779632568,0.3998590659839468,0.04160456359386444,0.10482379049062729,0.11277839671080112,0.5069124913041623,True,6.957507984829581,-0.0,0.0009549793321639299,"[0.03144992142915726, 0.1364247053861618, 0.04418012872338295, 0.9757004976272583, 0.2191084772348404, 0.07800140976905823, 0.07350846379995346, 0.36029866337776184, 0.08853323757648468, 0.3771439790725708, 0.2960393726825714, 0.42610421776771545, 0.24132268130779266, 0.2424469143152237, 0.031566619873046875, 0.04984996095299721, 0.027333486825227737, -0.22453315556049347, 0.5722013711929321, 0.0, 0.0, 0.9757004976272583, -0.2191084772348404, 0.0, 0.0, -0.20437200367450714, 0.011739760637283325, 0.0, 0.0, 0.9757004976272583, -0.2191084772348404, 0.0, 0.0, 0.16097421944141388, 0.028450651094317436, 0.0, 0.0, 0.9757004976272583, -0.2191084772348404, 0.0, 0.0, 1.25, 1.25, 0.0, 0.0, 0.0, 0.0, 0.0, 0.0, 1.25, 1.25, 0.0, 0.0, 0.0, 0.0, 0.0, 0.0]","[0.04160456359386444, 0.10482379049062729, 0.07520750164985657, 0.9301270842552185, 0.36723774671554565, 0.07001328468322754, 0.08105851709842682, 0.11334341019392014, 0.31405961513519287, 0.3639647364616394, 0.26809123158454895, 0.39243409037590027, 0.2368151694536209, 0.2588101625442505, 0.029058190062642097, 0.0669742152094841, 0.028659816831350327, -0.13532331585884094, 0.5951685309410095, 0.0, 0.0, 0.9301270842552185, -0.36723774671554565, 0.0, 0.0, -0.20200420916080475, 0.03832266479730606, 0.0, 0.0, 0.9301270842552185, -0.36723774671554565, 0.0, 0.0, 0.16153584420681, -0.0016184872947633266, 0.0, 0.0, 0.9301270842552185, -0.36723774671554565, 0.0, 0.0, 1.25, 1.25, 0.0, 0.0, 0.0, 0.0, 0.0, 0.0, 0.29390397667884827, 0.4997795522212982, 0.0, 0.0, -0.8269371390342712, -0.5622944235801697, 0.0, 1.0]"
98,-0.3224281072616577,-0.35142403841018677,0.4378514885902405,0.39994480221654294,0.04145631939172745,0.07610191404819489,0.08666099318209872,0.6090877119473488,True,6.902748053137108,-0.0,-0.014146549627184868,"[0.04160456359386444, 0.10482379049062729, 0.07520750164985657, 0.9301270842552185, 0.36723774671554565, 0.07001328468322754, 0.08105851709842682, 0.11334341019392014, 0.31405961513519287, 0.3639647364616394, 0.26809123158454895, 0.39243409037590027, 0.2368151694536209, 0.2588101625442505, 0.029058190062642097, 0.0669742152094841, 0.028659816831350327, -0.13532331585884094, 0.5951685309410095, 0.0, 0.0, 0.9301270842552185, -0.36723774671554565, 0.0, 0.0, -0.20200420916080475, 0.03832266479730606, 0.0, 0.0, 0.9301270842552185, -0.36723774671554565, 0.0, 0.0, 0.16153584420681, -0.0016184872947633266, 0.0, 0.0, 0.9301270842552185, -0.36723774671554565, 0.0, 0.0, 1.25, 1.25, 0.0, 0.0, 0.0, 0.0, 0.0, 0.0, 0.29390397667884827, 0.4997795522212982, 0.0, 0.0, -0.8269371390342712, -0.5622944235801697, 0.0, 1.0]","[0.04145631939172745, 0.07610191404819489, 0.09977537393569946, 0.878120481967926, 0.478439599275589, 0.07415272295475006, 0.0898919403553009, 0.06698880344629288, 0.28435030579566956, 0.3601137101650238, 0.25297805666923523, 0.3753037750720978, 0.05572905018925667, 0.27786827087402344, 0.027796156704425812, 0.0943431630730629, 0.030363701283931732, -0.0633423775434494, 0.6036731600761414, 0.0, 0.0, 0.878120481967926, -0.478439599275589, 0.0, 0.0, -0.19775152206420898, 0.05919371545314789, 0.0, 0.0, 0.878120481967926, -0.478439599275589, 0.0, 0.0, 0.15815459191799164, -0.02499096281826496, 0.0, 0.0, 0.878120481967926, -0.478439599275589, 0.0, 0.0, 1.25, 1.25, 0.0, 0.0, 0.0, 0.0, 0.0, 0.0, 0.35036492347717285, 0.4562157690525055, 0.0, 0.0, -0.8985676169395447, -0.43883511424064636, 0.0, 1.0]"
99,-0.3101368844509125,-0.3224281072616577,1.5058437585830688,0.3999809782173339,0.03588072210550308,0.05331147834658623,0.06426149657696177,0.6801500293350398,True,6.85904222085416,-0.0,-0.013989868573844433,"[0.04145631939172745, 0.07610191404819489, 0.09977537393569946, 0.878120481967926, 0.478439599275589, 0.07415272295475006, 0.0898919403553009, 0.06698880344629288, 0.28435030579566956, 0.3601137101650238, 0.25297805666923523, 0.3753037750720978, 0.05572905018925667, 0.27786827087402344, 0.027796156704425812, 0.0943431630730629, 0.030363701283931732, -0.0633423775434494, 0.6036731600761414, 0.0, 0.0, 0.878120481967926, -0.478439599275589, 0.0, 0.0, -0.19775152206420898, 0.05919371545314789, 0.0, 0.0, 0.878120481967926, -0.478439599275589, 0.0, 0.0, 0.15815459191799164, -0.02499096281826496, 0.0, 0.0, 0.878120481967926, -0.478439599275589, 0.0, 0.0, 1.25, 1.25, 0.0, 0.0, 0.0, 0.0, 0.0, 0.0, 0.35036492347717285, 0.4562157690525055, 0.0, 0.0, -0.8985676169395447, -0.43883511424064636, 0.0, 1.0]","[0.03588072210550308, 0.05331147834658623, 0.11835525184869766, 0.8299511075019836, 0.55783611536026, 0.07845292240381241, 0.31871306896209717, 0.06882523000240326, 0.26745346188545227, 0.10529453307390213, 0.43649718165397644, 0.3668564558029175, 0.047801487147808075, 0.2969731390476227, 0.02717316336929798, 0.1385831981897354, 0.03212888166308403, -0.008794790133833885, 0.6043838858604431, 0.0, 0.0, 0.8299511075019836, -0.55783611536026, 0.0, 0.0, -0.1931334286928177, 0.0747208222746849, 0.0, 0.0, 0.8299511075019836, -0.55783611536026, 0.0, 0.0, 0.15342798829078674, -0.04211640730500221, 0.0, 0.0, 0.8299511075019836, -0.55783611536026, 0.0, 0.0, 1.25, 1.25, 0.0, 0.0, 0.0, 0.0, 0.0, 0.0, 0.3887648284435272, 0.4190148413181305, 0.0, 0.0, -0.9424604773521423, -0.3343175947666168, 0.0, 1.0]"
100,-0.29840606451034546,-0.3101368844509125,-1.4744303226470947,0.40003099461330355,0.02861577831208706,0.03496742248535156,0.04518388433585123,0.7281867125000302,True,6.824640489608747,-0.0,-0.013727923855185509,"[0.03588072210550308, 0.05331147834658623, 0.11835525184869766, 0.8299511075019836, 0.55783611536026, 0.07845292240381241, 0.31871306896209717, 0.06882523000240326, 0.26745346188545227, 0.10529453307390213, 0.43649718165397644, 0.3668564558029175, 0.047801487147808075, 0.2969731390476227, 0.02717316336929798, 0.1385831981897354, 0.03212888166308403, -0.008794790133833885, 0.6043838858604431, 0.0, 0.0, 0.8299511075019836, -0.55783611536026, 0.0, 0.0, -0.1931334286928177, 0.0747208222746849, 0.0, 0.0, 0.8299511075019836, -0.55783611536026, 0.0, 0.0, 0.15342798829078674, -0.04211640730500221, 0.0, 0.0, 0.8299511075019836, -0.55783611536026, 0.0, 0.0, 1.25, 1.25, 0.0, 0.0, 0.0, 0.0, 0.0, 0.0, 0.3887648284435272, 0.4190148413181305, 0.0, 0.0, -0.9424604773521423, -0.3343175947666168, 0.0, 1.0]","[0.02861577831208706, 0.03496742248535156, 0.13192316889762878, 0.7902277112007141, 0.6128133535385132, 0.08239174634218216, 0.2993345856666565, 0.07062327861785889, 0.25750795006752014, 0.06571519374847412, 0.43193256855010986, 0.36286461353302, 0.04351852461695671, 0.3141615688800812, 0.026881098747253418, 0.2502360939979553, 0.033748164772987366, 0.030823782086372375, 0.6018282771110535, 0.0, 0.0, 0.7902277112007141, -0.6128133535385132, 0.0, 0.0, -0.18899542093276978, 0.08587939292192459, 0.0, 0.0, 0.7902277112007141, -0.6128133535385132, 0.0, 0.0, 0.14884820580482483, -0.05418124422430992, 0.0, 0.0, 0.7902277112007141, -0.6128133535385132, 0.0, 0.0, 1.25, 1.25, 0.0, 0.0, 0.0, 0.0, 0.0, 0.0, 0.4141343832015991, 0.3897886574268341, 0.0, 0.0, -0.9683656692504883, -0.2495354413986206, 0.0, 1.0]"
101,-0.29780247807502747,-0.29840606451034546,-0.8187557458877563,0.3999796151437863,0.017421700060367584,0.02260642871260643,0.02854060707363402,0.7598458705926608,True,3.6693305971127743,1.0,0.986640214920044,"[0.02861577831208706, 0.03496742248535156, 0.13192316889762878, 0.7902277112007141, 0.6128133535385132, 0.08239174634218216, 0.2993345856666565, 0.07062327861785889, 0.25750795006752014, 0.06571519374847412, 0.43193256855010986, 0.36286461353302, 0.04351852461695671, 0.3141615688800812, 0.026881098747253418, 0.2502360939979553, 0.033748164772987366, 0.030823782086372375, 0.6018282771110535, 0.0, 0.0, 0.7902277112007141, -0.6128133535385132, 0.0, 0.0, -0.18899542093276978, 0.08587939292192459, 0.0, 0.0, 0.7902277112007141, -0.6128133535385132, 0.0, 0.0, 0.14884820580482483, -0.05418124422430992, 0.0, 0.0, 0.7902277112007141, -0.6128133535385132, 0.0, 0.0, 1.25, 1.25, 0.0, 0.0, 0.0, 0.0, 0.0, 0.0, 0.4141343832015991, 0.3897886574268341, 0.0, 0.0, -0.9683656692504883, -0.2495354413986206, 0.0, 1.0]","[0.017421700060367584, 0.02260642871260643, 0.14148007333278656, 0.760053813457489, 0.649860143661499, 0.08566650003194809, 0.2877201735973358, 0.07215716689825058, 0.25159144401550293, 0.06622667610645294, 0.5522182583808899, 0.3610992133617401, 0.04103237763047218, 0.32821446657180786, 0.02674662508070469, 0.2502214014530182, 0.03508345037698746, 0.058562982827425, 0.5985246896743774, 0.0, 0.0, 0.760053813457489, -0.649860143661499, 0.0, 0.0, -0.1856502890586853, 0.09366471320390701, 0.0, 0.0, 0.760053813457489, -0.649860143661499, 0.0, 0.0, 0.14511702954769135, -0.06237318739295006, 0.0, 0.0, 0.760053813457489, -0.649860143661499, 0.0, 0.0, 0.11948969215154648, 0.28146424889564514, 0.0, 0.0, -0.8106517791748047, 0.5855286121368408, 0.0, 1.0, 0.43046000599861145, 0.3682897388935089, 0.0, 0.0, -0.9832246899604797, -0.1823984831571579, 0.0, 1.0]"
102,-0.29501503705978394,-0.29780247807502747,-1.7046444416046143,0.39998364733405867,0.008894110098481178,0.011552099138498306,0.014579306874800262,0.7790169782890646,True,3.64909251216025,1.0,1.0227766036987305,"[0.017421700060367584, 0.02260642871260643, 0.14148007333278656, 0.760053813457489, 0.649860143661499, 0.08566650003194809, 0.2877201735973358, 0.07215716689825058, 0.25159144401550293, 0.06622667610645294, 0.5522182583808899, 0.3610992133617401, 0.04103237763047218, 0.32821446657180786, 0.02674662508070469, 0.2502214014530182, 0.03508345037698746, 0.058562982827425, 0.5985246896743774, 0.0, 0.0, 0.760053813457489, -0.649860143661499, 0.0, 0.0, -0.1856502890586853, 0.09366471320390701, 0.0, 0.0, 0.760053813457489, -0.649860143661499, 0.0, 0.0, 0.14511702954769135, -0.06237318739295006, 0.0, 0.0, 0.760053813457489, -0.649860143661499, 0.0, 0.0, 0.11948969215154648, 0.28146424889564514, 0.0, 0.0, -0.8106517791748047, 0.5855286121368408, 0.0, 1.0, 0.43046000599861145, 0.3682897388935089, 0.0, 0.0, -0.9832246899604797, -0.1823984831571579, 0.0, 1.0]","[0.008894110098481178, 0.011552099138498306, 0.1476094126701355, 0.7397840023040771, 0.6728444695472717, 0.08801267296075821, 0.2810802161693573, 0.07326295971870422, 0.2482672780752182, 0.06663674861192703, 0.5504478216171265, 0.3604050576686859, 0.03963111340999603, 0.33816513419151306, 0.02669549733400345, 0.25044986605644226, 0.03604508563876152, 0.07627929002046585, 0.5957942008972168, 0.0, 0.0, 0.7397840023040771, -0.6728444695472717, 0.0, 0.0, -0.18328917026519775, 0.09865447133779526, 0.0, 0.0, 0.7397840023040771, -0.6728444695472717, 0.0, 0.0, 0.1425410360097885, -0.0674450695514679, 0.0, 0.0, 0.7397840023040771, -0.6728444695472717, 0.0, 0.0, 0.12745872139930725, 0.2760899066925049, 0.0, 0.0, -0.7987966537475586, 0.6016011238098145, 0.0, 1.0, 0.44002047181129456, 0.3541567027568817, 0.0, 0.0, -0.9913457036018372, -0.1312769651412964, 0.0, 1.0]"
103,-0.29357755184173584,-0.29501503705978394,-2.1151585578918457,0.4000024389027995,0.004286627750843763,0.0016920246416702867,0.00460848400912093,0.7888348214469666,True,3.63502953487027,1.0,1.0231249332427979,"[0.008894110098481178, 0.011552099138498306, 0.1476094126701355, 0.7397840023040771, 0.6728444695472717, 0.08801267296075821, 0.2810802161693573, 0.07326295971870422, 0.2482672780752182, 0.06663674861192703, 0.5504478216171265, 0.3604050576686859, 0.03963111340999603, 0.33816513419151306, 0.02669549733400345, 0.25044986605644226, 0.03604508563876152, 0.07627929002046585, 0.5957942008972168, 0.0, 0.0, 0.7397840023040771, -0.6728444695472717, 0.0, 0.0, -0.18328917026519775, 0.09865447133779526, 0.0, 0.0, 0.7397840023040771, -0.6728444695472717, 0.0, 0.0, 0.1425410360097885, -0.0674450695514679, 0.0, 0.0, 0.7397840023040771, -0.6728444695472717, 0.0, 0.0, 0.12745872139930725, 0.2760899066925049, 0.0, 0.0, -0.7987966537475586, 0.6016011238098145, 0.0, 1.0, 0.44002047181129456, 0.3541567027568817, 0.0, 0.0, -0.9913457036018372, -0.1312769651412964, 0.0, 1.0]","[0.004286627750843763, 0.0016920246416702867, 0.15094217658042908, 0.7284696102142334, 0.6850780844688416, 0.08937723189592361, 0.27780771255493164, 0.07390651106834412, 0.24669033288955688, 0.06688696891069412, 0.5498055815696716, 0.3601694107055664, 0.03892523795366287, 0.34380748867988586, 0.02667939104139805, 0.25057128071784973, 0.03660665079951286, 0.08595197647809982, 0.5941827893257141, 0.0, 0.0, 0.7284696102142334, -0.6850780844688416, 0.0, 0.0, -0.18186432123184204, 0.10143724828958511, 0.0, 0.0, 0.7284696102142334, -0.6850780844688416, 0.0, 0.0, 0.14115245640277863, -0.0700681060552597, 0.0, 0.0, 0.7284696102142334, -0.6850780844688416, 0.0, 0.0, 0.13179533183574677, 0.272745281457901, 0.0, 0.0, -0.7950801849365234, 0.6065043210983276, 0.0, 1.0, 0.4446090757846832, 0.346408486366272, 0.0, 0.0, -0.995612621307373, -0.09357113391160965, 0.0, 1.0]"
104,-0.2926754057407379,-0.29357755184173584,0.7520173788070679,0.39986658688157206,-0.004485978279262781,-0.004522855393588543,0.0063702607508115735,0.7918910022938225,True,3.626206748513157,1.0,1.0238502025604248,"[0.004286627750843763, 0.0016920246416702867, 0.15094217658042908, 0.7284696102142334, 0.6850780844688416, 0.08937723189592361, 0.27780771255493164, 0.07390651106834412, 0.24669033288955688, 0.06688696891069412, 0.5498055815696716, 0.3601694107055664, 0.03892523795366287, 0.34380748867988586, 0.02667939104139805, 0.25057128071784973, 0.03660665079951286, 0.08595197647809982, 0.5941827893257141, 0.0, 0.0, 0.7284696102142334, -0.6850780844688416, 0.0, 0.0, -0.18186432123184204, 0.10143724828958511, 0.0, 0.0, 0.7284696102142334, -0.6850780844688416, 0.0, 0.0, 0.14115245640277863, -0.0700681060552597, 0.0, 0.0, 0.7284696102142334, -0.6850780844688416, 0.0, 0.0, 0.13179533183574677, 0.272745281457901, 0.0, 0.0, -0.7950801849365234, 0.6065043210983276, 0.0, 1.0, 0.4446090757846832, 0.346408486366272, 0.0, 0.0, -0.995612621307373, -0.09357113391160965, 0.0, 1.0]","[-0.004485978279262781, -0.004522855393588543, 0.15214668214321136, 0.7243305444717407, 0.6894528865814209, 0.08989975601434708, 0.2768765687942505, 0.07415743917226791, 0.24633336067199707, 0.0669919028878212, 0.5497955679893494, 0.36011841893196106, 0.038665108382701874, 0.34565937519073486, 0.026665883138775826, 0.2504478394985199, 0.03680332750082016, 0.08960745483636856, 0.5937204957008362, 0.0, 0.0, 0.7243305444717407, -0.6894528865814209, 0.0, 0.0, -0.18117153644561768, 0.10259681940078735, 0.0, 0.0, 0.7243305444717407, -0.6894528865814209, 0.0, 0.0, 0.14080603420734406, -0.07085034996271133, 0.0, 0.0, 0.7243305444717407, -0.6894528865814209, 0.0, 0.0, 0.1335400491952896, 0.27107593417167664, 0.0, 0.0, -0.7972017526626587, 0.6037129759788513, 0.0, 1.0, 0.4456760883331299, 0.3436807096004486, 0.0, 0.0, -0.9978089928627014, -0.06616011261940002, 0.0, 1.0]"
105,-0.2921445667743683,-0.2926754057407379,-1.888769268989563,0.3999894864920437,-0.008124979212880135,-0.0110771544277668,0.013737490215695439,0.7885818791361339,True,3.6216832317903798,1.0,1.024715781211853,"[-0.004485978279262781, -0.004522855393588543, 0.15214668214321136, 0.7243305444717407, 0.6894528865814209, 0.08989975601434708, 0.2768765687942505, 0.07415743917226791, 0.24633336067199707, 0.0669919028878212, 0.5497955679893494, 0.36011841893196106, 0.038665108382701874, 0.34565937519073486, 0.026665883138775826, 0.2504478394985199, 0.03680332750082016, 0.08960745483636856, 0.5937204957008362, 0.0, 0.0, 0.7243305444717407, -0.6894528865814209, 0.0, 0.0, -0.18117153644561768, 0.10259681940078735, 0.0, 0.0, 0.7243305444717407, -0.6894528865814209, 0.0, 0.0, 0.14080603420734406, -0.07085034996271133, 0.0, 0.0, 0.7243305444717407, -0.6894528865814209, 0.0, 0.0, 0.1335400491952896, 0.27107593417167664, 0.0, 0.0, -0.7972017526626587, 0.6037129759788513, 0.0, 1.0, 0.4456760883331299, 0.3436807096004486, 0.0, 0.0, -0.9978089928627014, -0.06616011261940002, 0.0, 1.0]","[-0.008124979212880135, -0.0110771544277668, 0.1513182818889618, 0.727180004119873, 0.6864467859268188, 0.08953549712896347, 0.2780175507068634, 0.07398117333650589, 0.24702416360378265, 0.06691651791334152, 0.5502281785011292, 0.36015012860298157, 0.03884636610746384, 0.34379398822784424, 0.02667703479528427, 0.2501038908958435, 0.03667037934064865, 0.08745882660150528, 0.5944312214851379, 0.0, 0.0, 0.727180004119873, -0.6864467859268188, 0.0, 0.0, -0.1812836080789566, 0.10219025611877441, 0.0, 0.0, 0.727180004119873, -0.6864467859268188, 0.0, 0.0, 0.14140914380550385, -0.0699213519692421, 0.0, 0.0, 0.727180004119873, -0.6864467859268188, 0.0, 0.0, 0.13271094858646393, 0.2710631489753723, 0.0, 0.0, -0.8064091205596924, 0.5913580060005188, 0.0, 1.0, 0.44338706135749817, 0.3457496464252472, 0.0, 0.0, -0.9988147616386414, -0.0486735999584198, 0.0, 1.0]"
106,-0.29181966185569763,-0.2921445667743683,0.5202752351760864,0.3999712212371829,-0.01362886093556881,-0.015882136300206184,0.020928165324734047,0.7809619451885311,True,3.620608715009696,1.0,1.0256731510162354,"[-0.008124979212880135, -0.0110771544277668, 0.1513182818889618, 0.727180004119873, 0.6864467859268188, 0.08953549712896347, 0.2780175507068634, 0.07398117333650589, 0.24702416360378265, 0.06691651791334152, 0.5502281785011292, 0.36015012860298157, 0.03884636610746384, 0.34379398822784424, 0.02667703479528427, 0.2501038908958435, 0.03667037934064865, 0.08745882660150528, 0.5944312214851379, 0.0, 0.0, 0.727180004119873, -0.6864467859268188, 0.0, 0.0, -0.1812836080789566, 0.10219025611877441, 0.0, 0.0, 0.727180004119873, -0.6864467859268188, 0.0, 0.0, 0.14140914380550385, -0.0699213519692421, 0.0, 0.0, 0.727180004119873, -0.6864467859268188, 0.0, 0.0, 0.13271094858646393, 0.2710631489753723, 0.0, 0.0, -0.8064091205596924, 0.5913580060005188, 0.0, 1.0, 0.44338706135749817, 0.3457496464252472, 0.0, 0.0, -0.9988147616386414, -0.0486735999584198, 0.0, 1.0]","[-0.01362886093556881, -0.015882136300206184, 0.14914333820343018, 0.7346018552780151, 0.6784984469413757, 0.08863186091184616, 0.28065070509910583, 0.07355473935604095, 0.24850036203861237, 0.06674894690513611, 0.5510596036911011, 0.36028555035591125, 0.03929964452981949, 0.3394685387611389, 0.02668575383722782, 0.24957068264484406, 0.0362982340157032, 0.08152145147323608, 0.5959208607673645, 0.0, 0.0, 0.7346018552780151, -0.6784984469413757, 0.0, 0.0, -0.18185217678546906, 0.10078654438257217, 0.0, 0.0, 0.7346018552780151, -0.6784984469413757, 0.0, 0.0, 0.14269264042377472, -0.06780531257390976, 0.0, 0.0, 0.7346018552780151, -0.6784984469413757, 0.0, 0.0, 0.13039450347423553, 0.2720857560634613, 0.0, 0.0, -0.8169098496437073, 0.5767653584480286, 0.0, 1.0, 0.43887194991111755, 0.35099026560783386, 0.0, 0.0, -0.999289870262146, -0.03767954185605049, 0.0, 1.0]"
107,-0.29169219732284546,-0.29181966185569763,0.39435112476348877,0.4000477345813617,-0.01811814121901989,-0.019863009452819824,0.02688505506327181,0.7686714785218377,True,3.622240734195528,1.0,1.02663254737854,"[-0.01362886093556881, -0.015882136300206184, 0.14914333820343018, 0.7346018552780151, 0.6784984469413757, 0.08863186091184616, 0.28065070509910583, 0.07355473935604095, 0.24850036203861237, 0.06674894690513611, 0.5510596036911011, 0.36028555035591125, 0.03929964452981949, 0.3394685387611389, 0.02668575383722782, 0.24957068264484406, 0.0362982340157032, 0.08152145147323608, 0.5959208607673645, 0.0, 0.0, 0.7346018552780151, -0.6784984469413757, 0.0, 0.0, -0.18185217678546906, 0.10078654438257217, 0.0, 0.0, 0.7346018552780151, -0.6784984469413757, 0.0, 0.0, 0.14269264042377472, -0.06780531257390976, 0.0, 0.0, 0.7346018552780151, -0.6784984469413757, 0.0, 0.0, 0.13039450347423553, 0.2720857560634613, 0.0, 0.0, -0.8169098496437073, 0.5767653584480286, 0.0, 1.0, 0.43887194991111755, 0.35099026560783386, 0.0, 0.0, -0.999289870262146, -0.03767954185605049, 0.0, 1.0]","[-0.01811814121901989, -0.019863009452819824, 0.14557544887065887, 0.7465882897377014, 0.6652863621711731, 0.08720134943723679, 0.28486546874046326, 0.0728767067193985, 0.2507816553115845, 0.06648591160774231, 0.5523512363433838, 0.36059319972991943, 0.04008777067065239, 0.33293086290359497, 0.026714030653238297, 0.2489740550518036, 0.03572230041027069, 0.07154864072799683, 0.5980422496795654, 0.0, 0.0, 0.7465882897377014, -0.6652863621711731, 0.0, 0.0, -0.1829506754875183, 0.09828852862119675, 0.0, 0.0, 0.7465882897377014, -0.6652863621711731, 0.0, 0.0, 0.1445494443178177, -0.06448670476675034, 0.0, 0.0, 0.7465882897377014, -0.6652863621711731, 0.0, 0.0, 0.12633465230464935, 0.27414417266845703, 0.0, 0.0, -0.8304339647293091, 0.5571171045303345, 0.0, 1.0, 0.4318575859069824, 0.3593668043613434, 0.0, 0.0, -0.999442458152771, -0.03338775411248207, 0.0, 1.0]"
108,-0.2916201949119568,-0.29169219732284546,-0.6848410367965698,0.39989910531417894,-0.01901775225996971,-0.023064149543642998,0.02989364305656155,0.7531624123622349,True,3.6261903228357477,1.0,1.0274759531021118,"[-0.01811814121901989, -0.019863009452819824, 0.14557544887065887, 0.7465882897377014, 0.6652863621711731, 0.08720134943723679, 0.28486546874046326, 0.0728767067193985, 0.2507816553115845, 0.06648591160774231, 0.5523512363433838, 0.36059319972991943, 0.04008777067065239, 0.33293086290359497, 0.026714030653238297, 0.2489740550518036, 0.03572230041027069, 0.07154864072799683, 0.5980422496795654, 0.0, 0.0, 0.7465882897377014, -0.6652863621711731, 0.0, 0.0, -0.1829506754875183, 0.09828852862119675, 0.0, 0.0, 0.7465882897377014, -0.6652863621711731, 0.0, 0.0, 0.1445494443178177, -0.06448670476675034, 0.0, 0.0, 0.7465882897377014, -0.6652863621711731, 0.0, 0.0, 0.12633465230464935, 0.27414417266845703, 0.0, 0.0, -0.8304339647293091, 0.5571171045303345, 0.0, 1.0, 0.4318575859069824, 0.3593668043613434, 0.0, 0.0, -0.999442458152771, -0.03338775411248207, 0.0, 1.0]","[-0.01901775225996971, -0.023064149543642998, 0.14114229381084442, 0.7611503005027771, 0.6485755443572998, 0.08554539084434509, 0.2903197407722473, 0.07210104167461395, 0.2537217438220978, 0.06620775908231735, 0.5541632175445557, 0.3611527681350708, 0.041105374693870544, 0.3252909779548645, 0.026744810864329338, 0.2483835220336914, 0.035025857388973236, 0.05906940624117851, 0.6003931164741516, 0.0, 0.0, 0.7611503005027771, -0.6485755443572998, 0.0, 0.0, -0.1842908412218094, 0.09512142091989517, 0.0, 0.0, 0.7611503005027771, -0.6485755443572998, 0.0, 0.0, 0.14673608541488647, -0.06035468354821205, 0.0, 0.0, 0.7611503005027771, -0.6485755443572998, 0.0, 0.0, 0.12120924144983292, 0.27680787444114685, 0.0, 0.0, -0.846639096736908, 0.5321674942970276, 0.0, 1.0, 0.42312851548194885, 0.36957311630249023, 0.0, 0.0, -0.9994521737098694, -0.033096879720687866, 0.0, 1.0]"
109,-0.2895214557647705,-0.2916201949119568,-0.6949149370193481,0.40001698720581164,-0.021833065897226334,-0.025758743286132812,0.03376678282208004,0.7338234432452403,True,6.741642070810283,-0.0,-0.005452927201986313,"[-0.01901775225996971, -0.023064149543642998, 0.14114229381084442, 0.7611503005027771, 0.6485755443572998, 0.08554539084434509, 0.2903197407722473, 0.07210104167461395, 0.2537217438220978, 0.06620775908231735, 0.5541632175445557, 0.3611527681350708, 0.041105374693870544, 0.3252909779548645, 0.026744810864329338, 0.2483835220336914, 0.035025857388973236, 0.05906940624117851, 0.6003931164741516, 0.0, 0.0, 0.7611503005027771, -0.6485755443572998, 0.0, 0.0, -0.1842908412218094, 0.09512142091989517, 0.0, 0.0, 0.7611503005027771, -0.6485755443572998, 0.0, 0.0, 0.14673608541488647, -0.06035468354821205, 0.0, 0.0, 0.7611503005027771, -0.6485755443572998, 0.0, 0.0, 0.12120924144983292, 0.27680787444114685, 0.0, 0.0, -0.846639096736908, 0.5321674942970276, 0.0, 1.0, 0.42312851548194885, 0.36957311630249023, 0.0, 0.0, -0.9994521737098694, -0.033096879720687866, 0.0, 1.0]","[-0.021833065897226334, -0.025758743286132812, 0.13574954867362976, 0.7783594727516174, 0.6278188824653625, 0.08364326506853104, 0.29723823070526123, 0.07120469957590103, 0.2574085295200348, 0.06589603424072266, 0.42882871627807617, 0.3620559871196747, 0.042476896196603775, 0.3167349100112915, 0.026820184662938118, 0.24794240295886993, 0.0342615470290184, 0.0436866395175457, 0.602806568145752, 0.0, 0.0, 0.7783594727516174, -0.6278188824653625, 0.0, 0.0, -0.18596284091472626, 0.09115742892026901, 0.0, 0.0, 0.7783594727516174, -0.6278188824653625, 0.0, 0.0, 0.14913497865200043, -0.055337145924568176, 0.0, 0.0, 0.7783594727516174, -0.6278188824653625, 0.0, 0.0, 1.25, 1.25, 0.0, 0.0, 0.0, 0.0, 0.0, 0.0, 0.4122645854949951, 0.3816557228565216, 0.0, 0.0, -0.9993188381195068, -0.03690319508314133, 0.0, 1.0]"
110,-0.28912582993507385,-0.2895214557647705,-0.2594578266143799,0.40001635894274956,-0.017728812992572784,-0.027919579297304153,0.033072854703881736,0.7123862338616924,True,6.741497747985114,-0.0,-0.0043630595318973064,"[-0.021833065897226334, -0.025758743286132812, 0.13574954867362976, 0.7783594727516174, 0.6278188824653625, 0.08364326506853104, 0.29723823070526123, 0.07120469957590103, 0.2574085295200348, 0.06589603424072266, 0.42882871627807617, 0.3620559871196747, 0.042476896196603775, 0.3167349100112915, 0.026820184662938118, 0.24794240295886993, 0.0342615470290184, 0.0436866395175457, 0.602806568145752, 0.0, 0.0, 0.7783594727516174, -0.6278188824653625, 0.0, 0.0, -0.18596284091472626, 0.09115742892026901, 0.0, 0.0, 0.7783594727516174, -0.6278188824653625, 0.0, 0.0, 0.14913497865200043, -0.055337145924568176, 0.0, 0.0, 0.7783594727516174, -0.6278188824653625, 0.0, 0.0, 1.25, 1.25, 0.0, 0.0, 0.0, 0.0, 0.0, 0.0, 0.4122645854949951, 0.3816557228565216, 0.0, 0.0, -0.9993188381195068, -0.03690319508314133, 0.0, 1.0]","[-0.017728812992572784, -0.027919579297304153, 0.129972442984581, 0.7961671948432922, 0.6050767302513123, 0.0817718356847763, 0.30520573258399963, 0.0703338086605072, 0.2616561949253082, 0.06562647968530655, 0.4229675829410553, 0.36333099007606506, 0.04407334700226784, 0.3082200288772583, 0.02691458910703659, 0.24766603112220764, 0.03349517658352852, 0.02711990289390087, 0.6049502491950989, 0.0, 0.0, 0.7961671948432922, -0.6050767302513123, 0.0, 0.0, -0.18765653669834137, 0.08688196539878845, 0.0, 0.0, 0.7961671948432922, -0.6050767302513123, 0.0, 0.0, 0.15153194963932037, -0.049872953444719315, 0.0, 0.0, 0.7961671948432922, -0.6050767302513123, 0.0, 0.0, 1.25, 1.25, 0.0, 0.0, 0.0, 0.0, 0.0, 0.0, 0.40021252632141113, 0.3942582905292511, 0.0, 0.0, -0.9991301894187927, -0.041699398308992386, 0.0, 1.0]"
111,-0.2888208329677582,-0.28912582993507385,-1.2907741069793701,0.39984691681087403,-0.02437927946448326,-0.028837602585554123,0.03776184039595704,0.6895062971415354,True,6.740667645863487,-0.0,-0.0030675360467284918,"[-0.017728812992572784, -0.027919579297304153, 0.129972442984581, 0.7961671948432922, 0.6050767302513123, 0.0817718356847763, 0.30520573258399963, 0.0703338086605072, 0.2616561949253082, 0.06562647968530655, 0.4229675829410553, 0.36333099007606506, 0.04407334700226784, 0.3082200288772583, 0.02691458910703659, 0.24766603112220764, 0.03349517658352852, 0.02711990289390087, 0.6049502491950989, 0.0, 0.0, 0.7961671948432922, -0.6050767302513123, 0.0, 0.0, -0.18765653669834137, 0.08688196539878845, 0.0, 0.0, 0.7961671948432922, -0.6050767302513123, 0.0, 0.0, 0.15153194963932037, -0.049872953444719315, 0.0, 0.0, 0.7961671948432922, -0.6050767302513123, 0.0, 0.0, 1.25, 1.25, 0.0, 0.0, 0.0, 0.0, 0.0, 0.0, 0.40021252632141113, 0.3942582905292511, 0.0, 0.0, -0.9991301894187927, -0.041699398308992386, 0.0, 1.0]","[-0.02437927946448326, -0.028837602585554123, 0.12402603775262833, 0.8138028383255005, 0.5811411142349243, 0.08001302927732468, 0.3140745162963867, 0.06953120231628418, 0.2663802206516266, 0.09789005666971207, 0.42497241497039795, 0.36498337984085083, 0.045869167894124985, 0.3000868856906891, 0.02702469192445278, 0.24758507311344147, 0.03275543078780174, 0.009995103813707829, 0.6066845059394836, 0.0, 0.0, 0.8138028383255005, -0.5811411142349243, 0.0, 0.0, -0.18928545713424683, 0.08246031403541565, 0.0, 0.0, 0.8138028383255005, -0.5811411142349243, 0.0, 0.0, 0.1538180112838745, -0.04415050521492958, 0.0, 0.0, 0.8138028383255005, -0.5811411142349243, 0.0, 0.0, 1.25, 1.25, 0.0, 0.0, 0.0, 0.0, 0.0, 0.0, 0.38731107115745544, 0.40684404969215393, 0.0, 0.0, -0.9989163279533386, -0.046542029827833176, 0.0, 1.0]"
112,-0.28845497965812683,-0.2888208329677582,-1.9084521532058716,0.3998964604011731,-0.019443953409790993,-0.02903025411069393,0.0349402773018988,0.664060898940504,True,6.738358563923917,-0.0,-0.0019594766199588776,"[-0.02437927946448326, -0.028837602585554123, 0.12402603775262833, 0.8138028383255005, 0.5811411142349243, 0.08001302927732468, 0.3140745162963867, 0.06953120231628418, 0.2663802206516266, 0.09789005666971207, 0.42497241497039795, 0.36498337984085083, 0.045869167894124985, 0.3000868856906891, 0.02702469192445278, 0.24758507311344147, 0.03275543078780174, 0.009995103813707829, 0.6066845059394836, 0.0, 0.0, 0.8138028383255005, -0.5811411142349243, 0.0, 0.0, -0.18928545713424683, 0.08246031403541565, 0.0, 0.0, 0.8138028383255005, -0.5811411142349243, 0.0, 0.0, 0.1538180112838745, -0.04415050521492958, 0.0, 0.0, 0.8138028383255005, -0.5811411142349243, 0.0, 0.0, 1.25, 1.25, 0.0, 0.0, 0.0, 0.0, 0.0, 0.0, 0.38731107115745544, 0.40684404969215393, 0.0, 0.0, -0.9989163279533386, -0.046542029827833176, 0.0, 1.0]","[-0.019443953409790993, -0.02903025411069393, 0.11763368546962738, 0.8319582939147949, 0.5548381805419922, 0.0782623440027237, 0.0986519530415535, 0.06873958557844162, 0.27176374197006226, 0.16445283591747284, 0.4460686147212982, 0.3671242594718933, 0.04804961755871773, 0.29212409257888794, 0.027186831459403038, 0.1360514611005783, 0.03204459324479103, -0.008584880270063877, 0.6079198122024536, 0.0, 0.0, 0.8319582939147949, -0.5548381805419922, 0.0, 0.0, -0.19101138412952423, 0.07759511470794678, 0.0, 0.0, 0.8319582939147949, -0.5548381805419922, 0.0, 0.0, 0.15596231818199158, -0.03798636421561241, 0.0, 0.0, 0.8319582939147949, -0.5548381805419922, 0.0, 0.0, 1.25, 1.25, 0.0, 0.0, 0.0, 0.0, 0.0, 0.0, 0.37289002537727356, 0.4198438227176666, 0.0, 0.0, -0.9985949993133545, -0.05299094691872597, 0.0, 1.0]"
113,-0.28847283124923706,-0.28845497965812683,0.9509019255638123,0.3998836269695585,-0.016347454860806465,-0.028997253626585007,0.03328783559065687,0.6375182969497802,True,6.734537489849007,-0.0,-0.0007862777565605938,"[-0.019443953409790993, -0.02903025411069393, 0.11763368546962738, 0.8319582939147949, 0.5548381805419922, 0.0782623440027237, 0.0986519530415535, 0.06873958557844162, 0.27176374197006226, 0.16445283591747284, 0.4460686147212982, 0.3671242594718933, 0.04804961755871773, 0.29212409257888794, 0.027186831459403038, 0.1360514611005783, 0.03204459324479103, -0.008584880270063877, 0.6079198122024536, 0.0, 0.0, 0.8319582939147949, -0.5548381805419922, 0.0, 0.0, -0.19101138412952423, 0.07759511470794678, 0.0, 0.0, 0.8319582939147949, -0.5548381805419922, 0.0, 0.0, 0.15596231818199158, -0.03798636421561241, 0.0, 0.0, 0.8319582939147949, -0.5548381805419922, 0.0, 0.0, 1.25, 1.25, 0.0, 0.0, 0.0, 0.0, 0.0, 0.0, 0.37289002537727356, 0.4198438227176666, 0.0, 0.0, -0.9985949993133545, -0.05299094691872597, 0.0, 1.0]","[-0.016347454860806465, -0.028997253626585007, 0.11120633035898209, 0.8493563532829285, 0.527819812297821, 0.07665963470935822, 0.09521911293268204, 0.06803514808416367, 0.27760937809944153, 0.36019718647003174, 0.2639319598674774, 0.3696897327899933, 0.05050759017467499, 0.2847747802734375, 0.02737586572766304, 0.11725381016731262, 0.03138719126582146, -0.027347585186362267, 0.6085608601570129, 0.0, 0.0, 0.8493563532829285, -0.527819812297821, 0.0, 0.0, -0.19263988733291626, 0.07264837622642517, 0.0, 0.0, 0.8493563532829285, -0.527819812297821, 0.0, 0.0, 0.157867893576622, -0.03172437474131584, 0.0, 0.0, 0.8493563532829285, -0.527819812297821, 0.0, 0.0, 1.25, 1.25, 0.0, 0.0, 0.0, 0.0, 0.0, 0.0, 0.3577825725078583, 0.43237707018852234, 0.0, 0.0, -0.9982507228851318, -0.059123020619153976, 0.0, 1.0]"
114,-0.28844261169433594,-0.28847283124923706,-1.8122485876083374,0.40011124198964937,-0.01661643572151661,-0.029058653861284256,0.0334740391993142,0.6100349025955617,True,6.728908173889,-0.0,0.0004650575574487448,"[-0.016347454860806465, -0.028997253626585007, 0.11120633035898209, 0.8493563532829285, 0.527819812297821, 0.07665963470935822, 0.09521911293268204, 0.06803514808416367, 0.27760937809944153, 0.36019718647003174, 0.2639319598674774, 0.3696897327899933, 0.05050759017467499, 0.2847747802734375, 0.02737586572766304, 0.11725381016731262, 0.03138719126582146, -0.027347585186362267, 0.6085608601570129, 0.0, 0.0, 0.8493563532829285, -0.527819812297821, 0.0, 0.0, -0.19263988733291626, 0.07264837622642517, 0.0, 0.0, 0.8493563532829285, -0.527819812297821, 0.0, 0.0, 0.157867893576622, -0.03172437474131584, 0.0, 0.0, 0.8493563532829285, -0.527819812297821, 0.0, 0.0, 1.25, 1.25, 0.0, 0.0, 0.0, 0.0, 0.0, 0.0, 0.3577825725078583, 0.43237707018852234, 0.0, 0.0, -0.9982507228851318, -0.059123020619153976, 0.0, 1.0]","[-0.01661643572151661, -0.029058653861284256, 0.10479025542736053, 0.8658490777015686, 0.5003052353858948, 0.07518129050731659, 0.0920916274189949, 0.06739834696054459, 0.2838943302631378, 0.3599925935268402, 0.2545604109764099, 0.37265655398368835, 0.05331561341881752, 0.27805882692337036, 0.027612436562776566, 0.10319650173187256, 0.030806848779320717, -0.046170059591531754, 0.6085904240608215, 0.0, 0.0, 0.8658490777015686, -0.5003052353858948, 0.0, 0.0, -0.19418799877166748, 0.06765195727348328, 0.0, 0.0, 0.8658490777015686, -0.5003052353858948, 0.0, 0.0, 0.15948660671710968, -0.025424281135201454, 0.0, 0.0, 0.8658490777015686, -0.5003052353858948, 0.0, 0.0, 1.25, 1.25, 0.0, 0.0, 0.0, 0.0, 0.0, 0.0, 0.34207239747047424, 0.4443179666996002, 0.0, 0.0, -0.9978930354118347, -0.06488027423620224, 0.0, 1.0]"
115,-0.2884347438812256,-0.28844261169433594,0.07665476202964783,0.40005391488432646,-0.01518690399825573,-0.028013577684760094,0.031865382278458934,0.583266502506508,True,6.721723998180785,-0.0,0.0016697922255843878,"[-0.01661643572151661, -0.029058653861284256, 0.10479025542736053, 0.8658490777015686, 0.5003052353858948, 0.07518129050731659, 0.0920916274189949, 0.06739834696054459, 0.2838943302631378, 0.3599925935268402, 0.2545604109764099, 0.37265655398368835, 0.05331561341881752, 0.27805882692337036, 0.027612436562776566, 0.10319650173187256, 0.030806848779320717, -0.046170059591531754, 0.6085904240608215, 0.0, 0.0, 0.8658490777015686, -0.5003052353858948, 0.0, 0.0, -0.19418799877166748, 0.06765195727348328, 0.0, 0.0, 0.8658490777015686, -0.5003052353858948, 0.0, 0.0, 0.15948660671710968, -0.025424281135201454, 0.0, 0.0, 0.8658490777015686, -0.5003052353858948, 0.0, 0.0, 1.25, 1.25, 0.0, 0.0, 0.0, 0.0, 0.0, 0.0, 0.34207239747047424, 0.4443179666996002, 0.0, 0.0, -0.9978930354118347, -0.06488027423620224, 0.0, 1.0]","[-0.01518690399825573, -0.028013577684760094, 0.09877166897058487, 0.8805104494094849, 0.47402670979499817, 0.0739332064986229, 0.08944368362426758, 0.06689200550317764, 0.29030945897102356, 0.3601556718349457, 0.25786933302879333, 0.3758566677570343, 0.05626319721341133, 0.27220436930656433, 0.027845263481140137, 0.09278955310583115, 0.0302895437926054, -0.063817597925663, 0.6081100702285767, 0.0, 0.0, 0.8805104494094849, -0.47402670979499817, 0.0, 0.0, -0.19549256563186646, 0.06296294182538986, 0.0, 0.0, 0.8805104494094849, -0.47402670979499817, 0.0, 0.0, 0.16082186996936798, -0.01942935585975647, 0.0, 0.0, 0.8805104494094849, -0.47402670979499817, 0.0, 0.0, 1.25, 1.25, 0.0, 0.0, 0.0, 0.0, 0.0, 0.0, 0.32671305537223816, 0.45499396324157715, 0.0, 0.0, -0.9976438879966736, -0.06860557198524475, 0.0, 1.0]"
116,-0.2884674668312073,-0.2884347438812256,-0.19573204219341278,0.40010040295963056,-0.01055310107767582,-0.02635316178202629,0.028387621919866653,0.5565644842490387,True,6.712678435740108,-0.0,0.002823656890541315,"[-0.01518690399825573, -0.028013577684760094, 0.09877166897058487, 0.8805104494094849, 0.47402670979499817, 0.0739332064986229, 0.08944368362426758, 0.06689200550317764, 0.29030945897102356, 0.3601556718349457, 0.25786933302879333, 0.3758566677570343, 0.05626319721341133, 0.27220436930656433, 0.027845263481140137, 0.09278955310583115, 0.0302895437926054, -0.063817597925663, 0.6081100702285767, 0.0, 0.0, 0.8805104494094849, -0.47402670979499817, 0.0, 0.0, -0.19549256563186646, 0.06296294182538986, 0.0, 0.0, 0.8805104494094849, -0.47402670979499817, 0.0, 0.0, 0.16082186996936798, -0.01942935585975647, 0.0, 0.0, 0.8805104494094849, -0.47402670979499817, 0.0, 0.0, 1.25, 1.25, 0.0, 0.0, 0.0, 0.0, 0.0, 0.0, 0.32671305537223816, 0.45499396324157715, 0.0, 0.0, -0.9976438879966736, -0.06860557198524475, 0.0, 1.0]","[-0.01055310107767582, -0.02635316178202629, 0.09297077357769012, 0.8938871026039124, 0.44829216599464417, 0.07282277941703796, 0.0870954841375351, 0.07427714765071869, 0.29694244265556335, 0.3606153726577759, 0.2613092362880707, 0.37931403517723083, 0.059499941766262054, 0.26699957251548767, 0.028104910627007484, 0.08465497195720673, 0.029839742928743362, -0.08086296170949936, 0.6071353554725647, 0.0, 0.0, 0.8938871026039124, -0.44829216599464417, 0.0, 0.0, -0.19667303562164307, 0.058398839086294174, 0.0, 0.0, 0.8938871026039124, -0.44829216599464417, 0.0, 0.0, 0.16188035905361176, -0.013625245541334152, 0.0, 0.0, 0.8938871026039124, -0.44829216599464417, 0.0, 0.0, 1.25, 1.25, 0.0, 0.0, 0.0, 0.0, 0.0, 0.0, 0.3113365173339844, 0.46474358439445496, 0.0, 0.0, -0.9974573850631714, -0.071265310049057, 0.0, 1.0]"
117,-0.2880512475967407,-0.2884674668312073,0.5800740122795105,0.39995259809916817,-0.010155219584703445,-0.02431281842291355,0.026348465315443118,0.531079560431353,True,6.701899981440663,-0.0,0.0040244851261377335,"[-0.01055310107767582, -0.02635316178202629, 0.09297077357769012, 0.8938871026039124, 0.44829216599464417, 0.07282277941703796, 0.0870954841375351, 0.07427714765071869, 0.29694244265556335, 0.3606153726577759, 0.2613092362880707, 0.37931403517723083, 0.059499941766262054, 0.26699957251548767, 0.028104910627007484, 0.08465497195720673, 0.029839742928743362, -0.08086296170949936, 0.6071353554725647, 0.0, 0.0, 0.8938871026039124, -0.44829216599464417, 0.0, 0.0, -0.19667303562164307, 0.058398839086294174, 0.0, 0.0, 0.8938871026039124, -0.44829216599464417, 0.0, 0.0, 0.16188035905361176, -0.013625245541334152, 0.0, 0.0, 0.8938871026039124, -0.44829216599464417, 0.0, 0.0, 1.25, 1.25, 0.0, 0.0, 0.0, 0.0, 0.0, 0.0, 0.3113365173339844, 0.46474358439445496, 0.0, 0.0, -0.9974573850631714, -0.071265310049057, 0.0, 1.0]","[-0.010155219584703445, -0.02431281842291355, 0.08763350546360016, 0.9055306911468506, 0.4242808222770691, 0.07189670950174332, 0.0851193517446518, 0.09075309336185455, 0.303514301776886, 0.3613209128379822, 0.2647436559200287, 0.3828522562980652, 0.06284400075674057, 0.26252368092536926, 0.02835581824183464, 0.07835409045219421, 0.02944517321884632, -0.09652253240346909, 0.6058250069618225, 0.0, 0.0, 0.9055306911468506, -0.4242808222770691, 0.0, 0.0, -0.19764935970306396, 0.05419373884797096, 0.0, 0.0, 0.9055306911468506, -0.4242808222770691, 0.0, 0.0, 0.16269761323928833, -0.008237083442509174, 0.0, 0.0, 0.9055306911468506, -0.4242808222770691, 0.0, 0.0, 1.25, 1.25, 0.0, 0.0, 0.0, 0.0, 0.0, 0.0, 0.2966035008430481, 0.4732222557067871, 0.0, 0.0, -0.9974334239959717, -0.07160019129514694, 0.0, 1.0]"
118,-0.28767910599708557,-0.2880512475967407,-0.6972043514251709,0.40006287531009177,-0.008423939347267151,-0.0224798284471035,0.024006362513667903,0.5059350159082648,True,6.689112237884051,-0.0,0.005220682825893164,"[-0.010155219584703445, -0.02431281842291355, 0.08763350546360016, 0.9055306911468506, 0.4242808222770691, 0.07189670950174332, 0.0851193517446518, 0.09075309336185455, 0.303514301776886, 0.3613209128379822, 0.2647436559200287, 0.3828522562980652, 0.06284400075674057, 0.26252368092536926, 0.02835581824183464, 0.07835409045219421, 0.02944517321884632, -0.09652253240346909, 0.6058250069618225, 0.0, 0.0, 0.9055306911468506, -0.4242808222770691, 0.0, 0.0, -0.19764935970306396, 0.05419373884797096, 0.0, 0.0, 0.9055306911468506, -0.4242808222770691, 0.0, 0.0, 0.16269761323928833, -0.008237083442509174, 0.0, 0.0, 0.9055306911468506, -0.4242808222770691, 0.0, 0.0, 1.25, 1.25, 0.0, 0.0, 0.0, 0.0, 0.0, 0.0, 0.2966035008430481, 0.4732222557067871, 0.0, 0.0, -0.9974334239959717, -0.07160019129514694, 0.0, 1.0]","[-0.008423939347267151, -0.0224798284471035, 0.08253906667232513, 0.9160431027412415, 0.40107983350753784, 0.07106304913759232, 0.08334818482398987, 0.11160801351070404, 0.3101663291454315, 0.3622211217880249, 0.268211305141449, 0.38653260469436646, 0.06649761646986008, 0.25857841968536377, 0.028636878356337547, 0.0732446238398552, 0.029115287587046623, -0.11150135844945908, 0.6041519641876221, 0.0, 0.0, 0.9160431027412415, -0.40107983350753784, 0.0, 0.0, -0.1985456496477127, 0.05012400448322296, 0.0, 0.0, 0.9160431027412415, -0.40107983350753784, 0.0, 0.0, 0.1632739007472992, -0.003108483739197254, 0.0, 0.0, 0.9160431027412415, -0.40107983350753784, 0.0, 0.0, 1.25, 1.25, 0.0, 0.0, 0.0, 0.0, 0.0, 0.0, 0.28202134370803833, 0.48081985116004944, 0.0, 0.0, -0.997495710849762, -0.07072682678699493, 0.0, 1.0]"
119,-0.2872810959815979,-0.28767910599708557,-1.0013151168823242,0.400031976684166,-0.0066865370608866215,-0.020375175401568413,0.021444289461562693,0.48246695579439136,True,6.674610879453796,-0.0,0.006411616690456867,"[-0.008423939347267151, -0.0224798284471035, 0.08253906667232513, 0.9160431027412415, 0.40107983350753784, 0.07106304913759232, 0.08334818482398987, 0.11160801351070404, 0.3101663291454315, 0.3622211217880249, 0.268211305141449, 0.38653260469436646, 0.06649761646986008, 0.25857841968536377, 0.028636878356337547, 0.0732446238398552, 0.029115287587046623, -0.11150135844945908, 0.6041519641876221, 0.0, 0.0, 0.9160431027412415, -0.40107983350753784, 0.0, 0.0, -0.1985456496477127, 0.05012400448322296, 0.0, 0.0, 0.9160431027412415, -0.40107983350753784, 0.0, 0.0, 0.1632739007472992, -0.003108483739197254, 0.0, 0.0, 0.9160431027412415, -0.40107983350753784, 0.0, 0.0, 1.25, 1.25, 0.0, 0.0, 0.0, 0.0, 0.0, 0.0, 0.28202134370803833, 0.48081985116004944, 0.0, 0.0, -0.997495710849762, -0.07072682678699493, 0.0, 1.0]","[-0.0066865370608866215, -0.020375175401568413, 0.07796645164489746, 0.9249728322029114, 0.3800332546234131, 0.07037866860628128, 0.08187491446733475, 0.13745275139808655, 0.3165351152420044, 0.36324289441108704, 0.2715393602848053, 0.39012375473976135, 0.6096439361572266, 0.2552463412284851, 0.02890053763985634, 0.06921020150184631, 0.028831981122493744, -0.12491417676210403, 0.6023378968238831, 0.0, 0.0, 0.9249728322029114, -0.3800332546234131, 0.0, 0.0, -0.19927002489566803, 0.04646478593349457, 0.0, 0.0, 0.9249728322029114, -0.3800332546234131, 0.0, 0.0, 0.1636713147163391, 0.001518051722086966, 0.0, 0.0, 0.9249728322029114, -0.3800332546234131, 0.0, 0.0, 1.25, 1.25, 0.0, 0.0, 0.0, 0.0, 0.0, 0.0, 0.268356591463089, 0.4871988594532013, 0.0, 0.0, -0.9977365732192993, -0.06724342703819275, 0.0, 1.0]"
120,-0.2869695723056793,-0.2872810959815979,-0.6770604848861694,0.4000331757041814,-0.00601573521271348,-0.018128950148820877,0.0191009922163199,0.4608435157340368,True,6.6584325240210145,-0.0,0.007612382527440786,"[-0.0066865370608866215, -0.020375175401568413, 0.07796645164489746, 0.9249728322029114, 0.3800332546234131, 0.07037866860628128, 0.08187491446733475, 0.13745275139808655, 0.3165351152420044, 0.36324289441108704, 0.2715393602848053, 0.39012375473976135, 0.6096439361572266, 0.2552463412284851, 0.02890053763985634, 0.06921020150184631, 0.028831981122493744, -0.12491417676210403, 0.6023378968238831, 0.0, 0.0, 0.9249728322029114, -0.3800332546234131, 0.0, 0.0, -0.19927002489566803, 0.04646478593349457, 0.0, 0.0, 0.9249728322029114, -0.3800332546234131, 0.0, 0.0, 0.1636713147163391, 0.001518051722086966, 0.0, 0.0, 0.9249728322029114, -0.3800332546234131, 0.0, 0.0, 1.25, 1.25, 0.0, 0.0, 0.0, 0.0, 0.0, 0.0, 0.268356591463089, 0.4871988594532013, 0.0, 0.0, -0.9977365732192993, -0.06724342703819275, 0.0, 1.0]","[-0.00601573521271348, -0.018128950148820877, 0.07393442839384079, 0.9324458241462708, 0.3613097369670868, 0.06981398165225983, 0.08065041154623032, 0.16941820085048676, 0.1038462221622467, 0.3643050789833069, 0.27465468645095825, 0.3935161828994751, 0.6054977178573608, 0.25246092677116394, 0.02915194258093834, 0.06603590399026871, 0.028600994497537613, -0.1367197483778, 0.6005013585090637, 0.0, 0.0, 0.9324458241462708, -0.3613097369670868, 0.0, 0.0, -0.1998547911643982, 0.04324230179190636, 0.0, 0.0, 0.9324458241462708, -0.3613097369670868, 0.0, 0.0, 0.16391828656196594, 0.005621372256428003, 0.0, 0.0, 0.9324458241462708, -0.3613097369670868, 0.0, 0.0, 1.25, 1.25, 0.0, 0.0, 0.0, 0.0, 0.0, 0.0, 0.2557079493999481, 0.4924362599849701, 0.0, 0.0, -0.9981368184089661, -0.061015259474515915, 0.0, 1.0]"
121,-0.2865210473537445,-0.2869695723056793,-2.1206798553466797,0.39997702987601014,-0.0059194667264819145,-0.015941236168146133,0.017004796290886196,0.44115782691924693,True,6.6407053204616115,-0.0,0.008820755407214165,"[-0.00601573521271348, -0.018128950148820877, 0.07393442839384079, 0.9324458241462708, 0.3613097369670868, 0.06981398165225983, 0.08065041154623032, 0.16941820085048676, 0.1038462221622467, 0.3643050789833069, 0.27465468645095825, 0.3935161828994751, 0.6054977178573608, 0.25246092677116394, 0.02915194258093834, 0.06603590399026871, 0.028600994497537613, -0.1367197483778, 0.6005013585090637, 0.0, 0.0, 0.9324458241462708, -0.3613097369670868, 0.0, 0.0, -0.1998547911643982, 0.04324230179190636, 0.0, 0.0, 0.9324458241462708, -0.3613097369670868, 0.0, 0.0, 0.16391828656196594, 0.005621372256428003, 0.0, 0.0, 0.9324458241462708, -0.3613097369670868, 0.0, 0.0, 1.25, 1.25, 0.0, 0.0, 0.0, 0.0, 0.0, 0.0, 0.2557079493999481, 0.4924362599849701, 0.0, 0.0, -0.9981368184089661, -0.061015259474515915, 0.0, 1.0]","[-0.0059194667264819145, -0.015941236168146133, 0.0704401433467865, 0.9386157989501953, 0.34496426582336426, 0.06935849785804749, 0.07964885234832764, 0.3614775836467743, 0.10165944695472717, 0.365354984998703, 0.2775014340877533, 0.396639883518219, 0.6021648645401001, 0.2501540780067444, 0.029378918930888176, 0.06352244317531586, 0.028408998623490334, -0.14692358672618866, 0.5987324118614197, 0.0, 0.0, 0.9386157989501953, -0.34496426582336426, 0.0, 0.0, -0.20031337440013885, 0.04045538976788521, 0.0, 0.0, 0.9386157989501953, -0.34496426582336426, 0.0, 0.0, 0.16406084597110748, 0.009195744059979916, 0.0, 0.0, 0.9386157989501953, -0.34496426582336426, 0.0, 0.0, 1.25, 1.25, 0.0, 0.0, 0.0, 0.0, 0.0, 0.0, 0.24413324892520905, 0.4966304302215576, 0.0, 0.0, -0.9986435174942017, -0.05206838622689247, 0.0, 1.0]"
122,-0.28615251183509827,-0.2865210473537445,0.7101969718933105,0.39992748717414117,-0.007217781152576208,-0.014129783026874065,0.01586654131034936,0.42342369733945995,True,6.621578751105855,-0.0,0.010053957812488079,"[-0.0059194667264819145, -0.015941236168146133, 0.0704401433467865, 0.9386157989501953, 0.34496426582336426, 0.06935849785804749, 0.07964885234832764, 0.3614775836467743, 0.10165944695472717, 0.365354984998703, 0.2775014340877533, 0.396639883518219, 0.6021648645401001, 0.2501540780067444, 0.029378918930888176, 0.06352244317531586, 0.028408998623490334, -0.14692358672618866, 0.5987324118614197, 0.0, 0.0, 0.9386157989501953, -0.34496426582336426, 0.0, 0.0, -0.20031337440013885, 0.04045538976788521, 0.0, 0.0, 0.9386157989501953, -0.34496426582336426, 0.0, 0.0, 0.16406084597110748, 0.009195744059979916, 0.0, 0.0, 0.9386157989501953, -0.34496426582336426, 0.0, 0.0, 1.25, 1.25, 0.0, 0.0, 0.0, 0.0, 0.0, 0.0, 0.24413324892520905, 0.4966304302215576, 0.0, 0.0, -0.9986435174942017, -0.05206838622689247, 0.0, 1.0]","[-0.007217781152576208, -0.014129783026874065, 0.06746988743543625, 0.9436352849006653, 0.3309870958328247, 0.0689925104379654, 0.07883569598197937, 0.36103472113609314, 0.09989552944898605, 0.3663404583930969, 0.2800367772579193, 0.399431049823761, 0.23837493360042572, 0.24826452136039734, 0.029581721872091293, 0.061545152217149734, 0.02825438417494297, -0.15557686984539032, 0.5971052050590515, 0.0, 0.0, 0.9436352849006653, -0.3309870958328247, 0.0, 0.0, -0.20066995918750763, 0.03809686005115509, 0.0, 0.0, 0.9436352849006653, -0.3309870958328247, 0.0, 0.0, 0.1641276776790619, 0.012252088636159897, 0.0, 0.0, 0.9436352849006653, -0.3309870958328247, 0.0, 0.0, 1.25, 1.25, 0.0, 0.0, 0.0, 0.0, 0.0, 0.0, 0.23364444077014923, 0.4998915493488312, 0.0, 0.0, -0.9991773366928101, -0.04055421054363251, 0.0, 1.0]"
123,-0.28580203652381897,-0.28615251183509827,0.5403915643692017,0.39989717919796774,-0.0034565068781375885,-0.01160632073879242,0.012110083438619879,0.4073467061617999,True,6.601215089649028,-0.0,0.011197376064956188,"[-0.007217781152576208, -0.014129783026874065, 0.06746988743543625, 0.9436352849006653, 0.3309870958328247, 0.0689925104379654, 0.07883569598197937, 0.36103472113609314, 0.09989552944898605, 0.3663404583930969, 0.2800367772579193, 0.399431049823761, 0.23837493360042572, 0.24826452136039734, 0.029581721872091293, 0.061545152217149734, 0.02825438417494297, -0.15557686984539032, 0.5971052050590515, 0.0, 0.0, 0.9436352849006653, -0.3309870958328247, 0.0, 0.0, -0.20066995918750763, 0.03809686005115509, 0.0, 0.0, 0.9436352849006653, -0.3309870958328247, 0.0, 0.0, 0.1641276776790619, 0.012252088636159897, 0.0, 0.0, 0.9436352849006653, -0.3309870958328247, 0.0, 0.0, 1.25, 1.25, 0.0, 0.0, 0.0, 0.0, 0.0, 0.0, 0.23364444077014923, 0.4998915493488312, 0.0, 0.0, -0.9991773366928101, -0.04055421054363251, 0.0, 1.0]","[-0.0034565068781375885, -0.01160632073879242, 0.06494296342134476, 0.9477417469024658, 0.3190385103225708, 0.06869516521692276, 0.0781693235039711, 0.36072054505348206, 0.09845800697803497, 0.3672461211681366, 0.2822708189487457, 0.40190598368644714, 0.2337123602628708, 0.24671582877635956, 0.029762594029307365, 0.059968940913677216, 0.028129827231168747, -0.1629273146390915, 0.595622181892395, 0.0, 0.0, 0.9477417469024658, -0.3190385103225708, 0.0, 0.0, -0.2009541243314743, 0.036088742315769196, 0.0, 0.0, 0.9477417469024658, -0.3190385103225708, 0.0, 0.0, 0.16414032876491547, 0.014855206944048405, 0.0, 0.0, 0.9477417469024658, -0.3190385103225708, 0.0, 0.0, 1.25, 1.25, 0.0, 0.0, 0.0, 0.0, 0.0, 0.0, 0.22408194839954376, 0.5023929476737976, 0.0, 0.0, -0.9996352791786194, -0.02700567990541458, 0.0, 1.0]"
124,-0.2854346036911011,-0.28580203652381897,-1.083316445350647,0.4000019636538601,-0.002098631579428911,-0.00984770618379116,0.010068841620983765,0.39305514377508355,True,6.579856487073969,-0.0,0.012374749407172203,"[-0.0034565068781375885, -0.01160632073879242, 0.06494296342134476, 0.9477417469024658, 0.3190385103225708, 0.06869516521692276, 0.0781693235039711, 0.36072054505348206, 0.09845800697803497, 0.3672461211681366, 0.2822708189487457, 0.40190598368644714, 0.2337123602628708, 0.24671582877635956, 0.029762594029307365, 0.059968940913677216, 0.028129827231168747, -0.1629273146390915, 0.595622181892395, 0.0, 0.0, 0.9477417469024658, -0.3190385103225708, 0.0, 0.0, -0.2009541243314743, 0.036088742315769196, 0.0, 0.0, 0.9477417469024658, -0.3190385103225708, 0.0, 0.0, 0.16414032876491547, 0.014855206944048405, 0.0, 0.0, 0.9477417469024658, -0.3190385103225708, 0.0, 0.0, 1.25, 1.25, 0.0, 0.0, 0.0, 0.0, 0.0, 0.0, 0.22408194839954376, 0.5023929476737976, 0.0, 0.0, -0.9996352791786194, -0.02700567990541458, 0.0, 1.0]","[-0.002098631579428911, -0.00984770618379116, 0.06287738680839539, 0.9509861469268799, 0.30923351645469666, 0.06845291703939438, 0.07763167470693588, 0.36049824953079224, 0.09731170535087585, 0.36802470684051514, 0.28416168689727783, 0.4039904475212097, 0.23181042075157166, 0.2454792708158493, 0.029925376176834106, 0.058764927089214325, 0.028041206300258636, -0.16893316805362701, 0.5943568348884583, 0.0, 0.0, 0.9509861469268799, -0.30923351645469666, 0.0, 0.0, -0.20117926597595215, 0.03446051478385925, 0.0, 0.0, 0.9509861469268799, -0.30923351645469666, 0.0, 0.0, 0.16411438584327698, 0.0169988963752985, 0.0, 0.0, 0.9509861469268799, -0.30923351645469666, 0.0, 0.0, 1.25, 1.25, 0.0, 0.0, 0.0, 0.0, 0.0, 0.0, 0.21552054584026337, 0.504189670085907, 0.0, 0.0, -0.999934196472168, -0.011471017263829708, 0.0, 1.0]"
125,-0.28552377223968506,-0.2854346036911011,0.365085244178772,0.3999256441028267,-0.0046781739220023155,-0.008369849994778633,0.009588519185963932,0.3810055092130953,True,6.557897725705962,-0.0,0.013564993627369404,"[-0.002098631579428911, -0.00984770618379116, 0.06287738680839539, 0.9509861469268799, 0.30923351645469666, 0.06845291703939438, 0.07763167470693588, 0.36049824953079224, 0.09731170535087585, 0.36802470684051514, 0.28416168689727783, 0.4039904475212097, 0.23181042075157166, 0.2454792708158493, 0.029925376176834106, 0.058764927089214325, 0.028041206300258636, -0.16893316805362701, 0.5943568348884583, 0.0, 0.0, 0.9509861469268799, -0.30923351645469666, 0.0, 0.0, -0.20117926597595215, 0.03446051478385925, 0.0, 0.0, 0.9509861469268799, -0.30923351645469666, 0.0, 0.0, 0.16411438584327698, 0.0169988963752985, 0.0, 0.0, 0.9509861469268799, -0.30923351645469666, 0.0, 0.0, 1.25, 1.25, 0.0, 0.0, 0.0, 0.0, 0.0, 0.0, 0.21552054584026337, 0.504189670085907, 0.0, 0.0, -0.999934196472168, -0.011471017263829708, 0.0, 1.0]","[-0.0046781739220023155, -0.008369849994778633, 0.06134723499417305, 0.9533241391181946, 0.30194875597953796, 0.06828983128070831, 0.07725536078214645, 0.3603687584400177, 0.09650102257728577, 0.3686394989490509, 0.285635769367218, 0.40558820962905884, 0.23144184052944183, 0.24454739689826965, 0.030037572607398033, 0.057885751128196716, 0.027967097237706184, -0.1733507364988327, 0.5934197306632996, 0.0, 0.0, 0.9533241391181946, -0.30194875597953796, 0.0, 0.0, -0.20131228864192963, 0.033293116837739944, 0.0, 0.0, 0.9533241391181946, -0.30194875597953796, 0.0, 0.0, 0.1641036570072174, 0.018626946955919266, 0.0, 0.0, 0.9533241391181946, -0.30194875597953796, 0.0, 0.0, 1.25, 1.25, 0.0, 0.0, 0.0, 0.0, 0.0, 0.0, 0.20821626484394073, 0.5052711367607117, 0.0, 0.0, -0.9999813437461853, 0.006104761268943548, 0.0, 1.0]"
126,-0.2863521873950958,-0.28552377223968506,-0.9294837713241577,0.3998758635543742,-0.002536248881369829,-0.006340149790048599,0.0068286204864894205,0.3704000876879812,False,,-1.0611357024238515,-1.0641992092132568,"[-0.0046781739220023155, -0.008369849994778633, 0.06134723499417305, 0.9533241391181946, 0.30194875597953796, 0.06828983128070831, 0.07725536078214645, 0.3603687584400177, 0.09650102257728577, 0.3686394989490509, 0.285635769367218, 0.40558820962905884, 0.23144184052944183, 0.24454739689826965, 0.030037572607398033, 0.057885751128196716, 0.027967097237706184, -0.1733507364988327, 0.5934197306632996, 0.0, 0.0, 0.9533241391181946, -0.30194875597953796, 0.0, 0.0, -0.20131228864192963, 0.033293116837739944, 0.0, 0.0, 0.9533241391181946, -0.30194875597953796, 0.0, 0.0, 0.1641036570072174, 0.018626946955919266, 0.0, 0.0, 0.9533241391181946, -0.30194875597953796, 0.0, 0.0, 1.25, 1.25, 0.0, 0.0, 0.0, 0.0, 0.0, 0.0, 0.20821626484394073, 0.5052711367607117, 0.0, 0.0, -0.9999813437461853, 0.006104761268943548, 0.0, 1.0]","[-0.002536248881369829, -0.006340149790048599, 0.06016605347394943, 0.9550908207893372, 0.2963132858276367, 0.07008042186498642, 0.07696960121393204, 0.36028268933296204, 0.09588722139596939, 0.36912965774536133, 0.2868040204048157, 0.40684589743614197, 0.23203042149543762, 0.2438308447599411, 0.03012668713927269, 0.0572282113134861, 0.027911892160773277, -0.1767549365758896, 0.5926856398582458, 0.0, 0.0, 0.9550908207893372, -0.2963132858276367, 0.0, 0.0, -0.20140795409679413, 0.03240366652607918, 0.0, 0.0, 0.9550908207893372, -0.2963132858276367, 0.0, 0.0, 0.16408760845661163, 0.019896043464541435, 0.0, 0.0, 0.9550908207893372, -0.2963132858276367, 0.0, 0.0, 1.25, 1.25, 0.0, 0.0, 0.0, 0.0, 0.0, 0.0, 1.25, 1.25, 0.0, 0.0, 0.0, 0.0, 0.0, 0.0]"
127,-0.2866806387901306,-0.2863521873950958,-0.20979350805282593,0.3999203074567246,-0.0019515745807439089,-0.005011463537812233,0.005378048915269111,0.36126782381074657,False,,-1.0610530996139045,-1.0641611814498901,"[-0.002536248881369829, -0.006340149790048599, 0.06016605347394943, 0.9550908207893372, 0.2963132858276367, 0.07008042186498642, 0.07696960121393204, 0.36028268933296204, 0.09588722139596939, 0.36912965774536133, 0.2868040204048157, 0.40684589743614197, 0.23203042149543762, 0.2438308447599411, 0.03012668713927269, 0.0572282113134861, 0.027911892160773277, -0.1767549365758896, 0.5926856398582458, 0.0, 0.0, 0.9550908207893372, -0.2963132858276367, 0.0, 0.0, -0.20140795409679413, 0.03240366652607918, 0.0, 0.0, 0.9550908207893372, -0.2963132858276367, 0.0, 0.0, 0.16408760845661163, 0.019896043464541435, 0.0, 0.0, 0.9550908207893372, -0.2963132858276367, 0.0, 0.0, 1.25, 1.25, 0.0, 0.0, 0.0, 0.0, 0.0, 0.0, 1.25, 1.25, 0.0, 0.0, 0.0, 0.0, 0.0, 0.0]","[-0.0019515745807439089, -0.005011463537812233, 0.05932703614234924, 0.9563254714012146, 0.29230400919914246, 0.07172156125307083, 0.0767630785703659, 0.3602238595485687, 0.09544996917247772, 0.36948099732398987, 0.2876664102077484, 0.4077466130256653, 0.23389731347560883, 0.24330823123455048, 0.030196987092494965, 0.05678258091211319, 0.027878956869244576, -0.1791706532239914, 0.5921776294708252, 0.0, 0.0, 0.9563254714012146, -0.29230400919914246, 0.0, 0.0, -0.20147304236888885, 0.031797122210264206, 0.0, 0.0, 0.9563254714012146, -0.29230400919914246, 0.0, 0.0, 0.16407115757465363, 0.020823074504733086, 0.0, 0.0, 0.9563254714012146, -0.29230400919914246, 0.0, 0.0, 1.25, 1.25, 0.0, 0.0, 0.0, 0.0, 0.0, 0.0, 1.25, 1.25, 0.0, 0.0, 0.0, 0.0, 0.0, 0.0]"
128,-0.2870444059371948,-0.2866806387901306,-0.3916565179824829,0.39991823792221004,-0.001697223400697112,-0.0037583119701594114,0.0041237696512920535,0.3536141100739741,False,,-1.060964459699337,-1.0641101598739624,"[-0.0019515745807439089, -0.005011463537812233, 0.05932703614234924, 0.9563254714012146, 0.29230400919914246, 0.07172156125307083, 0.0767630785703659, 0.3602238595485687, 0.09544996917247772, 0.36948099732398987, 0.2876664102077484, 0.4077466130256653, 0.23389731347560883, 0.24330823123455048, 0.030196987092494965, 0.05678258091211319, 0.027878956869244576, -0.1791706532239914, 0.5921776294708252, 0.0, 0.0, 0.9563254714012146, -0.29230400919914246, 0.0, 0.0, -0.20147304236888885, 0.031797122210264206, 0.0, 0.0, 0.9563254714012146, -0.29230400919914246, 0.0, 0.0, 0.16407115757465363, 0.020823074504733086, 0.0, 0.0, 0.9563254714012146, -0.29230400919914246, 0.0, 0.0, 1.25, 1.25, 0.0, 0.0, 0.0, 0.0, 0.0, 0.0, 1.25, 1.25, 0.0, 0.0, 0.0, 0.0, 0.0, 0.0]","[-0.001697223400697112, -0.0037583119701594114, 0.05881582573056221, 0.957069456577301, 0.2898586392402649, 0.07285801321268082, 0.07664049416780472, 0.3601931035518646, 0.09518884867429733, 0.36970055103302, 0.2882336378097534, 0.4083031117916107, 0.23945929110050201, 0.24295814335346222, 0.030238032341003418, 0.05651085451245308, 0.027857137843966484, -0.1806277483701706, 0.591901957988739, 0.0, 0.0, 0.957069456577301, -0.2898586392402649, 0.0, 0.0, -0.20149768888950348, 0.031466253101825714, 0.0, 0.0, 0.957069456577301, -0.2898586392402649, 0.0, 0.0, 0.16407273709774017, 0.021426783874630928, 0.0, 0.0, 0.957069456577301, -0.2898586392402649, 0.0, 0.0, 1.25, 1.25, 0.0, 0.0, 0.0, 0.0, 0.0, 0.0, 1.25, 1.25, 0.0, 0.0, 0.0, 0.0, 0.0, 0.0]"
129,-0.2874595820903778,-0.2870444059371948,1.3283369541168213,0.39988637035996266,-0.0013890594709664583,-0.0027174977585673332,0.003051930582713194,0.34719209961886277,False,,-1.060871197896528,-1.0640491247177124,"[-0.001697223400697112, -0.0037583119701594114, 0.05881582573056221, 0.957069456577301, 0.2898586392402649, 0.07285801321268082, 0.07664049416780472, 0.3601931035518646, 0.09518884867429733, 0.36970055103302, 0.2882336378097534, 0.4083031117916107, 0.23945929110050201, 0.24295814335346222, 0.030238032341003418, 0.05651085451245308, 0.027857137843966484, -0.1806277483701706, 0.591901957988739, 0.0, 0.0, 0.957069456577301, -0.2898586392402649, 0.0, 0.0, -0.20149768888950348, 0.031466253101825714, 0.0, 0.0, 0.957069456577301, -0.2898586392402649, 0.0, 0.0, 0.16407273709774017, 0.021426783874630928, 0.0, 0.0, 0.957069456577301, -0.2898586392402649, 0.0, 0.0, 1.25, 1.25, 0.0, 0.0, 0.0, 0.0, 0.0, 0.0, 1.25, 1.25, 0.0, 0.0, 0.0, 0.0, 0.0, 0.0]","[-0.0013890594709664583, -0.0027174977585673332, 0.058564286679029465, 0.95743328332901, 0.28865471482276917, 0.07356027513742447, 0.07658261805772781, 0.36018088459968567, 0.09506373107433319, 0.36981168389320374, 0.2885584533214569, 0.4085807800292969, 0.5928216576576233, 0.24274571239948273, 0.030256008729338646, 0.05637389048933983, 0.02784433402121067, -0.18132798373699188, 0.5918111205101013, 0.0, 0.0, 0.95743328332901, -0.28865471482276917, 0.0, 0.0, -0.2014930695295334, 0.03134967014193535, 0.0, 0.0, 0.95743328332901, -0.28865471482276917, 0.0, 0.0, 0.16408908367156982, 0.021770166233181953, 0.0, 0.0, 0.95743328332901, -0.28865471482276917, 0.0, 0.0, 1.25, 1.25, 0.0, 0.0, 0.0, 0.0, 0.0, 0.0, 1.25, 1.25, 0.0, 0.0, 0.0, 0.0, 0.0, 0.0]"
130,-0.2877638339996338,-0.2874595820903778,1.142457365989685,0.39984949219652033,-0.0013777152635157108,-0.001781583996489644,0.002252141399617745,0.3419767110779802,False,,-1.0607751753489594,-1.0639768838882446,"[-0.0013890594709664583, -0.0027174977585673332, 0.058564286679029465, 0.95743328332901, 0.28865471482276917, 0.07356027513742447, 0.07658261805772781, 0.36018088459968567, 0.09506373107433319, 0.36981168389320374, 0.2885584533214569, 0.4085807800292969, 0.5928216576576233, 0.24274571239948273, 0.030256008729338646, 0.05637389048933983, 0.02784433402121067, -0.18132798373699188, 0.5918111205101013, 0.0, 0.0, 0.95743328332901, -0.28865471482276917, 0.0, 0.0, -0.2014930695295334, 0.03134967014193535, 0.0, 0.0, 0.95743328332901, -0.28865471482276917, 0.0, 0.0, 0.16408908367156982, 0.021770166233181953, 0.0, 0.0, 0.95743328332901, -0.28865471482276917, 0.0, 0.0, 1.25, 1.25, 0.0, 0.0, 0.0, 0.0, 0.0, 0.0, 1.25, 1.25, 0.0, 0.0, 0.0, 0.0, 0.0, 0.0]","[-0.0013777152635157108, -0.001781583996489644, 0.058549314737319946, 0.9574548602104187, 0.28858301043510437, 0.07386757433414459, 0.07658135145902634, 0.3601824939250946, 0.09505899995565414, 0.3698207139968872, 0.28866472840309143, 0.40860000252723694, 0.5928953886032104, 0.24265313148498535, 0.030254432931542397, 0.05636082962155342, 0.02784113772213459, -0.18133926391601562, 0.5918964743614197, 0.0, 0.0, 0.9574548602104187, -0.28858301043510437, 0.0, 0.0, -0.20146238803863525, 0.03143351525068283, 0.0, 0.0, 0.9574548602104187, -0.28858301043510437, 0.0, 0.0, 0.16411985456943512, 0.021881574764847755, 0.0, 0.0, 0.9574548602104187, -0.28858301043510437, 0.0, 0.0, 1.25, 1.25, 0.0, 0.0, 0.0, 0.0, 0.0, 0.0, 1.25, 1.25, 0.0, 0.0, 0.0, 0.0, 0.0, 0.0]"
131,-0.28807929158210754,-0.2877638339996338,-1.6745613813400269,0.39991616896037596,-0.002479699207469821,-0.0015707347774878144,0.002935322111921646,0.3376607903544379,False,,-1.0606775241229605,-1.0638587474822998,"[-0.0013777152635157108, -0.001781583996489644, 0.058549314737319946, 0.9574548602104187, 0.28858301043510437, 0.07386757433414459, 0.07658135145902634, 0.3601824939250946, 0.09505899995565414, 0.3698207139968872, 0.28866472840309143, 0.40860000252723694, 0.5928953886032104, 0.24265313148498535, 0.030254432931542397, 0.05636082962155342, 0.02784113772213459, -0.18133926391601562, 0.5918964743614197, 0.0, 0.0, 0.9574548602104187, -0.28858301043510437, 0.0, 0.0, -0.20146238803863525, 0.03143351525068283, 0.0, 0.0, 0.9574548602104187, -0.28858301043510437, 0.0, 0.0, 0.16411985456943512, 0.021881574764847755, 0.0, 0.0, 0.9574548602104187, -0.28858301043510437, 0.0, 0.0, 1.25, 1.25, 0.0, 0.0, 0.0, 0.0, 0.0, 0.0, 1.25, 1.25, 0.0, 0.0, 0.0, 0.0, 0.0, 0.0]","[-0.002479699207469821, -0.0015707347774878144, 0.05868815630674362, 0.9572542905807495, 0.28924766182899475, 0.07389039546251297, 0.07660846412181854, 0.3601858913898468, 0.09512203186750412, 0.36975592374801636, 0.2886204421520233, 0.4084428548812866, 0.5930777788162231, 0.24264578521251678, 0.030248215422034264, 0.0564432367682457, 0.027851615101099014, -0.18091349303722382, 0.5920904874801636, 0.0, 0.0, 0.9572542905807495, -0.28924766182899475, 0.0, 0.0, -0.2014256864786148, 0.03164161741733551, 0.0, 0.0, 0.9572542905807495, -0.28924766182899475, 0.0, 0.0, 0.164149209856987, 0.021836066618561745, 0.0, 0.0, 0.9572542905807495, -0.28924766182899475, 0.0, 0.0, 1.25, 1.25, 0.0, 0.0, 0.0, 0.0, 0.0, 0.0, 1.25, 1.25, 0.0, 0.0, 0.0, 0.0, 0.0, 0.0]"
132,-0.2884131968021393,-0.28807929158210754,-1.1895217895507812,0.4000334367215869,0.0007817093282938004,-0.0008574871462769806,0.001160324816580161,0.334131029670991,False,,-1.060579218650696,-1.0638136863708496,"[-0.002479699207469821, -0.0015707347774878144, 0.05868815630674362, 0.9572542905807495, 0.28924766182899475, 0.07389039546251297, 0.07660846412181854, 0.3601858913898468, 0.09512203186750412, 0.36975592374801636, 0.2886204421520233, 0.4084428548812866, 0.5930777788162231, 0.24264578521251678, 0.030248215422034264, 0.0564432367682457, 0.027851615101099014, -0.18091349303722382, 0.5920904874801636, 0.0, 0.0, 0.9572542905807495, -0.28924766182899475, 0.0, 0.0, -0.2014256864786148, 0.03164161741733551, 0.0, 0.0, 0.9572542905807495, -0.28924766182899475, 0.0, 0.0, 0.164149209856987, 0.021836066618561745, 0.0, 0.0, 0.9572542905807495, -0.28924766182899475, 0.0, 0.0, 1.25, 1.25, 0.0, 0.0, 0.0, 0.0, 0.0, 0.0, 1.25, 1.25, 0.0, 0.0, 0.0, 0.0, 0.0, 0.0]","[0.0007817093282938004, -0.0008574871462769806, 0.058935172855854034, 0.9568963050842285, 0.2904297113418579, 0.07370434701442719, 0.07665745168924332, 0.3601924180984497, 0.09523523598909378, 0.3696412146091461, 0.28846752643585205, 0.4081641137599945, 0.593334436416626, 0.24270175397396088, 0.030237095430493355, 0.0565902516245842, 0.02787020429968834, -0.18017934262752533, 0.5923561453819275, 0.0, 0.0, 0.9568963050842285, -0.2904297113418579, 0.0, 0.0, -0.20138372480869293, 0.031933050602674484, 0.0, 0.0, 0.9568963050842285, -0.2904297113418579, 0.0, 0.0, 0.16417817771434784, 0.021676184609532356, 0.0, 0.0, 0.9568963050842285, -0.2904297113418579, 0.0, 0.0, 1.25, 1.25, 0.0, 0.0, 0.0, 0.0, 0.0, 0.0, 1.25, 1.25, 0.0, 0.0, 0.0, 0.0, 0.0, 0.0]"
133,-0.2887585163116455,-0.2884131968021393,-0.7578748464584351,0.3999712659897884,0.0005998316337354481,-0.0003653150633908808,0.0007023197878246206,0.3318155604902447,False,,-1.060482105999586,-1.0637303590774536,"[0.0007817093282938004, -0.0008574871462769806, 0.058935172855854034, 0.9568963050842285, 0.2904297113418579, 0.07370434701442719, 0.07665745168924332, 0.3601924180984497, 0.09523523598909378, 0.3696412146091461, 0.28846752643585205, 0.4081641137599945, 0.593334436416626, 0.24270175397396088, 0.030237095430493355, 0.0565902516245842, 0.02787020429968834, -0.18017934262752533, 0.5923561453819275, 0.0, 0.0, 0.9568963050842285, -0.2904297113418579, 0.0, 0.0, -0.20138372480869293, 0.031933050602674484, 0.0, 0.0, 0.9568963050842285, -0.2904297113418579, 0.0, 0.0, 0.16417817771434784, 0.021676184609532356, 0.0, 0.0, 0.9568963050842285, -0.2904297113418579, 0.0, 0.0, 1.25, 1.25, 0.0, 0.0, 0.0, 0.0, 0.0, 0.0, 1.25, 1.25, 0.0, 0.0, 0.0, 0.0, 0.0, 0.0]","[0.0005998316337354481, -0.0003653150633908808, 0.059356220066547394, 0.9562827944755554, 0.29244354367256165, 0.07326953858137131, 0.07676242291927338, 0.36022230982780457, 0.09545537829399109, 0.36946502327919006, 0.28816813230514526, 0.40771111845970154, 0.5937374234199524, 0.24283522367477417, 0.030198492109775543, 0.05680539458990097, 0.027883749455213547, -0.17891918122768402, 0.5927581191062927, 0.0, 0.0, 0.9562827944755554, -0.29244354367256165, 0.0, 0.0, -0.20130331814289093, 0.0323808491230011, 0.0, 0.0, 0.9562827944755554, -0.29244354367256165, 0.0, 0.0, 0.16423556208610535, 0.021354608237743378, 0.0, 0.0, 0.9562827944755554, -0.29244354367256165, 0.0, 0.0, 1.25, 1.25, 0.0, 0.0, 0.0, 0.0, 0.0, 0.0, 1.25, 1.25, 0.0, 0.0, 0.0, 0.0, 0.0, 0.0]"
134,-0.2891184687614441,-0.2887585163116455,0.1467682123184204,0.39992818514392847,0.00021933871903456748,-2.7964173568761908e-05,0.0002211141530321132,0.3303224481558832,False,,-1.060386773440522,-1.0636494159698486,"[0.0005998316337354481, -0.0003653150633908808, 0.059356220066547394, 0.9562827944755554, 0.29244354367256165, 0.07326953858137131, 0.07676242291927338, 0.36022230982780457, 0.09545537829399109, 0.36946502327919006, 0.28816813230514526, 0.40771111845970154, 0.5937374234199524, 0.24283522367477417, 0.030198492109775543, 0.05680539458990097, 0.027883749455213547, -0.17891918122768402, 0.5927581191062927, 0.0, 0.0, 0.9562827944755554, -0.29244354367256165, 0.0, 0.0, -0.20130331814289093, 0.0323808491230011, 0.0, 0.0, 0.9562827944755554, -0.29244354367256165, 0.0, 0.0, 0.16423556208610535, 0.021354608237743378, 0.0, 0.0, 0.9562827944755554, -0.29244354367256165, 0.0, 0.0, 1.25, 1.25, 0.0, 0.0, 0.0, 0.0, 0.0, 0.0, 1.25, 1.25, 0.0, 0.0, 0.0, 0.0, 0.0, 0.0]","[0.00021933871903456748, -2.7964173568761908e-05, 0.059855204075574875, 0.9555501937866211, 0.29482847452163696, 0.07271120697259903, 0.07688532024621964, 0.36025774478912354, 0.09571525454521179, 0.36925652623176575, 0.28779879212379456, 0.40717557072639465, 0.5942031741142273, 0.24301078915596008, 0.03015533648431301, 0.057067278772592545, 0.02790212444961071, -0.177432581782341, 0.593213677406311, 0.0, 0.0, 0.9555501937866211, -0.29482847452163696, 0.0, 0.0, -0.2012147456407547, 0.03289402648806572, 0.0, 0.0, 0.9555501937866211, -0.29482847452163696, 0.0, 0.0, 0.16429488360881805, 0.020956017076969147, 0.0, 0.0, 0.9555501937866211, -0.29482847452163696, 0.0, 0.0, 1.25, 1.25, 0.0, 0.0, 0.0, 0.0, 0.0, 0.0, 1.25, 1.25, 0.0, 0.0, 0.0, 0.0, 0.0, 0.0]"
135,-0.2895604968070984,-0.2891184687614441,-0.14371973276138306,0.39991456640027767,-0.0005284356884658337,9.760010289028287e-05,0.0005373732938363735,0.32960621979235727,False,,-1.0602941025803527,-1.0635473728179932,"[0.00021933871903456748, -2.7964173568761908e-05, 0.059855204075574875, 0.9555501937866211, 0.29482847452163696, 0.07271120697259903, 0.07688532024621964, 0.36025774478912354, 0.09571525454521179, 0.36925652623176575, 0.28779879212379456, 0.40717557072639465, 0.5942031741142273, 0.24301078915596008, 0.03015533648431301, 0.057067278772592545, 0.02790212444961071, -0.177432581782341, 0.593213677406311, 0.0, 0.0, 0.9555501937866211, -0.29482847452163696, 0.0, 0.0, -0.2012147456407547, 0.03289402648806572, 0.0, 0.0, 0.9555501937866211, -0.29482847452163696, 0.0, 0.0, 0.16429488360881805, 0.020956017076969147, 0.0, 0.0, 0.9555501937866211, -0.29482847452163696, 0.0, 0.0, 1.25, 1.25, 0.0, 0.0, 0.0, 0.0, 0.0, 0.0, 1.25, 1.25, 0.0, 0.0, 0.0, 0.0, 0.0, 0.0]","[-0.0005284356884658337, 9.760010289028287e-05, 0.060402266681194305, 0.9547401666641235, 0.2974410951137543, 0.0720820352435112, 0.07701846957206726, 0.36029693484306335, 0.09599923342466354, 0.3690285384654999, 0.2873876690864563, 0.40659046173095703, 0.5947102904319763, 0.24321402609348297, 0.030110901221632957, 0.05736248567700386, 0.02792484499514103, -0.1758071333169937, 0.5936998128890991, 0.0, 0.0, 0.9547401666641235, -0.2974410951137543, 0.0, 0.0, -0.20112188160419464, 0.03344732150435448, 0.0, 0.0, 0.9547401666641235, -0.2974410951137543, 0.0, 0.0, 0.16435310244560242, 0.020509766414761543, 0.0, 0.0, 0.9547401666641235, -0.2974410951137543, 0.0, 0.0, 1.25, 1.25, 0.0, 0.0, 0.0, 0.0, 0.0, 0.0, 1.25, 1.25, 0.0, 0.0, 0.0, 0.0, 0.0, 0.0]"
136,-0.2900117039680481,-0.2895604968070984,-0.8069021105766296,0.39993973912765013,-0.00194769655354321,-0.00019626594439614564,0.0019575602635969625,0.32955702265409365,False,,-1.0602047304148623,-1.0634154081344604,"[-0.0005284356884658337, 9.760010289028287e-05, 0.060402266681194305, 0.9547401666641235, 0.2974410951137543, 0.0720820352435112, 0.07701846957206726, 0.36029693484306335, 0.09599923342466354, 0.3690285384654999, 0.2873876690864563, 0.40659046173095703, 0.5947102904319763, 0.24321402609348297, 0.030110901221632957, 0.05736248567700386, 0.02792484499514103, -0.1758071333169937, 0.5936998128890991, 0.0, 0.0, 0.9547401666641235, -0.2974410951137543, 0.0, 0.0, -0.20112188160419464, 0.03344732150435448, 0.0, 0.0, 0.9547401666641235, -0.2974410951137543, 0.0, 0.0, 0.16435310244560242, 0.020509766414761543, 0.0, 0.0, 0.9547401666641235, -0.2974410951137543, 0.0, 0.0, 1.25, 1.25, 0.0, 0.0, 0.0, 0.0, 0.0, 0.0, 1.25, 1.25, 0.0, 0.0, 0.0, 0.0, 0.0, 0.0]","[-0.00194769655354321, -0.00019626594439614564, 0.060959167778491974, 0.9539082646369934, 0.3000984191894531, 0.07143818587064743, 0.07715199887752533, 0.3603370487689972, 0.09628695994615555, 0.3687968850135803, 0.2869674265384674, 0.405996710062027, 0.5952271819114685, 0.24342788755893707, 0.030068963766098022, 0.05767224729061127, 0.027950959280133247, -0.17415593564510345, 0.5941857099533081, 0.0, 0.0, 0.9539082646369934, -0.3000984191894531, 0.0, 0.0, -0.20103059709072113, 0.03400585055351257, 0.0, 0.0, 0.9539082646369934, -0.3000984191894531, 0.0, 0.0, 0.16440632939338684, 0.02005087584257126, 0.0, 0.0, 0.9539082646369934, -0.3000984191894531, 0.0, 0.0, 1.25, 1.25, 0.0, 0.0, 0.0, 0.0, 0.0, 0.0, 1.25, 1.25, 0.0, 0.0, 0.0, 0.0, 0.0, 0.0]"
137,-0.290463387966156,-0.2900117039680481,-0.5210908651351929,0.4000289413191527,0.0012643591035157442,-9.968327503884211e-05,0.00126828257812114,0.32994328202822976,False,,-1.0601186282603994,-1.0633500814437866,"[-0.00194769655354321, -0.00019626594439614564, 0.060959167778491974, 0.9539082646369934, 0.3000984191894531, 0.07143818587064743, 0.07715199887752533, 0.3603370487689972, 0.09628695994615555, 0.3687968850135803, 0.2869674265384674, 0.405996710062027, 0.5952271819114685, 0.24342788755893707, 0.030068963766098022, 0.05767224729061127, 0.027950959280133247, -0.17415593564510345, 0.5941857099533081, 0.0, 0.0, 0.9539082646369934, -0.3000984191894531, 0.0, 0.0, -0.20103059709072113, 0.03400585055351257, 0.0, 0.0, 0.9539082646369934, -0.3000984191894531, 0.0, 0.0, 0.16440632939338684, 0.02005087584257126, 0.0, 0.0, 0.9539082646369934, -0.3000984191894531, 0.0, 0.0, 1.25, 1.25, 0.0, 0.0, 0.0, 0.0, 0.0, 0.0, 1.25, 1.25, 0.0, 0.0, 0.0, 0.0, 0.0, 0.0]","[0.0012643591035157442, -9.968327503884211e-05, 0.06146911904215813, 0.9531399607658386, 0.3025296926498413, 0.0708477646112442, 0.07726992666721344, 0.36037179827690125, 0.09654601663351059, 0.3685830235481262, 0.2865818440914154, 0.40545231103897095, 0.5957018136978149, 0.24362926185131073, 0.03003583662211895, 0.05796879157423973, 0.02797972783446312, -0.17264927923679352, 0.5946242213249207, 0.0, 0.0, 0.9531399607658386, -0.3025296926498413, 0.0, 0.0, -0.2009521871805191, 0.034514691680669785, 0.0, 0.0, 0.9531399607658386, -0.3025296926498413, 0.0, 0.0, 0.1644473522901535, 0.01962818019092083, 0.0, 0.0, 0.9531399607658386, -0.3025296926498413, 0.0, 0.0, 1.25, 1.25, 0.0, 0.0, 0.0, 0.0, 0.0, 0.0, 1.25, 1.25, 0.0, 0.0, 0.0, 0.0, 0.0, 0.0]"
138,-0.2909233272075653,-0.290463387966156,0.5200800895690918,0.39996738737749027,0.0010565228294581175,-7.655947410967201e-05,0.0010592930860919164,0.3313088588987513,False,,-1.0600372363664465,-1.06327486038208,"[0.0012643591035157442, -9.968327503884211e-05, 0.06146911904215813, 0.9531399607658386, 0.3025296926498413, 0.0708477646112442, 0.07726992666721344, 0.36037179827690125, 0.09654601663351059, 0.3685830235481262, 0.2865818440914154, 0.40545231103897095, 0.5957018136978149, 0.24362926185131073, 0.03003583662211895, 0.05796879157423973, 0.02797972783446312, -0.17264927923679352, 0.5946242213249207, 0.0, 0.0, 0.9531399607658386, -0.3025296926498413, 0.0, 0.0, -0.2009521871805191, 0.034514691680669785, 0.0, 0.0, 0.9531399607658386, -0.3025296926498413, 0.0, 0.0, 0.1644473522901535, 0.01962818019092083, 0.0, 0.0, 0.9531399607658386, -0.3025296926498413, 0.0, 0.0, 1.25, 1.25, 0.0, 0.0, 0.0, 0.0, 0.0, 0.0, 1.25, 1.25, 0.0, 0.0, 0.0, 0.0, 0.0, 0.0]","[0.0010565228294581175, -7.655947410967201e-05, 0.06203524023294449, 0.952279806137085, 0.3052264153957367, 0.07022323459386826, 0.07741468399763107, 0.36042386293411255, 0.09685205668210983, 0.36835962533950806, 0.2861637771129608, 0.40486475825309753, 0.5962403416633606, 0.24384887516498566, 0.029987355694174767, 0.05827848240733147, 0.028000690042972565, -0.1709604114294052, 0.5951094627380371, 0.0, 0.0, 0.952279806137085, -0.3052264153957367, 0.0, 0.0, -0.20084863901138306, 0.03508232161402702, 0.0, 0.0, 0.952279806137085, -0.3052264153957367, 0.0, 0.0, 0.1645066887140274, 0.0191617663949728, 0.0, 0.0, 0.952279806137085, -0.3052264153957367, 0.0, 0.0, 1.25, 1.25, 0.0, 0.0, 0.0, 0.0, 0.0, 0.0, 1.25, 1.25, 0.0, 0.0, 0.0, 0.0, 0.0, 0.0]"
139,-0.2914344072341919,-0.2909233272075653,-1.3535668849945068,0.39991692328414397,0.0006964210770092905,-8.802462980384007e-05,0.0007019620017884751,0.3332766967105124,False,,-1.0599602086219628,-1.0632085800170898,"[0.0010565228294581175, -7.655947410967201e-05, 0.06203524023294449, 0.952279806137085, 0.3052264153957367, 0.07022323459386826, 0.07741468399763107, 0.36042386293411255, 0.09685205668210983, 0.36835962533950806, 0.2861637771129608, 0.40486475825309753, 0.5962403416633606, 0.24384887516498566, 0.029987355694174767, 0.05827848240733147, 0.028000690042972565, -0.1709604114294052, 0.5951094627380371, 0.0, 0.0, 0.952279806137085, -0.3052264153957367, 0.0, 0.0, -0.20084863901138306, 0.03508232161402702, 0.0, 0.0, 0.952279806137085, -0.3052264153957367, 0.0, 0.0, 0.1645066887140274, 0.0191617663949728, 0.0, 0.0, 0.952279806137085, -0.3052264153957367, 0.0, 0.0, 1.25, 1.25, 0.0, 0.0, 0.0, 0.0, 0.0, 0.0, 1.25, 1.25, 0.0, 0.0, 0.0, 0.0, 0.0, 0.0]","[0.0006964210770092905, -8.802462980384007e-05, 0.06257950514554977, 0.9514456391334534, 0.3078167736530304, 0.06964648514986038, 0.07755422592163086, 0.3604760468006134, 0.09714792668819427, 0.3681473135948181, 0.28576958179473877, 0.4043039083480835, 0.5967676639556885, 0.24405807256698608, 0.029941758140921593, 0.0585811622440815, 0.02802170254290104, -0.16933460533618927, 0.5955764055252075, 0.0, 0.0, 0.9514456391334534, -0.3078167736530304, 0.0, 0.0, -0.20074672996997833, 0.0356326662003994, 0.0, 0.0, 0.9514456391334534, -0.3078167736530304, 0.0, 0.0, 0.16456328332424164, 0.018718117848038673, 0.0, 0.0, 0.9514456391334534, -0.3078167736530304, 0.0, 0.0, 1.25, 1.25, 0.0, 0.0, 0.0, 0.0, 0.0, 0.0, 1.25, 1.25, 0.0, 0.0, 0.0, 0.0, 0.0, 0.0]"
140,-0.29199719429016113,-0.2914344072341919,0.8373410701751709,0.39988338721223415,0.00011676646681735292,-0.0001544214755995199,0.00019359855345363794,0.3357818352585041,False,,-1.05988758960867,-1.063151240348816,"[0.0006964210770092905, -8.802462980384007e-05, 0.06257950514554977, 0.9514456391334534, 0.3078167736530304, 0.06964648514986038, 0.07755422592163086, 0.3604760468006134, 0.09714792668819427, 0.3681473135948181, 0.28576958179473877, 0.4043039083480835, 0.5967676639556885, 0.24405807256698608, 0.029941758140921593, 0.0585811622440815, 0.02802170254290104, -0.16933460533618927, 0.5955764055252075, 0.0, 0.0, 0.9514456391334534, -0.3078167736530304, 0.0, 0.0, -0.20074672996997833, 0.0356326662003994, 0.0, 0.0, 0.9514456391334534, -0.3078167736530304, 0.0, 0.0, 0.16456328332424164, 0.018718117848038673, 0.0, 0.0, 0.9514456391334534, -0.3078167736530304, 0.0, 0.0, 1.25, 1.25, 0.0, 0.0, 0.0, 0.0, 0.0, 0.0, 1.25, 1.25, 0.0, 0.0, 0.0, 0.0, 0.0, 0.0]","[0.00011676646681735292, -0.0001544214755995199, 0.0630888044834137, 0.9506587386131287, 0.31023862957954407, 0.06913436949253082, 0.07768464088439941, 0.3605264127254486, 0.09742564707994461, 0.3679503798484802, 0.2854100465774536, 0.4037821888923645, 0.5972719788551331, 0.24424979090690613, 0.029900426045060158, 0.05886974185705185, 0.028042549267411232, -0.16781097650527954, 0.5960164666175842, 0.0, 0.0, 0.9506587386131287, -0.31023862957954407, 0.0, 0.0, -0.20064890384674072, 0.036154523491859436, 0.0, 0.0, 0.9506587386131287, -0.31023862957954407, 0.0, 0.0, 0.16461627185344696, 0.018309971317648888, 0.0, 0.0, 0.9506587386131287, -0.31023862957954407, 0.0, 0.0, 1.25, 1.25, 0.0, 0.0, 0.0, 0.0, 0.0, 0.0, 1.25, 1.25, 0.0, 0.0, 0.0, 0.0, 0.0, 0.0]"
141,-0.29263433814048767,-0.29199719429016113,-0.5793667435646057,0.3998758928381566,-0.0008212616667151451,-0.00035534537164494395,0.0008948413593286921,0.3387507130391114,False,,-1.059819337311856,-1.0630618333816528,"[0.00011676646681735292, -0.0001544214755995199, 0.0630888044834137, 0.9506587386131287, 0.31023862957954407, 0.06913436949253082, 0.07768464088439941, 0.3605264127254486, 0.09742564707994461, 0.3679503798484802, 0.2854100465774536, 0.4037821888923645, 0.5972719788551331, 0.24424979090690613, 0.029900426045060158, 0.05886974185705185, 0.028042549267411232, -0.16781097650527954, 0.5960164666175842, 0.0, 0.0, 0.9506587386131287, -0.31023862957954407, 0.0, 0.0, -0.20064890384674072, 0.036154523491859436, 0.0, 0.0, 0.9506587386131287, -0.31023862957954407, 0.0, 0.0, 0.16461627185344696, 0.018309971317648888, 0.0, 0.0, 0.9506587386131287, -0.31023862957954407, 0.0, 0.0, 1.25, 1.25, 0.0, 0.0, 0.0, 0.0, 0.0, 0.0, 1.25, 1.25, 0.0, 0.0, 0.0, 0.0, 0.0, 0.0]","[-0.0008212616667151451, -0.00035534537164494395, 0.06354866921901703, 0.9499428868293762, 0.3124236464500427, 0.06870266050100327, 0.07780132442712784, 0.36057236790657043, 0.09767594933509827, 0.36777326464653015, 0.28509601950645447, 0.4033128023147583, 0.5977391004562378, 0.24441680312156677, 0.029865065589547157, 0.05913650617003441, 0.028063153848052025, -0.166433185338974, 0.5964197516441345, 0.0, 0.0, 0.9499428868293762, -0.3124236464500427, 0.0, 0.0, -0.20055831968784332, 0.03663480281829834, 0.0, 0.0, 0.9499428868293762, -0.3124236464500427, 0.0, 0.0, 0.16466422379016876, 0.017950644716620445, 0.0, 0.0, 0.9499428868293762, -0.3124236464500427, 0.0, 0.0, 1.25, 1.25, 0.0, 0.0, 0.0, 0.0, 0.0, 0.0, 1.25, 1.25, 0.0, 0.0, 0.0, 0.0, 0.0, 0.0]"
142,-0.2926427125930786,-0.29263433814048767,-0.6845766305923462,0.3999089300834171,-0.0024431399069726467,-0.0009133897838182747,0.0026082970502275824,0.3420843363665201,False,,-1.0597554522486878,-1.0629464387893677,"[-0.0008212616667151451, -0.00035534537164494395, 0.06354866921901703, 0.9499428868293762, 0.3124236464500427, 0.06870266050100327, 0.07780132442712784, 0.36057236790657043, 0.09767594933509827, 0.36777326464653015, 0.28509601950645447, 0.4033128023147583, 0.5977391004562378, 0.24441680312156677, 0.029865065589547157, 0.05913650617003441, 0.028063153848052025, -0.166433185338974, 0.5964197516441345, 0.0, 0.0, 0.9499428868293762, -0.3124236464500427, 0.0, 0.0, -0.20055831968784332, 0.03663480281829834, 0.0, 0.0, 0.9499428868293762, -0.3124236464500427, 0.0, 0.0, 0.16466422379016876, 0.017950644716620445, 0.0, 0.0, 0.9499428868293762, -0.3124236464500427, 0.0, 0.0, 1.25, 1.25, 0.0, 0.0, 0.0, 0.0, 0.0, 0.0, 1.25, 1.25, 0.0, 0.0, 0.0, 0.0, 0.0, 0.0]","[-0.0024431399069726467, -0.0009133897838182747, 0.06393726915121078, 0.9493340253829956, 0.3142687976360321, 0.06856878101825714, 0.07789728790521622, 0.36061009764671326, 0.09788481146097183, 0.3676225543022156, 0.2848425507545471, 0.40291574597358704, 0.5981464385986328, 0.24454955756664276, 0.029838312417268753, 0.059369925409555435, 0.028083471581339836, -0.1652676910161972, 0.5967698693275452, 0.0, 0.0, 0.9493340253829956, -0.3142687976360321, 0.0, 0.0, -0.2004804164171219, 0.03705232962965965, 0.0, 0.0, 0.9493340253829956, -0.3142687976360321, 0.0, 0.0, 0.16470451653003693, 0.01765877939760685, 0.0, 0.0, 0.9493340253829956, -0.3142687976360321, 0.0, 0.0, 1.25, 1.25, 0.0, 0.0, 0.0, 0.0, 0.0, 0.0, 1.25, 1.25, 0.0, 0.0, 0.0, 0.0, 0.0, 0.0]"
143,-0.2926543951034546,-0.2926427125930786,-0.6859263181686401,0.40001511066521794,0.0007284345338121057,-0.0010515812318772078,0.0012792341291907614,0.34559468999678683,False,,-1.059695496208836,-1.0629262924194336,"[-0.0024431399069726467, -0.0009133897838182747, 0.06393726915121078, 0.9493340253829956, 0.3142687976360321, 0.06856878101825714, 0.07789728790521622, 0.36061009764671326, 0.09788481146097183, 0.3676225543022156, 0.2848425507545471, 0.40291574597358704, 0.5981464385986328, 0.24454955756664276, 0.029838312417268753, 0.059369925409555435, 0.028083471581339836, -0.1652676910161972, 0.5967698693275452, 0.0, 0.0, 0.9493340253829956, -0.3142687976360321, 0.0, 0.0, -0.2004804164171219, 0.03705232962965965, 0.0, 0.0, 0.9493340253829956, -0.3142687976360321, 0.0, 0.0, 0.16470451653003693, 0.01765877939760685, 0.0, 0.0, 0.9493340253829956, -0.3142687976360321, 0.0, 0.0, 1.25, 1.25, 0.0, 0.0, 0.0, 0.0, 0.0, 0.0, 1.25, 1.25, 0.0, 0.0, 0.0, 0.0, 0.0, 0.0]","[0.0007284345338121057, -0.0010515812318772078, 0.06421732902526855, 0.9488930106163025, 0.31559786200523376, 0.06859263777732849, 0.07796002924442291, 0.36063259840011597, 0.09802763909101486, 0.36750927567481995, 0.284673810005188, 0.40262487530708313, 0.5984538793563843, 0.2446337342262268, 0.029825273901224136, 0.0595516711473465, 0.028103983029723167, -0.16442923247814178, 0.5970367193222046, 0.0, 0.0, 0.9488930106163025, -0.31559786200523376, 0.0, 0.0, -0.20042569935321808, 0.03736899420619011, 0.0, 0.0, 0.9488930106163025, -0.31559786200523376, 0.0, 0.0, 0.16473111510276794, 0.017464296892285347, 0.0, 0.0, 0.9488930106163025, -0.31559786200523376, 0.0, 0.0, 1.25, 1.25, 0.0, 0.0, 0.0, 0.0, 0.0, 0.0, 1.25, 1.25, 0.0, 0.0, 0.0, 0.0, 0.0, 0.0]"
144,-0.2926613986492157,-0.2926543951034546,0.49842533469200134,0.39997072051003746,0.00036951000220142305,-0.0011595985852181911,0.0012170482819374613,0.34990068786635914,False,,-1.05964050882334,-1.062873125076294,"[0.0007284345338121057, -0.0010515812318772078, 0.06421732902526855, 0.9488930106163025, 0.31559786200523376, 0.06859263777732849, 0.07796002924442291, 0.36063259840011597, 0.09802763909101486, 0.36750927567481995, 0.284673810005188, 0.40262487530708313, 0.5984538793563843, 0.2446337342262268, 0.029825273901224136, 0.0595516711473465, 0.028103983029723167, -0.16442923247814178, 0.5970367193222046, 0.0, 0.0, 0.9488930106163025, -0.31559786200523376, 0.0, 0.0, -0.20042569935321808, 0.03736899420619011, 0.0, 0.0, 0.9488930106163025, -0.31559786200523376, 0.0, 0.0, 0.16473111510276794, 0.017464296892285347, 0.0, 0.0, 0.9488930106163025, -0.31559786200523376, 0.0, 0.0, 1.25, 1.25, 0.0, 0.0, 0.0, 0.0, 0.0, 0.0, 1.25, 1.25, 0.0, 0.0, 0.0, 0.0, 0.0, 0.0]","[0.00036951000220142305, -0.0011595985852181911, 0.06451590359210968, 0.9484208226203918, 0.31701409816741943, 0.06862936168909073, 0.07803985476493835, 0.36066797375679016, 0.09819652885198593, 0.36740007996559143, 0.2845054268836975, 0.4023278057575226, 0.5987933874130249, 0.24471403658390045, 0.02979971654713154, 0.059723153710365295, 0.02811485528945923, -0.16351862251758575, 0.5973270535469055, 0.0, 0.0, 0.9484208226203918, -0.31701409816741943, 0.0, 0.0, -0.2003505825996399, 0.037713658064603806, 0.0, 0.0, 0.9484208226203918, -0.31701409816741943, 0.0, 0.0, 0.16477549076080322, 0.017264049500226974, 0.0, 0.0, 0.9484208226203918, -0.31701409816741943, 0.0, 0.0, 1.25, 1.25, 0.0, 0.0, 0.0, 0.0, 0.0, 0.0, 1.25, 1.25, 0.0, 0.0, 0.0, 0.0, 0.0, 0.0]"
145,-0.2926640212535858,-0.2926613986492157,0.45693227648735046,0.39994048447028085,-0.00017723612836562097,-0.0012735890923067927,0.0012858622870435524,0.3546613456948617,False,,-1.059589303486294,-1.0628198385238647,"[0.00036951000220142305, -0.0011595985852181911, 0.06451590359210968, 0.9484208226203918, 0.31701409816741943, 0.06862936168909073, 0.07803985476493835, 0.36066797375679016, 0.09819652885198593, 0.36740007996559143, 0.2845054268836975, 0.4023278057575226, 0.5987933874130249, 0.24471403658390045, 0.02979971654713154, 0.059723153710365295, 0.02811485528945923, -0.16351862251758575, 0.5973270535469055, 0.0, 0.0, 0.9484208226203918, -0.31701409816741943, 0.0, 0.0, -0.2003505825996399, 0.037713658064603806, 0.0, 0.0, 0.9484208226203918, -0.31701409816741943, 0.0, 0.0, 0.16477549076080322, 0.017264049500226974, 0.0, 0.0, 0.9484208226203918, -0.31701409816741943, 0.0, 0.0, 1.25, 1.25, 0.0, 0.0, 0.0, 0.0, 0.0, 0.0, 1.25, 1.25, 0.0, 0.0, 0.0, 0.0, 0.0, 0.0]","[-0.00017723612836562097, -0.0012735890923067927, 0.06476704776287079, 0.9480220079421997, 0.318204790353775, 0.06865981221199036, 0.078106589615345, 0.36069780588150024, 0.09833835810422897, 0.36730846762657166, 0.2843796908855438, 0.40207844972610474, 0.599094569683075, 0.2447676956653595, 0.029778828844428062, 0.05986935272812843, 0.028124557808041573, -0.16274745762348175, 0.597586452960968, 0.0, 0.0, 0.9480220079421997, -0.318204790353775, 0.0, 0.0, -0.20028209686279297, 0.03801978752017021, 0.0, 0.0, 0.9480220079421997, -0.318204790353775, 0.0, 0.0, 0.16481740772724152, 0.01711191050708294, 0.0, 0.0, 0.9480220079421997, -0.318204790353775, 0.0, 0.0, 1.25, 1.25, 0.0, 0.0, 0.0, 0.0, 0.0, 0.0, 1.25, 1.25, 0.0, 0.0, 0.0, 0.0, 0.0, 0.0]"
146,-0.2926659882068634,-0.2926640212535858,-0.6952499747276306,0.39993351706188207,-0.0010497246403247118,-0.0014786500250920653,0.001813374676455368,0.35985422055695565,False,,-1.0595416593629317,-1.0627564191818237,"[-0.00017723612836562097, -0.0012735890923067927, 0.06476704776287079, 0.9480220079421997, 0.318204790353775, 0.06865981221199036, 0.078106589615345, 0.36069780588150024, 0.09833835810422897, 0.36730846762657166, 0.2843796908855438, 0.40207844972610474, 0.599094569683075, 0.2447676956653595, 0.029778828844428062, 0.05986935272812843, 0.028124557808041573, -0.16274745762348175, 0.597586452960968, 0.0, 0.0, 0.9480220079421997, -0.318204790353775, 0.0, 0.0, -0.20028209686279297, 0.03801978752017021, 0.0, 0.0, 0.9480220079421997, -0.318204790353775, 0.0, 0.0, 0.16481740772724152, 0.01711191050708294, 0.0, 0.0, 0.9480220079421997, -0.318204790353775, 0.0, 0.0, 1.25, 1.25, 0.0, 0.0, 0.0, 0.0, 0.0, 0.0, 1.25, 1.25, 0.0, 0.0, 0.0, 0.0, 0.0, 0.0]","[-0.0010497246403247118, -0.0014786500250920653, 0.06496866047382355, 0.9477007389068604, 0.31916025280952454, 0.06868303567171097, 0.07815881818532944, 0.36072105169296265, 0.09845071285963058, 0.36723417043685913, 0.2842968702316284, 0.40187767148017883, 0.5993539094924927, 0.24479438364505768, 0.02976340241730213, 0.05998992174863815, 0.02813360095024109, -0.1621231585741043, 0.5978131890296936, 0.0, 0.0, 0.9477007389068604, -0.31916025280952454, 0.0, 0.0, -0.20022183656692505, 0.038284651935100555, 0.0, 0.0, 0.9477007389068604, -0.31916025280952454, 0.0, 0.0, 0.16485579311847687, 0.017008954659104347, 0.0, 0.0, 0.9477007389068604, -0.31916025280952454, 0.0, 0.0, 1.25, 1.25, 0.0, 0.0, 0.0, 0.0, 0.0, 0.0, 1.25, 1.25, 0.0, 0.0, 0.0, 0.0, 0.0, 0.0]"
147,-0.29266706109046936,-0.2926659882068634,0.3958794176578522,0.39996401423411443,-0.0025748065672814846,-0.0019982215017080307,0.003259220463363005,0.3654143053252901,False,,-1.0594968941002427,-1.0626682043075562,"[-0.0010497246403247118, -0.0014786500250920653, 0.06496866047382355, 0.9477007389068604, 0.31916025280952454, 0.06868303567171097, 0.07815881818532944, 0.36072105169296265, 0.09845071285963058, 0.36723417043685913, 0.2842968702316284, 0.40187767148017883, 0.5993539094924927, 0.24479438364505768, 0.02976340241730213, 0.05998992174863815, 0.02813360095024109, -0.1621231585741043, 0.5978131890296936, 0.0, 0.0, 0.9477007389068604, -0.31916025280952454, 0.0, 0.0, -0.20022183656692505, 0.038284651935100555, 0.0, 0.0, 0.9477007389068604, -0.31916025280952454, 0.0, 0.0, 0.16485579311847687, 0.017008954659104347, 0.0, 0.0, 0.9477007389068604, -0.31916025280952454, 0.0, 0.0, 1.25, 1.25, 0.0, 0.0, 0.0, 0.0, 0.0, 0.0, 1.25, 1.25, 0.0, 0.0, 0.0, 0.0, 0.0, 0.0]","[-0.0025748065672814846, -0.0019982215017080307, 0.06511033326387405, 0.9474744200706482, 0.319831520318985, 0.0686967521905899, 0.07819259166717529, 0.3607352375984192, 0.09852608293294907, 0.3671797811985016, 0.2842625081539154, 0.401734322309494, 0.5995590090751648, 0.2447909712791443, 0.02975522167980671, 0.06008028984069824, 0.02814246527850628, -0.16167859733104706, 0.5979981422424316, 0.0, 0.0, 0.9474744200706482, -0.319831520318985, 0.0, 0.0, -0.20017363131046295, 0.03849674016237259, 0.0, 0.0, 0.9474744200706482, -0.319831520318985, 0.0, 0.0, 0.16488821804523468, 0.016962645575404167, 0.0, 0.0, 0.9474744200706482, -0.319831520318985, 0.0, 0.0, 1.25, 1.25, 0.0, 0.0, 0.0, 0.0, 0.0, 0.0, 1.25, 1.25, 0.0, 0.0, 0.0, 0.0, 0.0, 0.0]"
148,-0.2926725447177887,-0.29266706109046936,-1.4732784032821655,0.4000577894281879,0.000610602437518537,-0.002055463846772909,0.002144240416113376,0.3711688818354767,False,,-1.059454387143258,-1.0626592636108398,"[-0.0025748065672814846, -0.0019982215017080307, 0.06511033326387405, 0.9474744200706482, 0.319831520318985, 0.0686967521905899, 0.07819259166717529, 0.3607352375984192, 0.09852608293294907, 0.3671797811985016, 0.2842625081539154, 0.401734322309494, 0.5995590090751648, 0.2447909712791443, 0.02975522167980671, 0.06008028984069824, 0.02814246527850628, -0.16167859733104706, 0.5979981422424316, 0.0, 0.0, 0.9474744200706482, -0.319831520318985, 0.0, 0.0, -0.20017363131046295, 0.03849674016237259, 0.0, 0.0, 0.9474744200706482, -0.319831520318985, 0.0, 0.0, 0.16488821804523468, 0.016962645575404167, 0.0, 0.0, 0.9474744200706482, -0.319831520318985, 0.0, 0.0, 1.25, 1.25, 0.0, 0.0, 0.0, 0.0, 0.0, 0.0, 1.25, 1.25, 0.0, 0.0, 0.0, 0.0, 0.0, 0.0]","[0.000610602437518537, -0.002055463846772909, 0.06515935063362122, 0.9473960399627686, 0.3200637102127075, 0.06869529187679291, 0.07819722592830658, 0.36073461174964905, 0.09854328632354736, 0.36715537309646606, 0.2842966914176941, 0.40167859196662903, 0.5996735692024231, 0.24474623799324036, 0.02975858561694622, 0.06012413278222084, 0.028151394799351692, -0.16151480376720428, 0.5981131792068481, 0.0, 0.0, 0.9473960399627686, -0.3200637102127075, 0.0, 0.0, -0.20014695823192596, 0.0386212132871151, 0.0, 0.0, 0.9473960399627686, -0.3200637102127075, 0.0, 0.0, 0.1649089902639389, 0.01699785329401493, 0.0, 0.0, 0.9473960399627686, -0.3200637102127075, 0.0, 0.0, 1.25, 1.25, 0.0, 0.0, 0.0, 0.0, 0.0, 0.0, 1.25, 1.25, 0.0, 0.0, 0.0, 0.0, 0.0, 0.0]"
149,-0.29267409443855286,-0.2926725447177887,-1.047200322151184,0.39999910097351143,0.00037974846782162786,-0.0020810901187360287,0.002115453847549885,0.377724183710064,False,,-1.0594163078171062,-1.0626219511032104,"[0.000610602437518537, -0.002055463846772909, 0.06515935063362122, 0.9473960399627686, 0.3200637102127075, 0.06869529187679291, 0.07819722592830658, 0.36073461174964905, 0.09854328632354736, 0.36715537309646606, 0.2842966914176941, 0.40167859196662903, 0.5996735692024231, 0.24474623799324036, 0.02975858561694622, 0.06012413278222084, 0.028151394799351692, -0.16151480376720428, 0.5981131792068481, 0.0, 0.0, 0.9473960399627686, -0.3200637102127075, 0.0, 0.0, -0.20014695823192596, 0.0386212132871151, 0.0, 0.0, 0.9473960399627686, -0.3200637102127075, 0.0, 0.0, 0.1649089902639389, 0.01699785329401493, 0.0, 0.0, 0.9473960399627686, -0.3200637102127075, 0.0, 0.0, 1.25, 1.25, 0.0, 0.0, 0.0, 0.0, 0.0, 0.0, 1.25, 1.25, 0.0, 0.0, 0.0, 0.0, 0.0, 0.0]","[0.00037974846782162786, -0.0020810901187360287, 0.06524543464183807, 0.9472581744194031, 0.32047149538993835, 0.0687088742852211, 0.07822373509407043, 0.3607485592365265, 0.09859669208526611, 0.3671277165412903, 0.2843145728111267, 0.40159744024276733, 0.5998350977897644, 0.24470765888690948, 0.02974788472056389, 0.060167647898197174, 0.028151361271739006, -0.16122454404830933, 0.5982642769813538, 0.0, 0.0, 0.9472581744194031, -0.32047149538993835, 0.0, 0.0, -0.20009754598140717, 0.038789015263319016, 0.0, 0.0, 0.9472581744194031, -0.32047149538993835, 0.0, 0.0, 0.1649484634399414, 0.017008719965815544, 0.0, 0.0, 0.9472581744194031, -0.32047149538993835, 0.0, 0.0, 1.25, 1.25, 0.0, 0.0, 0.0, 0.0, 0.0, 0.0, 1.25, 1.25, 0.0, 0.0, 0.0, 0.0, 0.0, 0.0]"
150,-0.29783177375793457,-0.29267409443855286,0.8631266355514526,0.39995034661132467,2.2906900994712487e-05,-0.0020736465230584145,0.0020737730417539507,0.3855078325142508,True,3.562949361003819,-0.0,-0.0032068812288343906,"[0.00037974846782162786, -0.0020810901187360287, 0.06524543464183807, 0.9472581744194031, 0.32047149538993835, 0.0687088742852211, 0.07822373509407043, 0.3607485592365265, 0.09859669208526611, 0.3671277165412903, 0.2843145728111267, 0.40159744024276733, 0.5998350977897644, 0.24470765888690948, 0.02974788472056389, 0.060167647898197174, 0.028151361271739006, -0.16122454404830933, 0.5982642769813538, 0.0, 0.0, 0.9472581744194031, -0.32047149538993835, 0.0, 0.0, -0.20009754598140717, 0.038789015263319016, 0.0, 0.0, 0.9472581744194031, -0.32047149538993835, 0.0, 0.0, 0.1649484634399414, 0.017008719965815544, 0.0, 0.0, 0.9472581744194031, -0.32047149538993835, 0.0, 0.0, 1.25, 1.25, 0.0, 0.0, 0.0, 0.0, 0.0, 0.0, 1.25, 1.25, 0.0, 0.0, 0.0, 0.0, 0.0, 0.0]","[2.2906900994712487e-05, -0.0020736465230584145, 0.06530572474002838, 0.9471614956855774, 0.32075703144073486, 0.06871877610683441, 0.07824274897575378, 0.36075881123542786, 0.09863467514514923, 0.36710891127586365, 0.2843555808067322, 0.40154123306274414, 0.5999752283096313, 0.24465373158454895, 0.029739828780293465, 0.06019701436161995, 0.028150802478194237, -0.16101036965847015, 0.5984000563621521, 0.0, 0.0, 0.9471614956855774, -0.32075703144073486, 0.0, 0.0, -0.20005202293395996, 0.03893650695681572, 0.0, 0.0, 0.9471614956855774, -0.32075703144073486, 0.0, 0.0, 0.16498678922653198, 0.017046382650732994, 0.0, 0.0, 0.9471614956855774, -0.32075703144073486, 0.0, 0.0, 0.11446207761764526, 0.27396246790885925, 0.0, 0.0, -0.8548811078071594, 0.5188239216804504, 0.0, 1.0, 1.25, 1.25, 0.0, 0.0, 0.0, 0.0, 0.0, 0.0]"
151,-0.2998838424682617,-0.29783177375793457,-1.1529898643493652,0.3998707487450037,-0.0006453926325775683,-0.002154226414859295,0.0022488270490775707,0.4012487602979619,True,3.561287791731864,-0.0,0.0307083111256361,"[2.2906900994712487e-05, -0.0020736465230584145, 0.06530572474002838, 0.9471614956855774, 0.32075703144073486, 0.06871877610683441, 0.07824274897575378, 0.36075881123542786, 0.09863467514514923, 0.36710891127586365, 0.2843555808067322, 0.40154123306274414, 0.5999752283096313, 0.24465373158454895, 0.029739828780293465, 0.06019701436161995, 0.028150802478194237, -0.16101036965847015, 0.5984000563621521, 0.0, 0.0, 0.9471614956855774, -0.32075703144073486, 0.0, 0.0, -0.20005202293395996, 0.03893650695681572, 0.0, 0.0, 0.9471614956855774, -0.32075703144073486, 0.0, 0.0, 0.16498678922653198, 0.017046382650732994, 0.0, 0.0, 0.9471614956855774, -0.32075703144073486, 0.0, 0.0, 0.11446207761764526, 0.27396246790885925, 0.0, 0.0, -0.8548811078071594, 0.5188239216804504, 0.0, 1.0, 1.25, 1.25, 0.0, 0.0, 0.0, 0.0, 0.0, 0.0]","[-0.0006453926325775683, -0.002154226414859295, 0.06529950350522995, 0.9471715092658997, 0.32072755694389343, 0.06872310489416122, 0.07824688404798508, 0.36076343059539795, 0.09863843023777008, 0.3671166002750397, 0.2844499945640564, 0.40155330300331116, 0.6000540852546692, 0.2445659190416336, 0.02973436750471592, 0.06018124520778656, 0.028144903481006622, -0.16099034249782562, 0.5984885096549988, 0.0, 0.0, 0.9471715092658997, -0.32072755694389343, 0.0, 0.0, -0.20001457631587982, 0.0390237495303154, 0.0, 0.0, 0.9471715092658997, -0.32072755694389343, 0.0, 0.0, 0.1650242954492569, 0.0171451885253191, 0.0, 0.0, 0.9471715092658997, -0.32072755694389343, 0.0, 0.0, 0.11908019334077835, 0.2718358039855957, 0.0, 0.0, -0.8506696820259094, 0.5257006287574768, 0.0, 1.0, 1.25, 1.25, 0.0, 0.0, 0.0, 0.0, 0.0, 0.0]"
152,-0.3019742965698242,-0.2998838424682617,1.0708540678024292,0.399934052290875,-0.0030052042566239834,-0.002851770492270589,0.0041429274148379845,0.41719914076943426,True,3.560097143319062,-0.0,0.030499305576086044,"[-0.0006453926325775683, -0.002154226414859295, 0.06529950350522995, 0.9471715092658997, 0.32072755694389343, 0.06872310489416122, 0.07824688404798508, 0.36076343059539795, 0.09863843023777008, 0.3671166002750397, 0.2844499945640564, 0.40155330300331116, 0.6000540852546692, 0.2445659190416336, 0.02973436750471592, 0.06018124520778656, 0.028144903481006622, -0.16099034249782562, 0.5984885096549988, 0.0, 0.0, 0.9471715092658997, -0.32072755694389343, 0.0, 0.0, -0.20001457631587982, 0.0390237495303154, 0.0, 0.0, 0.9471715092658997, -0.32072755694389343, 0.0, 0.0, 0.1650242954492569, 0.0171451885253191, 0.0, 0.0, 0.9471715092658997, -0.32072755694389343, 0.0, 0.0, 0.11908019334077835, 0.2718358039855957, 0.0, 0.0, -0.8506696820259094, 0.5257006287574768, 0.0, 1.0, 1.25, 1.25, 0.0, 0.0, 0.0, 0.0, 0.0, 0.0]","[-0.0030052042566239834, -0.002851770492270589, 0.06519613415002823, 0.9473371505737305, 0.3202379643917084, 0.06897525489330292, 0.07821423560380936, 0.36074715852737427, 0.09857326000928879, 0.3671502470970154, 0.28462088108062744, 0.4016512334346771, 0.6000421047210693, 0.24443025887012482, 0.029746675863862038, 0.06012788042426109, 0.028144437819719315, -0.1612694263458252, 0.5985111594200134, 0.0, 0.0, 0.9473371505737305, -0.3202379643917084, 0.0, 0.0, -0.2000044733285904, 0.03902627155184746, 0.0, 0.0, 0.9473371505737305, -0.3202379643917084, 0.0, 0.0, 0.16504503786563873, 0.017336593940854073, 0.0, 0.0, 0.9473371505737305, -0.3202379643917084, 0.0, 0.0, 0.12377244979143143, 0.2696225047111511, 0.0, 0.0, -0.8469155430793762, 0.5317274332046509, 0.0, 1.0, 1.25, 1.25, 0.0, 0.0, 0.0, 0.0, 0.0, 0.0]"
153,-0.30438005924224854,-0.3019742965698242,0.15751996636390686,0.3999749246093999,-4.4224354496691376e-05,-0.0029091397300362587,0.0029094758569897235,0.43327006514197264,True,3.559512254819629,-0.0,0.030158357694745064,"[-0.0030052042566239834, -0.002851770492270589, 0.06519613415002823, 0.9473371505737305, 0.3202379643917084, 0.06897525489330292, 0.07821423560380936, 0.36074715852737427, 0.09857326000928879, 0.3671502470970154, 0.28462088108062744, 0.4016512334346771, 0.6000421047210693, 0.24443025887012482, 0.029746675863862038, 0.06012788042426109, 0.028144437819719315, -0.1612694263458252, 0.5985111594200134, 0.0, 0.0, 0.9473371505737305, -0.3202379643917084, 0.0, 0.0, -0.2000044733285904, 0.03902627155184746, 0.0, 0.0, 0.9473371505737305, -0.3202379643917084, 0.0, 0.0, 0.16504503786563873, 0.017336593940854073, 0.0, 0.0, 0.9473371505737305, -0.3202379643917084, 0.0, 0.0, 0.12377244979143143, 0.2696225047111511, 0.0, 0.0, -0.8469155430793762, 0.5317274332046509, 0.0, 1.0, 1.25, 1.25, 0.0, 0.0, 0.0, 0.0, 0.0, 0.0]","[-4.4224354496691376e-05, -0.0029091397300362587, 0.06496479362249374, 0.947706937789917, 0.3191419541835785, 0.06951034814119339, 0.07815015316009521, 0.3607178330421448, 0.09843890368938446, 0.3672327697277069, 0.2848902642726898, 0.4018784463405609, 0.5999084115028381, 0.24423445761203766, 0.029766768217086792, 0.05999379605054855, 0.02813633158802986, -0.16192688047885895, 0.598438024520874, 0.0, 0.0, 0.947706937789917, -0.3191419541835785, 0.0, 0.0, -0.20001475512981415, 0.03890873119235039, 0.0, 0.0, 0.947706937789917, -0.3191419541835785, 0.0, 0.0, 0.16505898535251617, 0.01764153130352497, 0.0, 0.0, 0.947706937789917, -0.3191419541835785, 0.0, 0.0, 0.1285191774368286, 0.2673383951187134, 0.0, 0.0, -0.8436813354492188, 0.5368442535400391, 0.0, 1.0, 1.25, 1.25, 0.0, 0.0, 0.0, 0.0, 0.0, 0.0]"
154,-0.30696991086006165,-0.30438005924224854,-0.3049749732017517,0.3998680271995605,-0.0009485318441875279,-0.002975748386234045,0.0031232660977912716,0.45000537686510217,True,3.559792449813296,-0.0,0.02982231229543686,"[-4.4224354496691376e-05, -0.0029091397300362587, 0.06496479362249374, 0.947706937789917, 0.3191419541835785, 0.06951034814119339, 0.07815015316009521, 0.3607178330421448, 0.09843890368938446, 0.3672327697277069, 0.2848902642726898, 0.4018784463405609, 0.5999084115028381, 0.24423445761203766, 0.029766768217086792, 0.05999379605054855, 0.02813633158802986, -0.16192688047885895, 0.598438024520874, 0.0, 0.0, 0.947706937789917, -0.3191419541835785, 0.0, 0.0, -0.20001475512981415, 0.03890873119235039, 0.0, 0.0, 0.947706937789917, -0.3191419541835785, 0.0, 0.0, 0.16505898535251617, 0.01764153130352497, 0.0, 0.0, 0.947706937789917, -0.3191419541835785, 0.0, 0.0, 0.1285191774368286, 0.2673383951187134, 0.0, 0.0, -0.8436813354492188, 0.5368442535400391, 0.0, 1.0, 1.25, 1.25, 0.0, 0.0, 0.0, 0.0, 0.0, 0.0]","[-0.0009485318441875279, -0.002975748386234045, 0.06472250074148178, 0.9480928778648376, 0.3179936408996582, 0.07010315358638763, 0.07809526473283768, 0.3606976866722107, 0.0983138307929039, 0.3673299551010132, 0.28518325090408325, 0.4021283984184265, 0.5997788310050964, 0.24402040243148804, 0.029776733368635178, 0.05983171984553337, 0.028117360547184944, -0.1626000851392746, 0.5983673930168152, 0.0, 0.0, 0.9480928778648376, -0.3179936408996582, 0.0, 0.0, -0.20001010596752167, 0.03879237174987793, 0.0, 0.0, 0.9480928778648376, -0.3179936408996582, 0.0, 0.0, 0.16508853435516357, 0.01796765811741352, 0.0, 0.0, 0.9480928778648376, -0.3179936408996582, 0.0, 0.0, 0.1334938108921051, 0.2649155557155609, 0.0, 0.0, -0.8406265377998352, 0.5416151881217957, 0.0, 1.0, 1.25, 1.25, 0.0, 0.0, 0.0, 0.0, 0.0, 0.0]"
155,-0.30986902117729187,-0.30696991086006165,0.8974807262420654,0.40002228168100956,-0.00016046236851252615,-0.0035544433631002903,0.003558063489202568,0.46656926473458404,True,3.560921360091813,-0.0,0.029457200318574905,"[-0.0009485318441875279, -0.002975748386234045, 0.06472250074148178, 0.9480928778648376, 0.3179936408996582, 0.07010315358638763, 0.07809526473283768, 0.3606976866722107, 0.0983138307929039, 0.3673299551010132, 0.28518325090408325, 0.4021283984184265, 0.5997788310050964, 0.24402040243148804, 0.029776733368635178, 0.05983171984553337, 0.028117360547184944, -0.1626000851392746, 0.5983673930168152, 0.0, 0.0, 0.9480928778648376, -0.3179936408996582, 0.0, 0.0, -0.20001010596752167, 0.03879237174987793, 0.0, 0.0, 0.9480928778648376, -0.3179936408996582, 0.0, 0.0, 0.16508853435516357, 0.01796765811741352, 0.0, 0.0, 0.9480928778648376, -0.3179936408996582, 0.0, 0.0, 0.1334938108921051, 0.2649155557155609, 0.0, 0.0, -0.8406265377998352, 0.5416151881217957, 0.0, 1.0, 1.25, 1.25, 0.0, 0.0, 0.0, 0.0, 0.0, 0.0]","[-0.00016046236851252615, -0.0035544433631002903, 0.06430898606777191, 0.9487482905387878, 0.3160327076911926, 0.07089973241090775, 0.07797559350728989, 0.3606419861316681, 0.09806821495294571, 0.367474228143692, 0.28560537099838257, 0.4025319814682007, 0.5994848608970642, 0.24373134970664978, 0.02981896512210369, 0.05960728973150253, 0.02810877561569214, -0.16380394995212555, 0.5981695055961609, 0.0, 0.0, 0.9487482905387878, -0.3160327076911926, 0.0, 0.0, -0.20005692541599274, 0.03851834312081337, 0.0, 0.0, 0.9487482905387878, -0.3160327076911926, 0.0, 0.0, 0.1650833636522293, 0.018448742106556892, 0.0, 0.0, 0.9487482905387878, -0.3160327076911926, 0.0, 0.0, 0.13845136761665344, 0.2624650299549103, 0.0, 0.0, -0.8381673693656921, 0.5454131364822388, 0.0, 1.0, 1.25, 1.25, 0.0, 0.0, 0.0, 0.0, 0.0, 0.0]"
156,-0.3129958212375641,-0.30986902117729187,-1.322115421295166,0.3998716421643055,-0.00123203347902745,-0.00357149844057858,0.0037780295928565343,0.4837853205219885,True,3.5633046733272034,-0.0,0.029045550152659416,"[-0.00016046236851252615, -0.0035544433631002903, 0.06430898606777191, 0.9487482905387878, 0.3160327076911926, 0.07089973241090775, 0.07797559350728989, 0.3606419861316681, 0.09806821495294571, 0.367474228143692, 0.28560537099838257, 0.4025319814682007, 0.5994848608970642, 0.24373134970664978, 0.02981896512210369, 0.05960728973150253, 0.02810877561569214, -0.16380394995212555, 0.5981695055961609, 0.0, 0.0, 0.9487482905387878, -0.3160327076911926, 0.0, 0.0, -0.20005692541599274, 0.03851834312081337, 0.0, 0.0, 0.9487482905387878, -0.3160327076911926, 0.0, 0.0, 0.1650833636522293, 0.018448742106556892, 0.0, 0.0, 0.9487482905387878, -0.3160327076911926, 0.0, 0.0, 0.13845136761665344, 0.2624650299549103, 0.0, 0.0, -0.8381673693656921, 0.5454131364822388, 0.0, 1.0, 1.25, 1.25, 0.0, 0.0, 0.0, 0.0, 0.0, 0.0]","[-0.00123203347902745, -0.00357149844057858, 0.06388583779335022, 0.949414849281311, 0.3140246570110321, 0.07176628708839417, 0.077878437936306, 0.36060720682144165, 0.09784941375255585, 0.36764466762542725, 0.286053866147995, 0.40297064185142517, 0.5992006659507751, 0.24342359602451324, 0.02983938716351986, 0.059334032237529755, 0.028078464791178703, -0.16500632464885712, 0.5979716181755066, 0.0, 0.0, 0.949414849281311, -0.3140246570110321, 0.0, 0.0, -0.20007513463497162, 0.038245026022195816, 0.0, 0.0, 0.949414849281311, -0.3140246570110321, 0.0, 0.0, 0.16510620713233948, 0.018948227167129517, 0.0, 0.0, 0.949414849281311, -0.3140246570110321, 0.0, 0.0, 0.14365620911121368, 0.2598797380924225, 0.0, 0.0, -0.8358502984046936, 0.5489574670791626, 0.0, 1.0, 1.25, 1.25, 0.0, 0.0, 0.0, 0.0, 0.0, 0.0]"
157,-0.31597238779067993,-0.3129958212375641,-1.0221519470214844,0.3999612095796806,-0.00040262634865939617,-0.004144977778196335,0.004164486614022936,0.4961539769170523,True,3.5532361815845355,-0.0,0.02668071538209915,"[-0.00123203347902745, -0.00357149844057858, 0.06388583779335022, 0.949414849281311, 0.3140246570110321, 0.07176628708839417, 0.077878437936306, 0.36060720682144165, 0.09784941375255585, 0.36764466762542725, 0.286053866147995, 0.40297064185142517, 0.5992006659507751, 0.24342359602451324, 0.02983938716351986, 0.059334032237529755, 0.028078464791178703, -0.16500632464885712, 0.5979716181755066, 0.0, 0.0, 0.949414849281311, -0.3140246570110321, 0.0, 0.0, -0.20007513463497162, 0.038245026022195816, 0.0, 0.0, 0.949414849281311, -0.3140246570110321, 0.0, 0.0, 0.16510620713233948, 0.018948227167129517, 0.0, 0.0, 0.949414849281311, -0.3140246570110321, 0.0, 0.0, 0.14365620911121368, 0.2598797380924225, 0.0, 0.0, -0.8358502984046936, 0.5489574670791626, 0.0, 1.0, 1.25, 1.25, 0.0, 0.0, 0.0, 0.0, 0.0, 0.0]","[-0.00040262634865939617, -0.004144977778196335, 0.06327047944068909, 0.9503765106201172, 0.3111020624637604, 0.07287688553333282, 0.0777139663696289, 0.36053895950317383, 0.09750339388847351, 0.3678746521472931, 0.28665071725845337, 0.4035903215408325, 0.5987371802330017, 0.24303440749645233, 0.029892466962337494, 0.05898672342300415, 0.02805633284151554, -0.1667996644973755, 0.5976247191429138, 0.0, 0.0, 0.9503765106201172, -0.3111020624637604, 0.0, 0.0, -0.2001461386680603, 0.0377928651869297, 0.0, 0.0, 0.9503765106201172, -0.3111020624637604, 0.0, 0.0, 0.16509221494197845, 0.019619934260845184, 0.0, 0.0, 0.9503765106201172, -0.3111020624637604, 0.0, 0.0, 0.14691267907619476, 0.2570868730545044, 0.0, 0.0, -0.87124103307724, 0.4908553957939148, 0.0, 1.0, 1.25, 1.25, 0.0, 0.0, 0.0, 0.0, 0.0, 0.0]"
158,-0.3191734850406647,-0.31597238779067993,-0.21494203805923462,0.3999315488897236,-0.0038560263346880674,-0.004657949320971966,0.006046935667803246,0.5052736214482405,True,3.5323808743614915,-0.0,0.023794423788785934,"[-0.00040262634865939617, -0.004144977778196335, 0.06327047944068909, 0.9503765106201172, 0.3111020624637604, 0.07287688553333282, 0.0777139663696289, 0.36053895950317383, 0.09750339388847351, 0.3678746521472931, 0.28665071725845337, 0.4035903215408325, 0.5987371802330017, 0.24303440749645233, 0.029892466962337494, 0.05898672342300415, 0.02805633284151554, -0.1667996644973755, 0.5976247191429138, 0.0, 0.0, 0.9503765106201172, -0.3111020624637604, 0.0, 0.0, -0.2001461386680603, 0.0377928651869297, 0.0, 0.0, 0.9503765106201172, -0.3111020624637604, 0.0, 0.0, 0.16509221494197845, 0.019619934260845184, 0.0, 0.0, 0.9503765106201172, -0.3111020624637604, 0.0, 0.0, 0.14691267907619476, 0.2570868730545044, 0.0, 0.0, -0.87124103307724, 0.4908553957939148, 0.0, 1.0, 1.25, 1.25, 0.0, 0.0, 0.0, 0.0, 0.0, 0.0]","[-0.0038560263346880674, -0.004657949320971966, 0.06264634430408478, 0.951342761516571, 0.30813470482826233, 0.07407061755657196, 0.07755815237760544, 0.36048126220703125, 0.09716779738664627, 0.3681200444698334, 0.28727638721466064, 0.40423381328582764, 0.5982884764671326, 0.24262824654579163, 0.0299377404153347, 0.058621637523174286, 0.028025759384036064, -0.16860312223434448, 0.5972808003425598, 0.0, 0.0, 0.951342761516571, -0.30813470482826233, 0.0, 0.0, -0.20020239055156708, 0.03734758123755455, 0.0, 0.0, 0.951342761516571, -0.30813470482826233, 0.0, 0.0, 0.16509030759334564, 0.020314736291766167, 0.0, 0.0, 0.951342761516571, -0.30813470482826233, 0.0, 0.0, 0.148734912276268, 0.25402504205703735, 0.0, 0.0, -0.908878743648529, 0.4170604944229126, 0.0, 1.0, 1.25, 1.25, 0.0, 0.0, 0.0, 0.0, 0.0, 0.0]"
159,-0.323540598154068,-0.3191734850406647,-0.8375747203826904,0.39985311418995995,-0.0017124026780948043,-0.004487829282879829,0.004803429462812995,0.514881171184087,True,3.513378094733448,-0.0,0.022044043987989426,"[-0.0038560263346880674, -0.004657949320971966, 0.06264634430408478, 0.951342761516571, 0.30813470482826233, 0.07407061755657196, 0.07755815237760544, 0.36048126220703125, 0.09716779738664627, 0.3681200444698334, 0.28727638721466064, 0.40423381328582764, 0.5982884764671326, 0.24262824654579163, 0.0299377404153347, 0.058621637523174286, 0.028025759384036064, -0.16860312223434448, 0.5972808003425598, 0.0, 0.0, 0.951342761516571, -0.30813470482826233, 0.0, 0.0, -0.20020239055156708, 0.03734758123755455, 0.0, 0.0, 0.951342761516571, -0.30813470482826233, 0.0, 0.0, 0.16509030759334564, 0.020314736291766167, 0.0, 0.0, 0.951342761516571, -0.30813470482826233, 0.0, 0.0, 0.148734912276268, 0.25402504205703735, 0.0, 0.0, -0.908878743648529, 0.4170604944229126, 0.0, 1.0, 1.25, 1.25, 0.0, 0.0, 0.0, 0.0, 0.0, 0.0]","[-0.0017124026780948043, -0.004487829282879829, 0.061866313219070435, 0.9525372982025146, 0.304421991109848, 0.07550046592950821, 0.07736880332231522, 0.36041685938835144, 0.09675724059343338, 0.36843499541282654, 0.2880322337150574, 0.40504950284957886, 0.5977064371109009, 0.24215573072433472, 0.029991833493113518, 0.058166369795799255, 0.02798512578010559, -0.17086410522460938, 0.5968075394630432, 0.0, 0.0, 0.9525372982025146, -0.304421991109848, 0.0, 0.0, -0.20027929544448853, 0.03675531968474388, 0.0, 0.0, 0.9525372982025146, -0.304421991109848, 0.0, 0.0, 0.16507641971111298, 0.02114749513566494, 0.0, 0.0, 0.9525372982025146, -0.304421991109848, 0.0, 0.0, 0.15074768662452698, 0.2509903311729431, 0.0, 0.0, -0.9248369932174683, 0.3803636431694031, 0.0, 1.0, 1.25, 1.25, 0.0, 0.0, 0.0, 0.0, 0.0, 0.0]"
160,-0.3277583718299866,-0.323540598154068,-0.756821870803833,0.3998602535060889,-0.000971775793004781,-0.004965853877365589,0.005060044755060663,0.5249204455928651,True,3.4969469047834174,-0.0,0.020982641726732254,"[-0.0017124026780948043, -0.004487829282879829, 0.061866313219070435, 0.9525372982025146, 0.304421991109848, 0.07550046592950821, 0.07736880332231522, 0.36041685938835144, 0.09675724059343338, 0.36843499541282654, 0.2880322337150574, 0.40504950284957886, 0.5977064371109009, 0.24215573072433472, 0.029991833493113518, 0.058166369795799255, 0.02798512578010559, -0.17086410522460938, 0.5968075394630432, 0.0, 0.0, 0.9525372982025146, -0.304421991109848, 0.0, 0.0, -0.20027929544448853, 0.03675531968474388, 0.0, 0.0, 0.9525372982025146, -0.304421991109848, 0.0, 0.0, 0.16507641971111298, 0.02114749513566494, 0.0, 0.0, 0.9525372982025146, -0.304421991109848, 0.0, 0.0, 0.15074768662452698, 0.2509903311729431, 0.0, 0.0, -0.9248369932174683, 0.3803636431694031, 0.0, 1.0, 1.25, 1.25, 0.0, 0.0, 0.0, 0.0, 0.0, 0.0]","[-0.000971775793004781, -0.004965853877365589, 0.060951411724090576, 0.9539198875427246, 0.3000614643096924, 0.07716255635023117, 0.077141672372818, 0.36034172773361206, 0.09627237915992737, 0.36880549788475037, 0.28890740871429443, 0.4060108959674835, 0.5970178246498108, 0.241627037525177, 0.03006359562277794, 0.05765650048851967, 0.02794506400823593, -0.17352938652038574, 0.5962219834327698, 0.0, 0.0, 0.9539198875427246, -0.3000614643096924, 0.0, 0.0, -0.20038233697414398, 0.03604106605052948, 0.0, 0.0, 0.9539198875427246, -0.3000614643096924, 0.0, 0.0, 0.16504034399986267, 0.022104905918240547, 0.0, 0.0, 0.9539198875427246, -0.3000614643096924, 0.0, 0.0, 0.15296824276447296, 0.24803590774536133, 0.0, 0.0, -0.9319785237312317, 0.36251357197761536, 0.0, 1.0, 1.25, 1.25, 0.0, 0.0, 0.0, 0.0, 0.0, 0.0]"
161,-0.33171385526657104,-0.3277583718299866,0.8284795880317688,0.3998930118785855,-0.0009553415584377944,-0.005330976098775864,0.005415901001587629,0.5355113033140266,True,3.4835055182339154,-0.0,0.020236356183886528,"[-0.000971775793004781, -0.004965853877365589, 0.060951411724090576, 0.9539198875427246, 0.3000614643096924, 0.07716255635023117, 0.077141672372818, 0.36034172773361206, 0.09627237915992737, 0.36880549788475037, 0.28890740871429443, 0.4060108959674835, 0.5970178246498108, 0.241627037525177, 0.03006359562277794, 0.05765650048851967, 0.02794506400823593, -0.17352938652038574, 0.5962219834327698, 0.0, 0.0, 0.9539198875427246, -0.3000614643096924, 0.0, 0.0, -0.20038233697414398, 0.03604106605052948, 0.0, 0.0, 0.9539198875427246, -0.3000614643096924, 0.0, 0.0, 0.16504034399986267, 0.022104905918240547, 0.0, 0.0, 0.9539198875427246, -0.3000614643096924, 0.0, 0.0, 0.15296824276447296, 0.24803590774536133, 0.0, 0.0, -0.9319785237312317, 0.36251357197761536, 0.0, 1.0, 1.25, 1.25, 0.0, 0.0, 0.0, 0.0, 0.0, 0.0]","[-0.0009553415584377944, -0.005330976098775864, 0.05995463579893112, 0.9554035067558289, 0.2953035235404968, 0.07901913672685623, 0.07689563930034637, 0.36026686429977417, 0.09574950486421585, 0.36921706795692444, 0.28986856341362, 0.4070713222026825, 0.5962802767753601, 0.2410622537136078, 0.030144769698381424, 0.057116009294986725, 0.027903953567147255, -0.1764344573020935, 0.5955668091773987, 0.0, 0.0, 0.9554035067558289, -0.2953035235404968, 0.0, 0.0, -0.20049522817134857, 0.035259049385786057, 0.0, 0.0, 0.9554035067558289, -0.2953035235404968, 0.0, 0.0, 0.16499175131320953, 0.023144466802477837, 0.0, 0.0, 0.9554035067558289, -0.2953035235404968, 0.0, 0.0, 0.15545471012592316, 0.24515984952449799, 0.0, 0.0, -0.9352232217788696, 0.3540586233139038, 0.0, 1.0, 1.25, 1.25, 0.0, 0.0, 0.0, 0.0, 0.0, 0.0]"
162,-0.33529365062713623,-0.33171385526657104,0.6100385785102844,0.3999071642338603,-0.0009260798688046634,-0.0056861392222344875,0.005761059206260484,0.5465048789648833,True,3.4732518104661225,-0.0,0.019630903378129005,"[-0.0009553415584377944, -0.005330976098775864, 0.05995463579893112, 0.9554035067558289, 0.2953035235404968, 0.07901913672685623, 0.07689563930034637, 0.36026686429977417, 0.09574950486421585, 0.36921706795692444, 0.28986856341362, 0.4070713222026825, 0.5962802767753601, 0.2410622537136078, 0.030144769698381424, 0.057116009294986725, 0.027903953567147255, -0.1764344573020935, 0.5955668091773987, 0.0, 0.0, 0.9554035067558289, -0.2953035235404968, 0.0, 0.0, -0.20049522817134857, 0.035259049385786057, 0.0, 0.0, 0.9554035067558289, -0.2953035235404968, 0.0, 0.0, 0.16499175131320953, 0.023144466802477837, 0.0, 0.0, 0.9554035067558289, -0.2953035235404968, 0.0, 0.0, 0.15545471012592316, 0.24515984952449799, 0.0, 0.0, -0.9352232217788696, 0.3540586233139038, 0.0, 1.0, 1.25, 1.25, 0.0, 0.0, 0.0, 0.0, 0.0, 0.0]","[-0.0009260798688046634, -0.0056861392222344875, 0.05886200815439224, 0.9570025205612183, 0.29007962346076965, 0.08110282570123672, 0.07663167268037796, 0.3601965308189392, 0.09518767893314362, 0.36968138813972473, 0.290928453207016, 0.4082535207271576, 0.59548419713974, 0.24045921862125397, 0.030233461409807205, 0.056533683091402054, 0.027858315035700798, -0.17961712181568146, 0.5948236584663391, 0.0, 0.0, 0.9570025205612183, -0.29007962346076965, 0.0, 0.0, -0.2006164789199829, 0.034392789006233215, 0.0, 0.0, 0.9570025205612183, -0.29007962346076965, 0.0, 0.0, 0.16493059694766998, 0.024275286123156548, 0.0, 0.0, 0.9570025205612183, -0.29007962346076965, 0.0, 0.0, 0.15817908942699432, 0.24239127337932587, 0.0, 0.0, -0.9367238283157349, 0.35006922483444214, 0.0, 1.0, 1.25, 1.25, 0.0, 0.0, 0.0, 0.0, 0.0, 0.0]"
163,-0.33842965960502625,-0.33529365062713623,-0.44769778847694397,0.39989257240660214,-0.0010560032678768039,-0.005930163431912661,0.0060234526005407095,0.5578540367194254,True,3.466296853570922,-0.0,0.019077841192483902,"[-0.0009260798688046634, -0.0056861392222344875, 0.05886200815439224, 0.9570025205612183, 0.29007962346076965, 0.08110282570123672, 0.07663167268037796, 0.3601965308189392, 0.09518767893314362, 0.36968138813972473, 0.290928453207016, 0.4082535207271576, 0.59548419713974, 0.24045921862125397, 0.030233461409807205, 0.056533683091402054, 0.027858315035700798, -0.17961712181568146, 0.5948236584663391, 0.0, 0.0, 0.9570025205612183, -0.29007962346076965, 0.0, 0.0, -0.2006164789199829, 0.034392789006233215, 0.0, 0.0, 0.9570025205612183, -0.29007962346076965, 0.0, 0.0, 0.16493059694766998, 0.024275286123156548, 0.0, 0.0, 0.9570025205612183, -0.29007962346076965, 0.0, 0.0, 0.15817908942699432, 0.24239127337932587, 0.0, 0.0, -0.9367238283157349, 0.35006922483444214, 0.0, 1.0, 1.25, 1.25, 0.0, 0.0, 0.0, 0.0, 0.0, 0.0]","[-0.0010560032678768039, -0.005930163431912661, 0.057686008512973785, 0.9586916565895081, 0.28444746136665344, 0.083418108522892, 0.07635448127985, 0.36013486981391907, 0.09459637105464935, 0.3701968193054199, 0.2920807898044586, 0.4095495343208313, 0.5946455597877502, 0.2398250550031662, 0.03032824955880642, 0.05591777712106705, 0.027808217331767082, -0.1830386519432068, 0.5939986705780029, 0.0, 0.0, 0.9586916565895081, -0.28444746136665344, 0.0, 0.0, -0.20074231922626495, 0.033454056829214096, 0.0, 0.0, 0.9586916565895081, -0.28444746136665344, 0.0, 0.0, 0.16485731303691864, 0.025486307218670845, 0.0, 0.0, 0.9586916565895081, -0.28444746136665344, 0.0, 0.0, 0.16114063560962677, 0.23973460495471954, 0.0, 0.0, -0.9374330639839172, 0.34816551208496094, 0.0, 1.0, 1.25, 1.25, 0.0, 0.0, 0.0, 0.0, 0.0, 0.0]"
164,-0.34093397855758667,-0.33842965960502625,-0.650115966796875,0.39984357110458657,-0.0012291455641388893,-0.006110436748713255,0.006232835316119601,0.5694796369200935,True,3.4626904016433393,-0.0,0.018537087365984917,"[-0.0010560032678768039, -0.005930163431912661, 0.057686008512973785, 0.9586916565895081, 0.28444746136665344, 0.083418108522892, 0.07635448127985, 0.36013486981391907, 0.09459637105464935, 0.3701968193054199, 0.2920807898044586, 0.4095495343208313, 0.5946455597877502, 0.2398250550031662, 0.03032824955880642, 0.05591777712106705, 0.027808217331767082, -0.1830386519432068, 0.5939986705780029, 0.0, 0.0, 0.9586916565895081, -0.28444746136665344, 0.0, 0.0, -0.20074231922626495, 0.033454056829214096, 0.0, 0.0, 0.9586916565895081, -0.28444746136665344, 0.0, 0.0, 0.16485731303691864, 0.025486307218670845, 0.0, 0.0, 0.9586916565895081, -0.28444746136665344, 0.0, 0.0, 0.16114063560962677, 0.23973460495471954, 0.0, 0.0, -0.9374330639839172, 0.34816551208496094, 0.0, 1.0, 1.25, 1.25, 0.0, 0.0, 0.0, 0.0, 0.0, 0.0]","[-0.0012291455641388893, -0.006110436748713255, 0.05643196031451225, 0.9604563117027283, 0.278430700302124, 0.08597791939973831, 0.07606662809848785, 0.36008507013320923, 0.09398068487644196, 0.37076446413993835, 0.29332393407821655, 0.4109588861465454, 0.5937725305557251, 0.23916491866111755, 0.030428612604737282, 0.055273015052080154, 0.027753721922636032, -0.18668223917484283, 0.5930913090705872, 0.0, 0.0, 0.9604563117027283, -0.278430700302124, 0.0, 0.0, -0.20087085664272308, 0.03244667500257492, 0.0, 0.0, 0.9604563117027283, -0.278430700302124, 0.0, 0.0, 0.1647709310054779, 0.02677164413034916, 0.0, 0.0, 0.9604563117027283, -0.278430700302124, 0.0, 0.0, 0.16432763636112213, 0.23719586431980133, 0.0, 0.0, -0.9378028512001038, 0.3471682369709015, 0.0, 1.0, 1.25, 1.25, 0.0, 0.0, 0.0, 0.0, 0.0, 0.0]"
165,-0.3427513539791107,-0.34093397855758667,-0.2614951729774475,0.39978610707449713,-0.0016565097030252218,-0.006236915942281485,0.006453149995723146,0.5813358038753834,True,3.462442911475712,-0.0,0.017991837114095688,"[-0.0012291455641388893, -0.006110436748713255, 0.05643196031451225, 0.9604563117027283, 0.278430700302124, 0.08597791939973831, 0.07606662809848785, 0.36008507013320923, 0.09398068487644196, 0.37076446413993835, 0.29332393407821655, 0.4109588861465454, 0.5937725305557251, 0.23916491866111755, 0.030428612604737282, 0.055273015052080154, 0.027753721922636032, -0.18668223917484283, 0.5930913090705872, 0.0, 0.0, 0.9604563117027283, -0.278430700302124, 0.0, 0.0, -0.20087085664272308, 0.03244667500257492, 0.0, 0.0, 0.9604563117027283, -0.278430700302124, 0.0, 0.0, 0.1647709310054779, 0.02677164413034916, 0.0, 0.0, 0.9604563117027283, -0.278430700302124, 0.0, 0.0, 0.16432763636112213, 0.23719586431980133, 0.0, 0.0, -0.9378028512001038, 0.3471682369709015, 0.0, 1.0, 1.25, 1.25, 0.0, 0.0, 0.0, 0.0, 0.0, 0.0]","[-0.0016565097030252218, -0.006236915942281485, 0.05511479452252388, 0.9622691869735718, 0.2720992863178253, 0.08878231048583984, 0.07577033340930939, 0.36004841327667236, 0.09334716945886612, 0.37137874960899353, 0.2946482300758362, 0.4124676287174225, 0.5928811430931091, 0.23848704993724823, 0.030535610392689705, 0.05461292341351509, 0.027697455137968063, -0.19050516188144684, 0.5921107530593872, 0.0, 0.0, 0.9622691869735718, -0.2720992863178253, 0.0, 0.0, -0.20100118219852448, 0.031384848058223724, 0.0, 0.0, 0.9622691869735718, -0.2720992863178253, 0.0, 0.0, 0.16466942429542542, 0.028118157759308815, 0.0, 0.0, 0.9622691869735718, -0.2720992863178253, 0.0, 0.0, 0.16773682832717896, 0.23477202653884888, 0.0, 0.0, -0.9380301833152771, 0.34655362367630005, 0.0, 1.0, 1.25, 1.25, 0.0, 0.0, 0.0, 0.0, 0.0, 0.0]"
166,-0.3425203561782837,-0.3427513539791107,0.811063289642334,0.39984972730985424,-0.005162693560123444,-0.006605452857911587,0.008383639558916666,0.5931504712077,True,3.465409080011729,-0.0,0.017499074339866638,"[-0.0016565097030252218, -0.006236915942281485, 0.05511479452252388, 0.9622691869735718, 0.2720992863178253, 0.08878231048583984, 0.07577033340930939, 0.36004841327667236, 0.09334716945886612, 0.37137874960899353, 0.2946482300758362, 0.4124676287174225, 0.5928811430931091, 0.23848704993724823, 0.030535610392689705, 0.05461292341351509, 0.027697455137968063, -0.19050516188144684, 0.5921107530593872, 0.0, 0.0, 0.9622691869735718, -0.2720992863178253, 0.0, 0.0, -0.20100118219852448, 0.031384848058223724, 0.0, 0.0, 0.9622691869735718, -0.2720992863178253, 0.0, 0.0, 0.16466942429542542, 0.028118157759308815, 0.0, 0.0, 0.9622691869735718, -0.2720992863178253, 0.0, 0.0, 0.16773682832717896, 0.23477202653884888, 0.0, 0.0, -0.9380301833152771, 0.34655362367630005, 0.0, 1.0, 1.25, 1.25, 0.0, 0.0, 0.0, 0.0, 0.0, 0.0]","[-0.005162693560123444, -0.006605452857911587, 0.053707629442214966, 0.9641597867012024, 0.2653222680091858, 0.09188907593488693, 0.0754503458738327, 0.36001819372177124, 0.09267240017652512, 0.37204647064208984, 0.29607534408569336, 0.41410207748413086, 0.591949462890625, 0.23778851330280304, 0.030661849305033684, 0.05394414812326431, 0.02764754369854927, -0.19459767639636993, 0.5910254120826721, 0.0, 0.0, 0.9641597867012024, -0.2653222680091858, 0.0, 0.0, -0.20114831626415253, 0.03023958019912243, 0.0, 0.0, 0.9641597867012024, -0.2653222680091858, 0.0, 0.0, 0.16453561186790466, 0.02954591065645218, 0.0, 0.0, 0.9641597867012024, -0.2653222680091858, 0.0, 0.0, 0.17129242420196533, 0.23249764740467072, 0.0, 0.0, -0.9381678700447083, 0.34618067741394043, 0.0, 1.0, 1.25, 1.25, 0.0, 0.0, 0.0, 0.0, 0.0, 0.0]"
167,-0.34229767322540283,-0.3425203561782837,0.08742907643318176,0.39996076850837314,-0.0011997374240309,-0.0065044984221458435,0.006614217233378268,0.6049013216802895,True,3.471477636250653,-0.0,0.016893792897462845,"[-0.005162693560123444, -0.006605452857911587, 0.053707629442214966, 0.9641597867012024, 0.2653222680091858, 0.09188907593488693, 0.0754503458738327, 0.36001819372177124, 0.09267240017652512, 0.37204647064208984, 0.29607534408569336, 0.41410207748413086, 0.591949462890625, 0.23778851330280304, 0.030661849305033684, 0.05394414812326431, 0.02764754369854927, -0.19459767639636993, 0.5910254120826721, 0.0, 0.0, 0.9641597867012024, -0.2653222680091858, 0.0, 0.0, -0.20114831626415253, 0.03023958019912243, 0.0, 0.0, 0.9641597867012024, -0.2653222680091858, 0.0, 0.0, 0.16453561186790466, 0.02954591065645218, 0.0, 0.0, 0.9641597867012024, -0.2653222680091858, 0.0, 0.0, 0.17129242420196533, 0.23249764740467072, 0.0, 0.0, -0.9381678700447083, 0.34618067741394043, 0.0, 1.0, 1.25, 1.25, 0.0, 0.0, 0.0, 0.0, 0.0, 0.0]","[-0.0011997374240309, -0.0065044984221458435, 0.05223020911216736, 0.9660934209823608, 0.2581927478313446, 0.09528451412916183, 0.07511784136295319, 0.36000269651412964, 0.09197499603033066, 0.37276697158813477, 0.2975878119468689, 0.415850967168808, 0.5909940004348755, 0.23708325624465942, 0.030800528824329376, 0.05326829478144646, 0.027599869295954704, -0.19889573752880096, 0.5898417830467224, 0.0, 0.0, 0.9660934209823608, -0.2581927478313446, 0.0, 0.0, -0.2013036459684372, 0.029022803530097008, 0.0, 0.0, 0.9660934209823608, -0.2581927478313446, 0.0, 0.0, 0.16437481343746185, 0.03103064000606537, 0.0, 0.0, 0.9660934209823608, -0.2581927478313446, 0.0, 0.0, 0.17499178647994995, 0.23036159574985504, 0.0, 0.0, -0.9382073879241943, 0.3460735082626343, 0.0, 1.0, 1.25, 1.25, 0.0, 0.0, 0.0, 0.0, 0.0, 0.0]"
168,-0.342074453830719,-0.34229767322540283,0.5353046655654907,0.399871486208903,-0.0010105193359777331,-0.006272230297327042,0.006353111224517649,0.617251936176769,True,3.4806963167169567,-0.0,0.016331028193235397,"[-0.0011997374240309, -0.0065044984221458435, 0.05223020911216736, 0.9660934209823608, 0.2581927478313446, 0.09528451412916183, 0.07511784136295319, 0.36000269651412964, 0.09197499603033066, 0.37276697158813477, 0.2975878119468689, 0.415850967168808, 0.5909940004348755, 0.23708325624465942, 0.030800528824329376, 0.05326829478144646, 0.027599869295954704, -0.19889573752880096, 0.5898417830467224, 0.0, 0.0, 0.9660934209823608, -0.2581927478313446, 0.0, 0.0, -0.2013036459684372, 0.029022803530097008, 0.0, 0.0, 0.9660934209823608, -0.2581927478313446, 0.0, 0.0, 0.16437481343746185, 0.03103064000606537, 0.0, 0.0, 0.9660934209823608, -0.2581927478313446, 0.0, 0.0, 0.17499178647994995, 0.23036159574985504, 0.0, 0.0, -0.9382073879241943, 0.3460735082626343, 0.0, 1.0, 1.25, 1.25, 0.0, 0.0, 0.0, 0.0, 0.0, 0.0]","[-0.0010105193359777331, -0.006272230297327042, 0.05086050555109978, 0.9678390026092529, 0.2515704333782196, 0.09866796433925629, 0.07483043521642685, 0.36001870036125183, 0.09135995805263519, 0.3734689950942993, 0.2990332841873169, 0.4175209701061249, 0.5901556015014648, 0.2364281862974167, 0.030916806310415268, 0.05263423174619675, 0.027543939650058746, -0.20285414159297943, 0.5887302756309509, 0.0, 0.0, 0.9678390026092529, -0.2515704333782196, 0.0, 0.0, -0.20142124593257904, 0.027907997369766235, 0.0, 0.0, 0.9678390026092529, -0.2515704333782196, 0.0, 0.0, 0.1642342507839203, 0.03242028132081032, 0.0, 0.0, 0.9678390026092529, -0.2515704333782196, 0.0, 0.0, 0.1790388822555542, 0.22820766270160675, 0.0, 0.0, -0.9379101395606995, 0.3468782901763916, 0.0, 1.0, 1.25, 1.25, 0.0, 0.0, 0.0, 0.0, 0.0, 0.0]"
169,-0.34202247858047485,-0.342074453830719,-0.9057961106300354,0.3997679357139178,-0.0013311664806678891,-0.005816176533699036,0.005966566321629641,0.6300069797676222,True,3.4928245233026516,-0.0,0.015763437375426292,"[-0.0010105193359777331, -0.006272230297327042, 0.05086050555109978, 0.9678390026092529, 0.2515704333782196, 0.09866796433925629, 0.07483043521642685, 0.36001870036125183, 0.09135995805263519, 0.3734689950942993, 0.2990332841873169, 0.4175209701061249, 0.5901556015014648, 0.2364281862974167, 0.030916806310415268, 0.05263423174619675, 0.027543939650058746, -0.20285414159297943, 0.5887302756309509, 0.0, 0.0, 0.9678390026092529, -0.2515704333782196, 0.0, 0.0, -0.20142124593257904, 0.027907997369766235, 0.0, 0.0, 0.9678390026092529, -0.2515704333782196, 0.0, 0.0, 0.1642342507839203, 0.03242028132081032, 0.0, 0.0, 0.9678390026092529, -0.2515704333782196, 0.0, 0.0, 0.1790388822555542, 0.22820766270160675, 0.0, 0.0, -0.9379101395606995, 0.3468782901763916, 0.0, 1.0, 1.25, 1.25, 0.0, 0.0, 0.0, 0.0, 0.0, 0.0]","[-0.0013311664806678891, -0.005816176533699036, 0.04958338290452957, 0.9694256782531738, 0.2453850954771042, 0.10201264172792435, 0.07456912100315094, 0.36005017161369324, 0.09079959243535995, 0.37414318323135376, 0.22026072442531586, 0.4191095232963562, 0.5894067287445068, 0.2358241230249405, 0.031025804579257965, 0.052055761218070984, 0.0274917371571064, -0.20653647184371948, 0.5876758694648743, 0.0, 0.0, 0.9694256782531738, -0.2453850954771042, 0.0, 0.0, -0.20152242481708527, 0.026874123141169548, 0.0, 0.0, 0.9694256782531738, -0.2453850954771042, 0.0, 0.0, 0.1640961617231369, 0.03372139856219292, 0.0, 0.0, 0.9694256782531738, -0.2453850954771042, 0.0, 0.0, 0.1833753138780594, 0.22604089975357056, 0.0, 0.0, -0.9373348951339722, 0.3484298288822174, 0.0, 1.0, 1.25, 1.25, 0.0, 0.0, 0.0, 0.0, 0.0, 0.0]"
170,-0.34185248613357544,-0.34202247858047485,0.6980566382408142,0.3999986313254047,-0.0010278642876073718,-0.005433705635368824,0.005530068889767787,0.642637788477389,True,3.5075062257360896,-0.0,0.015194513835012913,"[-0.0013311664806678891, -0.005816176533699036, 0.04958338290452957, 0.9694256782531738, 0.2453850954771042, 0.10201264172792435, 0.07456912100315094, 0.36005017161369324, 0.09079959243535995, 0.37414318323135376, 0.22026072442531586, 0.4191095232963562, 0.5894067287445068, 0.2358241230249405, 0.031025804579257965, 0.052055761218070984, 0.0274917371571064, -0.20653647184371948, 0.5876758694648743, 0.0, 0.0, 0.9694256782531738, -0.2453850954771042, 0.0, 0.0, -0.20152242481708527, 0.026874123141169548, 0.0, 0.0, 0.9694256782531738, -0.2453850954771042, 0.0, 0.0, 0.1640961617231369, 0.03372139856219292, 0.0, 0.0, 0.9694256782531738, -0.2453850954771042, 0.0, 0.0, 0.1833753138780594, 0.22604089975357056, 0.0, 0.0, -0.9373348951339722, 0.3484298288822174, 0.0, 1.0, 1.25, 1.25, 0.0, 0.0, 0.0, 0.0, 0.0, 0.0]","[-0.0010278642876073718, -0.005433705635368824, 0.04829932376742363, 0.9709811210632324, 0.2391560822725296, 0.10546565055847168, 0.0742858424782753, 0.36007431149482727, 0.09021592885255814, 0.3748156726360321, 0.21579618752002716, 0.42071014642715454, 0.5886585712432861, 0.2352502942085266, 0.031163601204752922, 0.05153175815939903, 0.027463534846901894, -0.21026700735092163, 0.5865733623504639, 0.0, 0.0, 0.9709811210632324, -0.2391560822725296, 0.0, 0.0, -0.20165257155895233, 0.02581539936363697, 0.0, 0.0, 0.9709811210632324, -0.2391560822725296, 0.0, 0.0, 0.16391390562057495, 0.03501005098223686, 0.0, 0.0, 0.9709811210632324, -0.2391560822725296, 0.0, 0.0, 0.18783800303936005, 0.22394554316997528, 0.0, 0.0, -0.9366980195045471, 0.3501383662223816, 0.0, 1.0, 1.25, 1.25, 0.0, 0.0, 0.0, 0.0, 0.0, 0.0]"
171,-0.3416915833950043,-0.34185248613357544,-1.9628586769104004,0.3998854492189303,-0.0006320163956843317,-0.004944292828440666,0.004984523678124482,0.6560324753140641,True,3.52513487110771,-0.0,0.014613669365644455,"[-0.0010278642876073718, -0.005433705635368824, 0.04829932376742363, 0.9709811210632324, 0.2391560822725296, 0.10546565055847168, 0.0742858424782753, 0.36007431149482727, 0.09021592885255814, 0.3748156726360321, 0.21579618752002716, 0.42071014642715454, 0.5886585712432861, 0.2352502942085266, 0.031163601204752922, 0.05153175815939903, 0.027463534846901894, -0.21026700735092163, 0.5865733623504639, 0.0, 0.0, 0.9709811210632324, -0.2391560822725296, 0.0, 0.0, -0.20165257155895233, 0.02581539936363697, 0.0, 0.0, 0.9709811210632324, -0.2391560822725296, 0.0, 0.0, 0.16391390562057495, 0.03501005098223686, 0.0, 0.0, 0.9709811210632324, -0.2391560822725296, 0.0, 0.0, 0.18783800303936005, 0.22394554316997528, 0.0, 0.0, -0.9366980195045471, 0.3501383662223816, 0.0, 1.0, 1.25, 1.25, 0.0, 0.0, 0.0, 0.0, 0.0, 0.0]","[-0.0006320163956843317, -0.004944292828440666, 0.04721928387880325, 0.972258448600769, 0.23390914499759674, 0.1085934191942215, 0.07407470792531967, 0.3601265847682953, 0.08976154774427414, 0.3754165768623352, 0.213409885764122, 0.4221035838127136, 0.5880686044692993, 0.2347579002380371, 0.03125731647014618, 0.051061954349279404, 0.027419693768024445, -0.21337024867534637, 0.5856437683105469, 0.0, 0.0, 0.972258448600769, -0.23390914499759674, 0.0, 0.0, -0.2017277479171753, 0.024940483272075653, 0.0, 0.0, 0.972258448600769, -0.23390914499759674, 0.0, 0.0, 0.16378311812877655, 0.03610926866531372, 0.0, 0.0, 0.972258448600769, -0.23390914499759674, 0.0, 0.0, 0.19271691143512726, 0.221711203455925, 0.0, 0.0, -0.9356662631034851, 0.3528861701488495, 0.0, 1.0, 1.25, 1.25, 0.0, 0.0, 0.0, 0.0, 0.0, 0.0]"
172,-0.34152665734291077,-0.3416915833950043,-0.1317724734544754,0.3997443407600578,-0.0013565215049311519,-0.004289992619305849,0.004499354094427258,0.6699028395235939,True,3.5454862467558423,-0.0,0.01402887050062418,"[-0.0006320163956843317, -0.004944292828440666, 0.04721928387880325, 0.972258448600769, 0.23390914499759674, 0.1085934191942215, 0.07407470792531967, 0.3601265847682953, 0.08976154774427414, 0.3754165768623352, 0.213409885764122, 0.4221035838127136, 0.5880686044692993, 0.2347579002380371, 0.03125731647014618, 0.051061954349279404, 0.027419693768024445, -0.21337024867534637, 0.5856437683105469, 0.0, 0.0, 0.972258448600769, -0.23390914499759674, 0.0, 0.0, -0.2017277479171753, 0.024940483272075653, 0.0, 0.0, 0.972258448600769, -0.23390914499759674, 0.0, 0.0, 0.16378311812877655, 0.03610926866531372, 0.0, 0.0, 0.972258448600769, -0.23390914499759674, 0.0, 0.0, 0.19271691143512726, 0.221711203455925, 0.0, 0.0, -0.9356662631034851, 0.3528861701488495, 0.0, 1.0, 1.25, 1.25, 0.0, 0.0, 0.0, 0.0, 0.0, 0.0]","[-0.0013565215049311519, -0.004289992619305849, 0.046299535781145096, 0.9733238816261292, 0.2294355034828186, 0.11140842735767365, 0.07390086352825165, 0.36018237471580505, 0.08938430994749069, 0.37594160437583923, 0.21230390667915344, 0.4233107566833496, 0.5875893235206604, 0.2343364804983139, 0.031334828585386276, 0.050663866102695465, 0.027380015701055527, -0.21600385010242462, 0.5848483443260193, 0.0, 0.0, 0.9733238816261292, -0.2294355034828186, 0.0, 0.0, -0.2017829567193985, 0.0242045596241951, 0.0, 0.0, 0.9733238816261292, -0.2294355034828186, 0.0, 0.0, 0.1636720448732376, 0.037054263055324554, 0.0, 0.0, 0.9733238816261292, -0.2294355034828186, 0.0, 0.0, 0.19792760908603668, 0.2193618267774582, 0.0, 0.0, -0.9343187808990479, 0.3564385771751404, 0.0, 1.0, 1.25, 1.25, 0.0, 0.0, 0.0, 0.0, 0.0, 0.0]"
173,-0.34149134159088135,-0.34152665734291077,0.6539924740791321,0.39996032797637204,-0.000542332069016993,-0.003772937459871173,0.003811716299671762,0.6836212411491058,True,3.568215541970619,-0.0,0.013437922112643719,"[-0.0013565215049311519, -0.004289992619305849, 0.046299535781145096, 0.9733238816261292, 0.2294355034828186, 0.11140842735767365, 0.07390086352825165, 0.36018237471580505, 0.08938430994749069, 0.37594160437583923, 0.21230390667915344, 0.4233107566833496, 0.5875893235206604, 0.2343364804983139, 0.031334828585386276, 0.050663866102695465, 0.027380015701055527, -0.21600385010242462, 0.5848483443260193, 0.0, 0.0, 0.9733238816261292, -0.2294355034828186, 0.0, 0.0, -0.2017829567193985, 0.0242045596241951, 0.0, 0.0, 0.9733238816261292, -0.2294355034828186, 0.0, 0.0, 0.1636720448732376, 0.037054263055324554, 0.0, 0.0, 0.9733238816261292, -0.2294355034828186, 0.0, 0.0, 0.19792760908603668, 0.2193618267774582, 0.0, 0.0, -0.9343187808990479, 0.3564385771751404, 0.0, 1.0, 1.25, 1.25, 0.0, 0.0, 0.0, 0.0, 0.0, 0.0]","[-0.000542332069016993, -0.003772937459871173, 0.04540761932730675, 0.9743373990058899, 0.22509261965751648, 0.11415664851665497, 0.0737079456448555, 0.3602202832698822, 0.0889911949634552, 0.3764351010322571, 0.2122456133365631, 0.4244688153266907, 0.5871164202690125, 0.23395441472530365, 0.031438782811164856, 0.05032884329557419, 0.027366314083337784, -0.21858948469161987, 0.5840474367141724, 0.0, 0.0, 0.9743373990058899, -0.22509261965751648, 0.0, 0.0, -0.20186851918697357, 0.023472649976611137, 0.0, 0.0, 0.9743373990058899, -0.22509261965751648, 0.0, 0.0, 0.16352492570877075, 0.03795213997364044, 0.0, 0.0, 0.9743373990058899, -0.22509261965751648, 0.0, 0.0, 0.203275665640831, 0.21701796352863312, 0.0, 0.0, -0.9328858852386475, 0.3601720929145813, 0.0, 1.0, 1.25, 1.25, 0.0, 0.0, 0.0, 0.0, 0.0, 0.0]"
174,-0.34161701798439026,-0.34149134159088135,0.21593913435935974,0.39976394476771515,-0.0002968927728943527,-0.0031793247908353806,0.0031931569714339653,0.6980306746242487,True,3.593783824043479,-0.0,0.012843932956457138,"[-0.000542332069016993, -0.003772937459871173, 0.04540761932730675, 0.9743373990058899, 0.22509261965751648, 0.11415664851665497, 0.0737079456448555, 0.3602202832698822, 0.0889911949634552, 0.3764351010322571, 0.2122456133365631, 0.4244688153266907, 0.5871164202690125, 0.23395441472530365, 0.031438782811164856, 0.05032884329557419, 0.027366314083337784, -0.21858948469161987, 0.5840474367141724, 0.0, 0.0, 0.9743373990058899, -0.22509261965751648, 0.0, 0.0, -0.20186851918697357, 0.023472649976611137, 0.0, 0.0, 0.9743373990058899, -0.22509261965751648, 0.0, 0.0, 0.16352492570877075, 0.03795213997364044, 0.0, 0.0, 0.9743373990058899, -0.22509261965751648, 0.0, 0.0, 0.203275665640831, 0.21701796352863312, 0.0, 0.0, -0.9328858852386475, 0.3601720929145813, 0.0, 1.0, 1.25, 1.25, 0.0, 0.0, 0.0, 0.0, 0.0, 0.0]","[-0.0002968927728943527, -0.0031793247908353806, 0.04475926607847214, 0.9750619530677795, 0.22193287312984467, 0.11632326245307922, 0.07359567284584045, 0.36027586460113525, 0.0887405201792717, 0.3768240213394165, 0.21307511627674103, 0.42534783482551575, 0.5868033766746521, 0.2336573600769043, 0.031487274914979935, 0.05004468187689781, 0.027332549914717674, -0.22043240070343018, 0.583478569984436, 0.0, 0.0, 0.9750619530677795, -0.22193287312984467, 0.0, 0.0, -0.20189426839351654, 0.022960906848311424, 0.0, 0.0, 0.9750619530677795, -0.22193287312984467, 0.0, 0.0, 0.16344968974590302, 0.03862498328089714, 0.0, 0.0, 0.9750619530677795, -0.22193287312984467, 0.0, 0.0, 0.2090476155281067, 0.2144494205713272, 0.0, 0.0, -0.9309830665588379, 0.3650623857975006, 0.0, 1.0, 1.25, 1.25, 0.0, 0.0, 0.0, 0.0, 0.0, 0.0]"
175,-0.3418135643005371,-0.34161701798439026,-0.9742316007614136,0.3999682579542474,-0.00040418250137008727,-0.0026314081624150276,0.002662268283182259,0.7122134562195789,True,3.621627115477668,-0.0,0.012205105274915695,"[-0.0002968927728943527, -0.0031793247908353806, 0.04475926607847214, 0.9750619530677795, 0.22193287312984467, 0.11632326245307922, 0.07359567284584045, 0.36027586460113525, 0.0887405201792717, 0.3768240213394165, 0.21307511627674103, 0.42534783482551575, 0.5868033766746521, 0.2336573600769043, 0.031487274914979935, 0.05004468187689781, 0.027332549914717674, -0.22043240070343018, 0.583478569984436, 0.0, 0.0, 0.9750619530677795, -0.22193287312984467, 0.0, 0.0, -0.20189426839351654, 0.022960906848311424, 0.0, 0.0, 0.9750619530677795, -0.22193287312984467, 0.0, 0.0, 0.16344968974590302, 0.03862498328089714, 0.0, 0.0, 0.9750619530677795, -0.22193287312984467, 0.0, 0.0, 0.2090476155281067, 0.2144494205713272, 0.0, 0.0, -0.9309830665588379, 0.3650623857975006, 0.0, 1.0, 1.25, 1.25, 0.0, 0.0, 0.0, 0.0, 0.0, 0.0]","[-0.00040418250137008727, -0.0026314081624150276, 0.044153936207294464, 0.9757291674613953, 0.21898066997528076, 0.11833144724369049, 0.07346268743276596, 0.3603053390979767, 0.08847348392009735, 0.37716439366340637, 0.2148263156414032, 0.42558997869491577, 0.5865008234977722, 0.23339882493019104, 0.03156362101435661, 0.04983077943325043, 0.027327818796038628, -0.22218762338161469, 0.5829299688339233, 0.0, 0.0, 0.9757291674613953, -0.21898066997528076, 0.0, 0.0, -0.20195306837558746, 0.022470975294709206, 0.0, 0.0, 0.9757291674613953, -0.21898066997528076, 0.0, 0.0, 0.16334116458892822, 0.039240892976522446, 0.0, 0.0, 0.9757291674613953, -0.21898066997528076, 0.0, 0.0, 0.2149476408958435, 0.2118539959192276, 0.0, 0.0, -0.9294428825378418, 0.3689660131931305, 0.0, 1.0, 1.25, 1.25, 0.0, 0.0, 0.0, 0.0, 0.0, 0.0]"
176,-0.3420589566230774,-0.3418135643005371,-1.4873614311218262,0.39996887600374753,-0.0005193273536860943,-0.002035123063251376,0.0021003396827333114,0.7265201245289803,True,3.6521013149303614,-0.0,0.011504548601806164,"[-0.00040418250137008727, -0.0026314081624150276, 0.044153936207294464, 0.9757291674613953, 0.21898066997528076, 0.11833144724369049, 0.07346268743276596, 0.3603053390979767, 0.08847348392009735, 0.37716439366340637, 0.2148263156414032, 0.42558997869491577, 0.5865008234977722, 0.23339882493019104, 0.03156362101435661, 0.04983077943325043, 0.027327818796038628, -0.22218762338161469, 0.5829299688339233, 0.0, 0.0, 0.9757291674613953, -0.21898066997528076, 0.0, 0.0, -0.20195306837558746, 0.022470975294709206, 0.0, 0.0, 0.9757291674613953, -0.21898066997528076, 0.0, 0.0, 0.16334116458892822, 0.039240892976522446, 0.0, 0.0, 0.9757291674613953, -0.21898066997528076, 0.0, 0.0, 0.2149476408958435, 0.2118539959192276, 0.0, 0.0, -0.9294428825378418, 0.3689660131931305, 0.0, 1.0, 1.25, 1.25, 0.0, 0.0, 0.0, 0.0, 0.0, 0.0]","[-0.0005193273536860943, -0.002035123063251376, 0.043676573783159256, 0.976249098777771, 0.21665118634700775, 0.11996491253376007, 0.07337052375078201, 0.3603416383266449, 0.08827889710664749, 0.37744686007499695, 0.217588409781456, 0.42384785413742065, 0.5862686038017273, 0.23319439589977264, 0.031611550599336624, 0.04964393377304077, 0.02731330879032612, -0.22355718910694122, 0.5824934840202332, 0.0, 0.0, 0.976249098777771, -0.21665118634700775, 0.0, 0.0, -0.20198500156402588, 0.022084377706050873, 0.0, 0.0, 0.976249098777771, -0.21665118634700775, 0.0, 0.0, 0.16326753795146942, 0.039726268500089645, 0.0, 0.0, 0.976249098777771, -0.21665118634700775, 0.0, 0.0, 0.22111041843891144, 0.20912699401378632, 0.0, 0.0, -0.9281995892524719, 0.3720826506614685, 0.0, 1.0, 1.25, 1.25, 0.0, 0.0, 0.0, 0.0, 0.0, 0.0]"
177,-0.3357040286064148,-0.3420589566230774,1.6329731941223145,0.39994046141629425,-0.000382209662348032,-0.001570916036143899,0.0016167440795024598,0.7407863612728649,False,,-1.061418305517861,-1.0646113157272339,"[-0.0005193273536860943, -0.002035123063251376, 0.043676573783159256, 0.976249098777771, 0.21665118634700775, 0.11996491253376007, 0.07337052375078201, 0.3603416383266449, 0.08827889710664749, 0.37744686007499695, 0.217588409781456, 0.42384785413742065, 0.5862686038017273, 0.23319439589977264, 0.031611550599336624, 0.04964393377304077, 0.02731330879032612, -0.22355718910694122, 0.5824934840202332, 0.0, 0.0, 0.976249098777771, -0.21665118634700775, 0.0, 0.0, -0.20198500156402588, 0.022084377706050873, 0.0, 0.0, 0.976249098777771, -0.21665118634700775, 0.0, 0.0, 0.16326753795146942, 0.039726268500089645, 0.0, 0.0, 0.976249098777771, -0.21665118634700775, 0.0, 0.0, 0.22111041843891144, 0.20912699401378632, 0.0, 0.0, -0.9281995892524719, 0.3720826506614685, 0.0, 1.0, 1.25, 1.25, 0.0, 0.0, 0.0, 0.0, 0.0, 0.0]","[-0.000382209662348032, -0.001570916036143899, 0.04330126568675041, 0.9766539335250854, 0.2148188352584839, 0.12127182632684708, 0.0733005627989769, 0.3603735566139221, 0.08812931180000305, 0.37767282128334045, 0.22156338393688202, 0.42249009013175964, 0.5860880017280579, 0.23303534090518951, 0.031647175550460815, 0.04949463531374931, 0.027300046756863594, -0.2246311902999878, 0.5821468234062195, 0.0, 0.0, 0.9766539335250854, -0.2148188352584839, 0.0, 0.0, -0.20200741291046143, 0.02177918516099453, 0.0, 0.0, 0.9766539335250854, -0.2148188352584839, 0.0, 0.0, 0.16321074962615967, 0.04010659456253052, 0.0, 0.0, 0.9766539335250854, -0.2148188352584839, 0.0, 0.0, 1.25, 1.25, 0.0, 0.0, 0.0, 0.0, 0.0, 0.0, 1.25, 1.25, 0.0, 0.0, 0.0, 0.0, 0.0, 0.0]"
178,-0.33260706067085266,-0.3357040286064148,-0.04767361283302307,0.3999841303065971,-0.00013697383110411465,-0.0010096202604472637,0.0010188694227981029,0.7551721345313319,False,,-1.0620088016077118,-1.0652228593826294,"[-0.000382209662348032, -0.001570916036143899, 0.04330126568675041, 0.9766539335250854, 0.2148188352584839, 0.12127182632684708, 0.0733005627989769, 0.3603735566139221, 0.08812931180000305, 0.37767282128334045, 0.22156338393688202, 0.42249009013175964, 0.5860880017280579, 0.23303534090518951, 0.031647175550460815, 0.04949463531374931, 0.027300046756863594, -0.2246311902999878, 0.5821468234062195, 0.0, 0.0, 0.9766539335250854, -0.2148188352584839, 0.0, 0.0, -0.20200741291046143, 0.02177918516099453, 0.0, 0.0, 0.9766539335250854, -0.2148188352584839, 0.0, 0.0, 0.16321074962615967, 0.04010659456253052, 0.0, 0.0, 0.9766539335250854, -0.2148188352584839, 0.0, 0.0, 1.25, 1.25, 0.0, 0.0, 0.0, 0.0, 0.0, 0.0, 1.25, 1.25, 0.0, 0.0, 0.0, 0.0, 0.0, 0.0]","[-0.00013697383110411465, -0.0010096202604472637, 0.043090663850307465, 0.9768795967102051, 0.21379028260707855, 0.12205534428358078, 0.07325674593448639, 0.3603880703449249, 0.08804004639387131, 0.37779614329338074, 0.22727727890014648, 0.4217163920402527, 0.5859963893890381, 0.23293772339820862, 0.031671974807977676, 0.04941868036985397, 0.027296720072627068, -0.2252361923456192, 0.5819629430770874, 0.0, 0.0, 0.9768795967102051, -0.21379028260707855, 0.0, 0.0, -0.20202235877513885, 0.021619467064738274, 0.0, 0.0, 0.9768795967102051, -0.21379028260707855, 0.0, 0.0, 0.16317567229270935, 0.040331583470106125, 0.0, 0.0, 0.9768795967102051, -0.21379028260707855, 0.0, 0.0, 1.25, 1.25, 0.0, 0.0, 0.0, 0.0, 0.0, 0.0, 1.25, 1.25, 0.0, 0.0, 0.0, 0.0, 0.0, 0.0]"
179,-0.3288569450378418,-0.33260706067085266,-0.12308448553085327,0.39980273302089,0.000451577827334404,-0.0004338364233262837,0.0006262080934837901,0.7699480774615481,False,,-1.0626429978126744,-1.065872073173523,"[-0.00013697383110411465, -0.0010096202604472637, 0.043090663850307465, 0.9768795967102051, 0.21379028260707855, 0.12205534428358078, 0.07325674593448639, 0.3603880703449249, 0.08804004639387131, 0.37779614329338074, 0.22727727890014648, 0.4217163920402527, 0.5859963893890381, 0.23293772339820862, 0.031671974807977676, 0.04941868036985397, 0.027296720072627068, -0.2252361923456192, 0.5819629430770874, 0.0, 0.0, 0.9768795967102051, -0.21379028260707855, 0.0, 0.0, -0.20202235877513885, 0.021619467064738274, 0.0, 0.0, 0.9768795967102051, -0.21379028260707855, 0.0, 0.0, 0.16317567229270935, 0.040331583470106125, 0.0, 0.0, 0.9768795967102051, -0.21379028260707855, 0.0, 0.0, 1.25, 1.25, 0.0, 0.0, 0.0, 0.0, 0.0, 0.0, 1.25, 1.25, 0.0, 0.0, 0.0, 0.0, 0.0, 0.0]","[0.000451577827334404, -0.0004338364233262837, 0.04313274100422859, 0.9768345952033997, 0.2139957994222641, 0.12205936014652252, 0.07327774912118912, 0.3603966534137726, 0.08807260543107986, 0.37778356671333313, 0.23661890625953674, 0.42180681228637695, 0.5860499143600464, 0.23292188346385956, 0.03165334090590477, 0.04941248893737793, 0.02728559821844101, -0.2250920534133911, 0.5820387601852417, 0.0, 0.0, 0.9768345952033997, -0.2139957994222641, 0.0, 0.0, -0.2019960880279541, 0.021690411493182182, 0.0, 0.0, 0.9768345952033997, -0.2139957994222641, 0.0, 0.0, 0.16320522129535675, 0.0403258390724659, 0.0, 0.0, 0.9768345952033997, -0.2139957994222641, 0.0, 0.0, 1.25, 1.25, 0.0, 0.0, 0.0, 0.0, 0.0, 0.0, 1.25, 1.25, 0.0, 0.0, 0.0, 0.0, 0.0, 0.0]"
180,-0.3246849477291107,-0.3288569450378418,-0.2051507830619812,0.39977410205278496,-0.00025005737552419305,0.00025407670182175934,0.0003564879541620874,0.7848129368363601,False,,-1.0633162749293599,-1.0665557384490967,"[0.000451577827334404, -0.0004338364233262837, 0.04313274100422859, 0.9768345952033997, 0.2139957994222641, 0.12205936014652252, 0.07327774912118912, 0.3603966534137726, 0.08807260543107986, 0.37778356671333313, 0.23661890625953674, 0.42180681228637695, 0.5860499143600464, 0.23292188346385956, 0.03165334090590477, 0.04941248893737793, 0.02728559821844101, -0.2250920534133911, 0.5820387601852417, 0.0, 0.0, 0.9768345952033997, -0.2139957994222641, 0.0, 0.0, -0.2019960880279541, 0.021690411493182182, 0.0, 0.0, 0.9768345952033997, -0.2139957994222641, 0.0, 0.0, 0.16320522129535675, 0.0403258390724659, 0.0, 0.0, 0.9768345952033997, -0.2139957994222641, 0.0, 0.0, 1.25, 1.25, 0.0, 0.0, 0.0, 0.0, 0.0, 0.0, 1.25, 1.25, 0.0, 0.0, 0.0, 0.0, 0.0, 0.0]","[-0.00025005737552419305, 0.00025407670182175934, 0.0433700792491436, 0.9765799641609192, 0.21515485644340515, 0.12142535299062729, 0.07332438975572586, 0.36037907004356384, 0.08816993981599808, 0.37764325737953186, 0.3075241148471832, 0.4225805401802063, 0.586207926273346, 0.23297743499279022, 0.03162705525755882, 0.049500685185194016, 0.02729075774550438, -0.22439749538898468, 0.5823111534118652, 0.0, 0.0, 0.9765799641609192, -0.21515485644340515, 0.0, 0.0, -0.2019665241241455, 0.02193577028810978, 0.0, 0.0, 0.9765799641609192, -0.21515485644340515, 0.0, 0.0, 0.16325603425502777, 0.040137939155101776, 0.0, 0.0, 0.9765799641609192, -0.21515485644340515, 0.0, 0.0, 1.25, 1.25, 0.0, 0.0, 0.0, 0.0, 0.0, 0.0, 1.25, 1.25, 0.0, 0.0, 0.0, 0.0, 0.0, 0.0]"
181,-0.32058799266815186,-0.3246849477291107,1.522951364517212,0.3998667282081054,-0.002913651755079627,0.0005749386036768556,0.0029698351718363907,0.7995427581070831,False,,-1.0640283749874897,-1.0671907663345337,"[-0.00025005737552419305, 0.00025407670182175934, 0.0433700792491436, 0.9765799641609192, 0.21515485644340515, 0.12142535299062729, 0.07332438975572586, 0.36037907004356384, 0.08816993981599808, 0.37764325737953186, 0.3075241148471832, 0.4225805401802063, 0.586207926273346, 0.23297743499279022, 0.03162705525755882, 0.049500685185194016, 0.02729075774550438, -0.22439749538898468, 0.5823111534118652, 0.0, 0.0, 0.9765799641609192, -0.21515485644340515, 0.0, 0.0, -0.2019665241241455, 0.02193577028810978, 0.0, 0.0, 0.9765799641609192, -0.21515485644340515, 0.0, 0.0, 0.16325603425502777, 0.040137939155101776, 0.0, 0.0, 0.9765799641609192, -0.21515485644340515, 0.0, 0.0, 1.25, 1.25, 0.0, 0.0, 0.0, 0.0, 0.0, 0.0, 1.25, 1.25, 0.0, 0.0, 0.0, 0.0, 0.0, 0.0]","[-0.002913651755079627, 0.0005749386036768556, 0.04374493658542633, 0.9761749505996704, 0.2169848531484604, 0.12031786143779755, 0.07338835299015045, 0.3603431284427643, 0.0883123055100441, 0.37741339206695557, 0.30713537335395813, 0.42385828495025635, 0.5864325761795044, 0.23309263586997986, 0.031596604734659195, 0.0496579147875309, 0.027308406308293343, -0.22331814467906952, 0.582710325717926, 0.0, 0.0, 0.9761749505996704, -0.2169848531484604, 0.0, 0.0, -0.2019374966621399, 0.02229386381804943, 0.0, 0.0, 0.9761749505996704, -0.2169848531484604, 0.0, 0.0, 0.16331790387630463, 0.03981161117553711, 0.0, 0.0, 0.9761749505996704, -0.2169848531484604, 0.0, 0.0, 1.25, 1.25, 0.0, 0.0, 0.0, 0.0, 0.0, 0.0, 1.25, 1.25, 0.0, 0.0, 0.0, 0.0, 0.0, 0.0]"
182,-0.31654348969459534,-0.32058799266815186,0.37991389632225037,0.40001202501256516,0.0009248299757018685,0.0012900957372039557,0.001587342904072254,0.8140397502917743,False,,-1.0647796832490635,-1.067984938621521,"[-0.002913651755079627, 0.0005749386036768556, 0.04374493658542633, 0.9761749505996704, 0.2169848531484604, 0.12031786143779755, 0.07338835299015045, 0.3603431284427643, 0.0883123055100441, 0.37741339206695557, 0.30713537335395813, 0.42385828495025635, 0.5864325761795044, 0.23309263586997986, 0.031596604734659195, 0.0496579147875309, 0.027308406308293343, -0.22331814467906952, 0.582710325717926, 0.0, 0.0, 0.9761749505996704, -0.2169848531484604, 0.0, 0.0, -0.2019374966621399, 0.02229386381804943, 0.0, 0.0, 0.9761749505996704, -0.2169848531484604, 0.0, 0.0, 0.16331790387630463, 0.03981161117553711, 0.0, 0.0, 0.9761749505996704, -0.2169848531484604, 0.0, 0.0, 1.25, 1.25, 0.0, 0.0, 0.0, 0.0, 0.0, 0.0, 1.25, 1.25, 0.0, 0.0, 0.0, 0.0, 0.0, 0.0]","[0.0009248299757018685, 0.0012900957372039557, 0.044237636029720306, 0.9756374359130859, 0.21938902139663696, 0.11881387233734131, 0.07347141951322556, 0.3602962791919708, 0.08849872648715973, 0.3771120309829712, 0.3066074550151825, 0.425583153963089, 0.586713969707489, 0.23326276242733002, 0.03155871108174324, 0.04986918717622757, 0.027333378791809082, -0.2219049334526062, 0.5832117199897766, 0.0, 0.0, 0.9756374359130859, -0.21938902139663696, 0.0, 0.0, -0.20190493762493134, 0.022744296118617058, 0.0, 0.0, 0.9756374359130859, -0.21938902139663696, 0.0, 0.0, 0.1633918732404709, 0.03936232253909111, 0.0, 0.0, 0.9756374359130859, -0.21938902139663696, 0.0, 0.0, 1.25, 1.25, 0.0, 0.0, 0.0, 0.0, 0.0, 0.0, 1.25, 1.25, 0.0, 0.0, 0.0, 0.0, 0.0, 0.0]"
183,-0.31326767802238464,-0.31654348969459534,0.3141767680644989,0.400004734295547,0.0011478334199637175,0.0018141658511012793,0.0021467927928162122,0.8285534747081691,False,,-1.065573593185696,-1.0687642097473145,"[0.0009248299757018685, 0.0012900957372039557, 0.044237636029720306, 0.9756374359130859, 0.21938902139663696, 0.11881387233734131, 0.07347141951322556, 0.3602962791919708, 0.08849872648715973, 0.3771120309829712, 0.3066074550151825, 0.425583153963089, 0.586713969707489, 0.23326276242733002, 0.03155871108174324, 0.04986918717622757, 0.027333378791809082, -0.2219049334526062, 0.5832117199897766, 0.0, 0.0, 0.9756374359130859, -0.21938902139663696, 0.0, 0.0, -0.20190493762493134, 0.022744296118617058, 0.0, 0.0, 0.9756374359130859, -0.21938902139663696, 0.0, 0.0, 0.1633918732404709, 0.03936232253909111, 0.0, 0.0, 0.9756374359130859, -0.21938902139663696, 0.0, 0.0, 1.25, 1.25, 0.0, 0.0, 0.0, 0.0, 0.0, 0.0, 1.25, 1.25, 0.0, 0.0, 0.0, 0.0, 0.0, 0.0]","[0.0011478334199637175, 0.0018141658511012793, 0.044946327805519104, 0.9748539328575134, 0.22284474968910217, 0.11671626567840576, 0.0736086294054985, 0.3602471649646759, 0.08878929913043976, 0.37669849395751953, 0.30585625767707825, 0.4250788986682892, 0.587127149105072, 0.23350855708122253, 0.03148772567510605, 0.05014939606189728, 0.027354847639799118, -0.21985219419002533, 0.5839249491691589, 0.0, 0.0, 0.9748539328575134, -0.22284474968910217, 0.0, 0.0, -0.20183831453323364, 0.023390181362628937, 0.0, 0.0, 0.9748539328575134, -0.22284474968910217, 0.0, 0.0, 0.16351445019245148, 0.038713838905096054, 0.0, 0.0, 0.9748539328575134, -0.22284474968910217, 0.0, 0.0, 1.25, 1.25, 0.0, 0.0, 0.0, 0.0, 0.0, 0.0, 1.25, 1.25, 0.0, 0.0, 0.0, 0.0, 0.0, 0.0]"
184,-0.3103405833244324,-0.31326767802238464,0.13836467266082764,0.4000274296445846,0.0013165971031412482,0.002268705051392317,0.0026230612921189895,0.8428112489704435,False,,-1.0664082529611003,-1.0695868730545044,"[0.0011478334199637175, 0.0018141658511012793, 0.044946327805519104, 0.9748539328575134, 0.22284474968910217, 0.11671626567840576, 0.0736086294054985, 0.3602471649646759, 0.08878929913043976, 0.37669849395751953, 0.30585625767707825, 0.4250788986682892, 0.587127149105072, 0.23350855708122253, 0.03148772567510605, 0.05014939606189728, 0.027354847639799118, -0.21985219419002533, 0.5839249491691589, 0.0, 0.0, 0.9748539328575134, -0.22284474968910217, 0.0, 0.0, -0.20183831453323364, 0.023390181362628937, 0.0, 0.0, 0.9748539328575134, -0.22284474968910217, 0.0, 0.0, 0.16351445019245148, 0.038713838905096054, 0.0, 0.0, 0.9748539328575134, -0.22284474968910217, 0.0, 0.0, 1.25, 1.25, 0.0, 0.0, 0.0, 0.0, 0.0, 0.0, 1.25, 1.25, 0.0, 0.0, 0.0, 0.0, 0.0, 0.0]","[0.0013165971031412482, 0.002268705051392317, 0.04580002650618553, 0.9738938808441162, 0.22700387239456177, 0.11425040662288666, 0.0737735703587532, 0.3601919114589691, 0.0891406238079071, 0.37620556354522705, 0.3049539625644684, 0.42394477128982544, 0.5876296758651733, 0.2338150590658188, 0.031405627727508545, 0.05049598962068558, 0.027383368462324142, -0.21738064289093018, 0.5847679972648621, 0.0, 0.0, 0.9738938808441162, -0.22700387239456177, 0.0, 0.0, -0.20175957679748535, 0.024161463603377342, 0.0, 0.0, 0.9738938808441162, -0.22700387239456177, 0.0, 0.0, 0.1636546552181244, 0.03792562708258629, 0.0, 0.0, 0.9738938808441162, -0.22700387239456177, 0.0, 0.0, 1.25, 1.25, 0.0, 0.0, 0.0, 0.0, 0.0, 0.0, 1.25, 1.25, 0.0, 0.0, 0.0, 0.0, 0.0, 0.0]"
185,-0.30742207169532776,-0.3103405833244324,1.193447470664978,0.39988355138700227,-0.0019860765896737576,0.0025339487474411726,0.0032195335803045805,0.8568796740824577,False,,-1.0672873342431113,-1.0704501867294312,"[0.0013165971031412482, 0.002268705051392317, 0.04580002650618553, 0.9738938808441162, 0.22700387239456177, 0.11425040662288666, 0.0737735703587532, 0.3601919114589691, 0.0891406238079071, 0.37620556354522705, 0.3049539625644684, 0.42394477128982544, 0.5876296758651733, 0.2338150590658188, 0.031405627727508545, 0.05049598962068558, 0.027383368462324142, -0.21738064289093018, 0.5847679972648621, 0.0, 0.0, 0.9738938808441162, -0.22700387239456177, 0.0, 0.0, -0.20175957679748535, 0.024161463603377342, 0.0, 0.0, 0.9738938808441162, -0.22700387239456177, 0.0, 0.0, 0.1636546552181244, 0.03792562708258629, 0.0, 0.0, 0.9738938808441162, -0.22700387239456177, 0.0, 0.0, 1.25, 1.25, 0.0, 0.0, 0.0, 0.0, 0.0, 0.0, 1.25, 1.25, 0.0, 0.0, 0.0, 0.0, 0.0, 0.0]","[-0.0019860765896737576, 0.0025339487474411726, 0.046837154775857925, 0.9727036356925964, 0.2320510596036911, 0.11139337718486786, 0.07398989796638489, 0.36014506220817566, 0.08958932012319565, 0.37562960386276245, 0.3038763403892517, 0.42259880900382996, 0.5882599353790283, 0.2341899424791336, 0.031293824315071106, 0.05090292543172836, 0.02740701660513878, -0.21435873210430145, 0.58577960729599, 0.0, 0.0, 0.9727036356925964, -0.2320510596036911, 0.0, 0.0, -0.20164495706558228, 0.025099629536271095, 0.0, 0.0, 0.9727036356925964, -0.2320510596036911, 0.0, 0.0, 0.16383510828018188, 0.036968860775232315, 0.0, 0.0, 0.9727036356925964, -0.2320510596036911, 0.0, 0.0, 1.25, 1.25, 0.0, 0.0, 0.0, 0.0, 0.0, 0.0, 1.25, 1.25, 0.0, 0.0, 0.0, 0.0, 0.0, 0.0]"
186,-0.304703950881958,-0.30742207169532776,-0.5224285125732422,0.3998554655961928,-0.0002476684167049825,0.0031742576975375414,0.0031839050826005296,0.8703710398187898,False,,-1.06820721739576,-1.0713729858398438,"[-0.0019860765896737576, 0.0025339487474411726, 0.046837154775857925, 0.9727036356925964, 0.2320510596036911, 0.11139337718486786, 0.07398989796638489, 0.36014506220817566, 0.08958932012319565, 0.37562960386276245, 0.3038763403892517, 0.42259880900382996, 0.5882599353790283, 0.2341899424791336, 0.031293824315071106, 0.05090292543172836, 0.02740701660513878, -0.21435873210430145, 0.58577960729599, 0.0, 0.0, 0.9727036356925964, -0.2320510596036911, 0.0, 0.0, -0.20164495706558228, 0.025099629536271095, 0.0, 0.0, 0.9727036356925964, -0.2320510596036911, 0.0, 0.0, 0.16383510828018188, 0.036968860775232315, 0.0, 0.0, 0.9727036356925964, -0.2320510596036911, 0.0, 0.0, 1.25, 1.25, 0.0, 0.0, 0.0, 0.0, 0.0, 0.0, 1.25, 1.25, 0.0, 0.0, 0.0, 0.0, 0.0, 0.0]","[-0.0002476684167049825, 0.0031742576975375414, 0.04793403670191765, 0.9714162945747375, 0.23738226294517517, 0.10846579819917679, 0.07421278953552246, 0.36009782552719116, 0.09005990624427795, 0.3750247657299042, 0.30274146795272827, 0.42118722200393677, 0.5889354944229126, 0.2346043437719345, 0.031186943873763084, 0.051358290016651154, 0.02744140848517418, -0.21117056906223297, 0.5868231654167175, 0.0, 0.0, 0.9714162945747375, -0.23738226294517517, 0.0, 0.0, -0.20153199136257172, 0.026081839576363564, 0.0, 0.0, 0.9714162945747375, -0.23738226294517517, 0.0, 0.0, 0.1640070527791977, 0.03594661131501198, 0.0, 0.0, 0.9714162945747375, -0.23738226294517517, 0.0, 0.0, 1.25, 1.25, 0.0, 0.0, 0.0, 0.0, 0.0, 0.0, 1.25, 1.25, 0.0, 0.0, 0.0, 0.0, 0.0, 0.0]"
187,-0.30219706892967224,-0.304703950881958,1.2045093774795532,0.39984023528786694,0.0011501414701342583,0.0034688252490013838,0.0036545278777746523,0.8832570697975068,False,,-1.0691698321212708,-1.072323203086853,"[-0.0002476684167049825, 0.0031742576975375414, 0.04793403670191765, 0.9714162945747375, 0.23738226294517517, 0.10846579819917679, 0.07421278953552246, 0.36009782552719116, 0.09005990624427795, 0.3750247657299042, 0.30274146795272827, 0.42118722200393677, 0.5889354944229126, 0.2346043437719345, 0.031186943873763084, 0.051358290016651154, 0.02744140848517418, -0.21117056906223297, 0.5868231654167175, 0.0, 0.0, 0.9714162945747375, -0.23738226294517517, 0.0, 0.0, -0.20153199136257172, 0.026081839576363564, 0.0, 0.0, 0.9714162945747375, -0.23738226294517517, 0.0, 0.0, 0.1640070527791977, 0.03594661131501198, 0.0, 0.0, 0.9714162945747375, -0.23738226294517517, 0.0, 0.0, 1.25, 1.25, 0.0, 0.0, 0.0, 0.0, 0.0, 0.0, 1.25, 1.25, 0.0, 0.0, 0.0, 0.0, 0.0, 0.0]","[0.0011501414701342583, 0.0034688252490013838, 0.04908415675163269, 0.970035195350647, 0.24296452105045319, 0.10551168769598007, 0.07444929331541061, 0.3600589334964752, 0.09056031703948975, 0.3744037449359894, 0.30156210064888, 0.41972967982292175, 0.5896582007408142, 0.2350541055202484, 0.03107774816453457, 0.051848191767930984, 0.02747943252325058, -0.2078254073858261, 0.5878913402557373, 0.0, 0.0, 0.970035195350647, -0.24296452105045319, 0.0, 0.0, -0.20141153037548065, 0.027103902772068977, 0.0, 0.0, 0.970035195350647, -0.24296452105045319, 0.0, 0.0, 0.1641775518655777, 0.034866612404584885, 0.0, 0.0, 0.970035195350647, -0.24296452105045319, 0.0, 0.0, 1.25, 1.25, 0.0, 0.0, 0.0, 0.0, 0.0, 0.0, 1.25, 1.25, 0.0, 0.0, 0.0, 0.0, 0.0, 0.0]"
188,-0.2998383641242981,-0.30219706892967224,-0.9132147431373596,0.39992738620484036,0.0017189907375723124,0.003459947882220149,0.0038634399831677336,0.89554243877972,False,,-1.070174842073835,-1.0733232498168945,"[0.0011501414701342583, 0.0034688252490013838, 0.04908415675163269, 0.970035195350647, 0.24296452105045319, 0.10551168769598007, 0.07444929331541061, 0.3600589334964752, 0.09056031703948975, 0.3744037449359894, 0.30156210064888, 0.41972967982292175, 0.5896582007408142, 0.2350541055202484, 0.03107774816453457, 0.051848191767930984, 0.02747943252325058, -0.2078254073858261, 0.5878913402557373, 0.0, 0.0, 0.970035195350647, -0.24296452105045319, 0.0, 0.0, -0.20141153037548065, 0.027103902772068977, 0.0, 0.0, 0.970035195350647, -0.24296452105045319, 0.0, 0.0, 0.1641775518655777, 0.034866612404584885, 0.0, 0.0, 0.970035195350647, -0.24296452105045319, 0.0, 0.0, 1.25, 1.25, 0.0, 0.0, 0.0, 0.0, 0.0, 0.0, 1.25, 1.25, 0.0, 0.0, 0.0, 0.0, 0.0, 0.0]","[0.0017189907375723124, 0.003459947882220149, 0.0503012053668499, 0.9685387015342712, 0.2488628774881363, 0.10253176838159561, 0.07469603419303894, 0.3600239157676697, 0.091089628636837, 0.3737550675868988, 0.3003331422805786, 0.41820523142814636, 0.5904462337493896, 0.23554040491580963, 0.030972125008702278, 0.05239235982298851, 0.027527889236807823, -0.20428822934627533, 0.5890025496482849, 0.0, 0.0, 0.9685387015342712, -0.2488628774881363, 0.0, 0.0, -0.20128698647022247, 0.02818647027015686, 0.0, 0.0, 0.9685387015342712, -0.2488628774881363, 0.0, 0.0, 0.16434194147586823, 0.03372451290488243, 0.0, 0.0, 0.9685387015342712, -0.2488628774881363, 0.0, 0.0, 1.25, 1.25, 0.0, 0.0, 0.0, 0.0, 0.0, 0.0, 1.25, 1.25, 0.0, 0.0, 0.0, 0.0, 0.0, 0.0]"
189,-0.29751765727996826,-0.2998383641242981,-1.6299753189086914,0.40004285008093055,0.0019220681861042976,0.003409882541745901,0.0039142872991820305,0.9071939618069367,False,,-1.0712237323081504,-1.0743719339370728,"[0.0017189907375723124, 0.003459947882220149, 0.0503012053668499, 0.9685387015342712, 0.2488628774881363, 0.10253176838159561, 0.07469603419303894, 0.3600239157676697, 0.091089628636837, 0.3737550675868988, 0.3003331422805786, 0.41820523142814636, 0.5904462337493896, 0.23554040491580963, 0.030972125008702278, 0.05239235982298851, 0.027527889236807823, -0.20428822934627533, 0.5890025496482849, 0.0, 0.0, 0.9685387015342712, -0.2488628774881363, 0.0, 0.0, -0.20128698647022247, 0.02818647027015686, 0.0, 0.0, 0.9685387015342712, -0.2488628774881363, 0.0, 0.0, 0.16434194147586823, 0.03372451290488243, 0.0, 0.0, 0.9685387015342712, -0.2488628774881363, 0.0, 0.0, 1.25, 1.25, 0.0, 0.0, 0.0, 0.0, 0.0, 0.0, 1.25, 1.25, 0.0, 0.0, 0.0, 0.0, 0.0, 0.0]","[0.0019220681861042976, 0.003409882541745901, 0.05157690495252609, 0.9669316411018372, 0.2550356090068817, 0.09956887364387512, 0.07495764642953873, 0.3599999248981476, 0.09165268391370773, 0.3730906844139099, 0.29906895756721497, 0.4166337847709656, 0.5913006067276001, 0.2360588014125824, 0.03086531162261963, 0.0529802106320858, 0.027581602334976196, -0.2005755752325058, 0.5901477336883545, 0.0, 0.0, 0.9669316411018372, -0.2550356090068817, 0.0, 0.0, -0.2011515498161316, 0.02932390570640564, 0.0, 0.0, 0.9669316411018372, -0.2550356090068817, 0.0, 0.0, 0.16450464725494385, 0.03252984210848808, 0.0, 0.0, 0.9669316411018372, -0.2550356090068817, 0.0, 0.0, 1.25, 1.25, 0.0, 0.0, 0.0, 0.0, 0.0, 0.0, 1.25, 1.25, 0.0, 0.0, 0.0, 0.0, 0.0, 0.0]"
190,-0.2956305146217346,-0.29751765727996826,0.8338187336921692,0.39985189378174635,0.0008883283589966595,0.0037476657889783382,0.0038515095922607187,0.9182795695441566,False,,-1.0723227067023147,-1.0754737854003906,"[0.0019220681861042976, 0.003409882541745901, 0.05157690495252609, 0.9669316411018372, 0.2550356090068817, 0.09956887364387512, 0.07495764642953873, 0.3599999248981476, 0.09165268391370773, 0.3730906844139099, 0.29906895756721497, 0.4166337847709656, 0.5913006067276001, 0.2360588014125824, 0.03086531162261963, 0.0529802106320858, 0.027581602334976196, -0.2005755752325058, 0.5901477336883545, 0.0, 0.0, 0.9669316411018372, -0.2550356090068817, 0.0, 0.0, -0.2011515498161316, 0.02932390570640564, 0.0, 0.0, 0.9669316411018372, -0.2550356090068817, 0.0, 0.0, 0.16450464725494385, 0.03252984210848808, 0.0, 0.0, 0.9669316411018372, -0.2550356090068817, 0.0, 0.0, 1.25, 1.25, 0.0, 0.0, 0.0, 0.0, 0.0, 0.0, 1.25, 1.25, 0.0, 0.0, 0.0, 0.0, 0.0, 0.0]","[0.0008883283589966595, 0.0037476657889783382, 0.05294255167245865, 0.9651677012443542, 0.2616320550441742, 0.09659843891859055, 0.07526752352714539, 0.36001142859458923, 0.09229734539985657, 0.3724204897880554, 0.29775217175483704, 0.4150072932243347, 0.5922565460205078, 0.23661494255065918, 0.030729055404663086, 0.053584206849336624, 0.02761881984770298, -0.19656527042388916, 0.5913541913032532, 0.0, 0.0, 0.9651677012443542, -0.2616320550441742, 0.0, 0.0, -0.2009706348180771, 0.030547337606549263, 0.0, 0.0, 0.9651677012443542, -0.2616320550441742, 0.0, 0.0, 0.1646983027458191, 0.03125661239027977, 0.0, 0.0, 0.9651677012443542, -0.2616320550441742, 0.0, 0.0, 1.25, 1.25, 0.0, 0.0, 0.0, 0.0, 0.0, 0.0, 1.25, 1.25, 0.0, 0.0, 0.0, 0.0, 0.0, 0.0]"
191,-0.29400014877319336,-0.2956305146217346,1.947075605392456,0.39996650512287246,0.0019402116304263473,0.003410901175811887,0.00392411365813945,0.9284283251835138,False,,-1.0734634970330026,-1.0766133069992065,"[0.0008883283589966595, 0.0037476657889783382, 0.05294255167245865, 0.9651677012443542, 0.2616320550441742, 0.09659843891859055, 0.07526752352714539, 0.36001142859458923, 0.09229734539985657, 0.3724204897880554, 0.29775217175483704, 0.4150072932243347, 0.5922565460205078, 0.23661494255065918, 0.030729055404663086, 0.053584206849336624, 0.02761881984770298, -0.19656527042388916, 0.5913541913032532, 0.0, 0.0, 0.9651677012443542, -0.2616320550441742, 0.0, 0.0, -0.2009706348180771, 0.030547337606549263, 0.0, 0.0, 0.9651677012443542, -0.2616320550441742, 0.0, 0.0, 0.1646983027458191, 0.03125661239027977, 0.0, 0.0, 0.9651677012443542, -0.2616320550441742, 0.0, 0.0, 1.25, 1.25, 0.0, 0.0, 0.0, 0.0, 0.0, 0.0, 1.25, 1.25, 0.0, 0.0, 0.0, 0.0, 0.0, 0.0]","[0.0019402116304263473, 0.003410901175811887, 0.0542258620262146, 0.9634690880775452, 0.2678196430206299, 0.09390284866094589, 0.07554136961698532, 0.36001789569854736, 0.09288718551397324, 0.37178850173950195, 0.29652395844459534, 0.4134855270385742, 0.5931718349456787, 0.23716102540493011, 0.030625801533460617, 0.05420719459652901, 0.0276754442602396, -0.1928175836801529, 0.5924562215805054, 0.0, 0.0, 0.9634690880775452, -0.2678196430206299, 0.0, 0.0, -0.20082128047943115, 0.03168919309973717, 0.0, 0.0, 0.9634690880775452, -0.2678196430206299, 0.0, 0.0, 0.16484405100345612, 0.030052313581109047, 0.0, 0.0, 0.9634690880775452, -0.2678196430206299, 0.0, 0.0, 1.25, 1.25, 0.0, 0.0, 0.0, 0.0, 0.0, 0.0, 1.25, 1.25, 0.0, 0.0, 0.0, 0.0, 0.0, 0.0]"
192,-0.2924797534942627,-0.29400014877319336,0.6191060543060303,0.39989768743738774,0.0001529705768916756,0.0034772991202771664,0.0034806621739655987,0.9379838412186472,False,,-1.07465412476368,-1.0778180360794067,"[0.0019402116304263473, 0.003410901175811887, 0.0542258620262146, 0.9634690880775452, 0.2678196430206299, 0.09390284866094589, 0.07554136961698532, 0.36001789569854736, 0.09288718551397324, 0.37178850173950195, 0.29652395844459534, 0.4134855270385742, 0.5931718349456787, 0.23716102540493011, 0.030625801533460617, 0.05420719459652901, 0.0276754442602396, -0.1928175836801529, 0.5924562215805054, 0.0, 0.0, 0.9634690880775452, -0.2678196430206299, 0.0, 0.0, -0.20082128047943115, 0.03168919309973717, 0.0, 0.0, 0.9634690880775452, -0.2678196430206299, 0.0, 0.0, 0.16484405100345612, 0.030052313581109047, 0.0, 0.0, 0.9634690880775452, -0.2678196430206299, 0.0, 0.0, 1.25, 1.25, 0.0, 0.0, 0.0, 0.0, 0.0, 0.0, 1.25, 1.25, 0.0, 0.0, 0.0, 0.0, 0.0, 0.0]","[0.0001529705768916756, 0.0034772991202771664, 0.05559448152780533, 0.9616137742996216, 0.27440646290779114, 0.09122665226459503, 0.07585405558347702, 0.3600539267063141, 0.09354738891124725, 0.37114670872688293, 0.29525628685951233, 0.41190794110298157, 0.5941957235336304, 0.23773907124996185, 0.03050331398844719, 0.054863668978214264, 0.027724066749215126, -0.1887931078672409, 0.5936209559440613, 0.0, 0.0, 0.9616137742996216, -0.27440646290779114, 0.0, 0.0, -0.2006339430809021, 0.03292185813188553, 0.0, 0.0, 0.9616137742996216, -0.27440646290779114, 0.0, 0.0, 0.16501100361347198, 0.028782926499843597, 0.0, 0.0, 0.9616137742996216, -0.27440646290779114, 0.0, 0.0, 1.25, 1.25, 0.0, 0.0, 0.0, 0.0, 0.0, 0.0, 1.25, 1.25, 0.0, 0.0, 0.0, 0.0, 0.0, 0.0]"
193,-0.29249435663223267,-0.2924797534942627,-1.5911972522735596,0.39997686137528343,0.0019983614329248667,0.0030510826036334038,0.003647266575230815,0.9465660393100988,False,,-1.0758883159115356,-1.0790479183197021,"[0.0001529705768916756, 0.0034772991202771664, 0.05559448152780533, 0.9616137742996216, 0.27440646290779114, 0.09122665226459503, 0.07585405558347702, 0.3600539267063141, 0.09354738891124725, 0.37114670872688293, 0.29525628685951233, 0.41190794110298157, 0.5941957235336304, 0.23773907124996185, 0.03050331398844719, 0.054863668978214264, 0.027724066749215126, -0.1887931078672409, 0.5936209559440613, 0.0, 0.0, 0.9616137742996216, -0.27440646290779114, 0.0, 0.0, -0.2006339430809021, 0.03292185813188553, 0.0, 0.0, 0.9616137742996216, -0.27440646290779114, 0.0, 0.0, 0.16501100361347198, 0.028782926499843597, 0.0, 0.0, 0.9616137742996216, -0.27440646290779114, 0.0, 0.0, 1.25, 1.25, 0.0, 0.0, 0.0, 0.0, 0.0, 0.0, 1.25, 1.25, 0.0, 0.0, 0.0, 0.0, 0.0, 0.0]","[0.0019983614329248667, 0.0030510826036334038, 0.05683208629488945, 0.9598973393440247, 0.2803516387939453, 0.08888009935617447, 0.07613100111484528, 0.36009156703948975, 0.09414257109165192, 0.3705735206604004, 0.29411789774894714, 0.4104974865913391, 0.595137894153595, 0.23828451335430145, 0.030405331403017044, 0.05549322068691254, 0.027779141440987587, -0.1851629614830017, 0.5946411490440369, 0.0, 0.0, 0.9598973393440247, -0.2803516387939453, 0.0, 0.0, -0.20047318935394287, 0.03402601554989815, 0.0, 0.0, 0.9598973393440247, -0.2803516387939453, 0.0, 0.0, 0.16513852775096893, 0.027624735608696938, 0.0, 0.0, 0.9598973393440247, -0.2803516387939453, 0.0, 0.0, 1.25, 1.25, 0.0, 0.0, 0.0, 0.0, 0.0, 0.0, 1.25, 1.25, 0.0, 0.0, 0.0, 0.0, 0.0, 0.0]"
194,-0.29250606894493103,-0.29249435663223267,-0.4764813184738159,0.39988046214856166,0.0008994514937512577,0.003061156254261732,0.003190562740742938,0.9545099661106974,False,,-1.0771718769984384,-1.0803452730178833,"[0.0019983614329248667, 0.0030510826036334038, 0.05683208629488945, 0.9598973393440247, 0.2803516387939453, 0.08888009935617447, 0.07613100111484528, 0.36009156703948975, 0.09414257109165192, 0.3705735206604004, 0.29411789774894714, 0.4104974865913391, 0.595137894153595, 0.23828451335430145, 0.030405331403017044, 0.05549322068691254, 0.027779141440987587, -0.1851629614830017, 0.5946411490440369, 0.0, 0.0, 0.9598973393440247, -0.2803516387939453, 0.0, 0.0, -0.20047318935394287, 0.03402601554989815, 0.0, 0.0, 0.9598973393440247, -0.2803516387939453, 0.0, 0.0, 0.16513852775096893, 0.027624735608696938, 0.0, 0.0, 0.9598973393440247, -0.2803516387939453, 0.0, 0.0, 1.25, 1.25, 0.0, 0.0, 0.0, 0.0, 0.0, 0.0, 1.25, 1.25, 0.0, 0.0, 0.0, 0.0, 0.0, 0.0]","[0.0008994514937512577, 0.003061156254261732, 0.05812119320034981, 0.9580703973770142, 0.28653284907341003, 0.08660611510276794, 0.07643883675336838, 0.36015740036964417, 0.09479203075170517, 0.37000560760498047, 0.2929728329181671, 0.40906864404678345, 0.59616619348526, 0.23884554207324982, 0.03029165416955948, 0.056141447275877, 0.027825405821204185, -0.181355282664299, 0.5956975817680359, 0.0, 0.0, 0.9580703973770142, -0.28653284907341003, 0.0, 0.0, -0.2002786248922348, 0.03519277647137642, 0.0, 0.0, 0.9580703973770142, -0.28653284907341003, 0.0, 0.0, 0.16528363525867462, 0.02643526904284954, 0.0, 0.0, 0.9580703973770142, -0.28653284907341003, 0.0, 0.0, 1.25, 1.25, 0.0, 0.0, 0.0, 0.0, 0.0, 0.0, 1.25, 1.25, 0.0, 0.0, 0.0, 0.0, 0.0, 0.0]"
195,-0.29251980781555176,-0.29250606894493103,0.7218631505966187,0.40004294017381625,0.0017762661445885897,0.0024110348895192146,0.0029946970890042525,0.9615205053554774,False,,-1.078497657903051,-1.0816768407821655,"[0.0008994514937512577, 0.003061156254261732, 0.05812119320034981, 0.9580703973770142, 0.28653284907341003, 0.08660611510276794, 0.07643883675336838, 0.36015740036964417, 0.09479203075170517, 0.37000560760498047, 0.2929728329181671, 0.40906864404678345, 0.59616619348526, 0.23884554207324982, 0.03029165416955948, 0.056141447275877, 0.027825405821204185, -0.181355282664299, 0.5956975817680359, 0.0, 0.0, 0.9580703973770142, -0.28653284907341003, 0.0, 0.0, -0.2002786248922348, 0.03519277647137642, 0.0, 0.0, 0.9580703973770142, -0.28653284907341003, 0.0, 0.0, 0.16528363525867462, 0.02643526904284954, 0.0, 0.0, 0.9580703973770142, -0.28653284907341003, 0.0, 0.0, 1.25, 1.25, 0.0, 0.0, 0.0, 0.0, 0.0, 0.0, 1.25, 1.25, 0.0, 0.0, 0.0, 0.0, 0.0, 0.0]","[0.0017762661445885897, 0.0024110348895192146, 0.05925530195236206, 0.9564302563667297, 0.2919609844684601, 0.0846676453948021, 0.07669482380151749, 0.36021122336387634, 0.09534979611635208, 0.3695032000541687, 0.2919752895832062, 0.4078151285648346, 0.5970882773399353, 0.23935535550117493, 0.03021201118826866, 0.05676170811057091, 0.027884449809789658, -0.1780223697423935, 0.5966057181358337, 0.0, 0.0, 0.9564302563667297, -0.2919609844684601, 0.0, 0.0, -0.20012377202510834, 0.036217257380485535, 0.0, 0.0, 0.9564302563667297, -0.2919609844684601, 0.0, 0.0, 0.16538232564926147, 0.025387151166796684, 0.0, 0.0, 0.9564302563667297, -0.2919609844684601, 0.0, 0.0, 1.25, 1.25, 0.0, 0.0, 0.0, 0.0, 0.0, 0.0, 1.25, 1.25, 0.0, 0.0, 0.0, 0.0, 0.0, 0.0]"
196,-0.2925315201282501,-0.29251980781555176,1.031906008720398,0.3999083790521888,0.0012801963603124022,0.0022085311356931925,0.0025527460700750055,0.9678470278868966,False,,-1.0798745817703317,-1.0830670595169067,"[0.0017762661445885897, 0.0024110348895192146, 0.05925530195236206, 0.9564302563667297, 0.2919609844684601, 0.0846676453948021, 0.07669482380151749, 0.36021122336387634, 0.09534979611635208, 0.3695032000541687, 0.2919752895832062, 0.4078151285648346, 0.5970882773399353, 0.23935535550117493, 0.03021201118826866, 0.05676170811057091, 0.027884449809789658, -0.1780223697423935, 0.5966057181358337, 0.0, 0.0, 0.9564302563667297, -0.2919609844684601, 0.0, 0.0, -0.20012377202510834, 0.036217257380485535, 0.0, 0.0, 0.9564302563667297, -0.2919609844684601, 0.0, 0.0, 0.16538232564926147, 0.025387151166796684, 0.0, 0.0, 0.9564302563667297, -0.2919609844684601, 0.0, 0.0, 1.25, 1.25, 0.0, 0.0, 0.0, 0.0, 0.0, 0.0, 1.25, 1.25, 0.0, 0.0, 0.0, 0.0, 0.0, 0.0]","[0.0012801963603124022, 0.0022085311356931925, 0.060366369783878326, 0.9547935128211975, 0.297269731760025, 0.08288964629173279, 0.07697292417287827, 0.36029478907585144, 0.0959346815943718, 0.36904388666152954, 0.2910296320915222, 0.4066292345523834, 0.5980290174484253, 0.23984846472740173, 0.030113274231553078, 0.05734198912978172, 0.027922851964831352, -0.17472398281097412, 0.59748774766922, 0.0, 0.0, 0.9547935128211975, -0.297269731760025, 0.0, 0.0, -0.19993816316127777, 0.03723074868321419, 0.0, 0.0, 0.9547935128211975, -0.297269731760025, 0.0, 0.0, 0.16550152003765106, 0.024370508268475533, 0.0, 0.0, 0.9547935128211975, -0.297269731760025, 0.0, 0.0, 1.25, 1.25, 0.0, 0.0, 0.0, 0.0, 0.0, 0.0, 1.25, 1.25, 0.0, 0.0, 0.0, 0.0, 0.0, 0.0]"
197,-0.29254233837127686,-0.2925315201282501,-0.172737717628479,0.3998882527907013,-0.00010403897613286972,0.0018276270711794496,0.0018305859225566958,0.9734304481201557,False,,-1.0812962362625214,-1.084510326385498,"[0.0012801963603124022, 0.0022085311356931925, 0.060366369783878326, 0.9547935128211975, 0.297269731760025, 0.08288964629173279, 0.07697292417287827, 0.36029478907585144, 0.0959346815943718, 0.36904388666152954, 0.2910296320915222, 0.4066292345523834, 0.5980290174484253, 0.23984846472740173, 0.030113274231553078, 0.05734198912978172, 0.027922851964831352, -0.17472398281097412, 0.59748774766922, 0.0, 0.0, 0.9547935128211975, -0.297269731760025, 0.0, 0.0, -0.19993816316127777, 0.03723074868321419, 0.0, 0.0, 0.9547935128211975, -0.297269731760025, 0.0, 0.0, 0.16550152003765106, 0.024370508268475533, 0.0, 0.0, 0.9547935128211975, -0.297269731760025, 0.0, 0.0, 1.25, 1.25, 0.0, 0.0, 0.0, 0.0, 0.0, 0.0, 1.25, 1.25, 0.0, 0.0, 0.0, 0.0, 0.0, 0.0]","[-0.00010403897613286972, 0.0018276270711794496, 0.061388708651065826, 0.9532614946365356, 0.30214643478393555, 0.08133769035339355, 0.07722438871860504, 0.3603745996952057, 0.09647144377231598, 0.3686251938343048, 0.290181428194046, 0.4055474102497101, 0.5989223122596741, 0.24030180275440216, 0.030031533911824226, 0.0579034760594368, 0.027966320514678955, -0.17169035971164703, 0.5982955098152161, 0.0, 0.0, 0.9532614946365356, -0.30214643478393555, 0.0, 0.0, -0.19976806640625, 0.038174692541360855, 0.0, 0.0, 0.9532614946365356, -0.30214643478393555, 0.0, 0.0, 0.1656004786491394, 0.023446805775165558, 0.0, 0.0, 0.9532614946365356, -0.30214643478393555, 0.0, 0.0, 1.25, 1.25, 0.0, 0.0, 0.0, 0.0, 0.0, 0.0, 1.25, 1.25, 0.0, 0.0, 0.0, 0.0, 0.0, 0.0]"
198,-0.2925572097301483,-0.29254233837127686,-1.3237903118133545,0.4000388149734737,0.0015372171765193343,0.0011054554488509893,0.001893427684697891,0.9782216768821381,False,,-1.082760965297418,-1.0859732627868652,"[-0.00010403897613286972, 0.0018276270711794496, 0.061388708651065826, 0.9532614946365356, 0.30214643478393555, 0.08133769035339355, 0.07722438871860504, 0.3603745996952057, 0.09647144377231598, 0.3686251938343048, 0.290181428194046, 0.4055474102497101, 0.5989223122596741, 0.24030180275440216, 0.030031533911824226, 0.0579034760594368, 0.027966320514678955, -0.17169035971164703, 0.5982955098152161, 0.0, 0.0, 0.9532614946365356, -0.30214643478393555, 0.0, 0.0, -0.19976806640625, 0.038174692541360855, 0.0, 0.0, 0.9532614946365356, -0.30214643478393555, 0.0, 0.0, 0.1656004786491394, 0.023446805775165558, 0.0, 0.0, 0.9532614946365356, -0.30214643478393555, 0.0, 0.0, 1.25, 1.25, 0.0, 0.0, 0.0, 0.0, 0.0, 0.0, 1.25, 1.25, 0.0, 0.0, 0.0, 0.0, 0.0, 0.0]","[0.0015372171765193343, 0.0011054554488509893, 0.06222490593791008, 0.9519899487495422, 0.3061293661594391, 0.08010366559028625, 0.07741943746805191, 0.36043581366539, 0.09690012037754059, 0.36827924847602844, 0.2894955575466156, 0.4046621322631836, 0.5996657609939575, 0.2406792938709259, 0.02997809648513794, 0.058396536856889725, 0.02801421843469143, -0.16921992599964142, 0.5989479422569275, 0.0, 0.0, 0.9519899487495422, -0.3061293661594391, 0.0, 0.0, -0.1996392458677292, 0.0389493964612484, 0.0, 0.0, 0.9519899487495422, -0.3061293661594391, 0.0, 0.0, 0.1656639128923416, 0.022694235667586327, 0.0, 0.0, 0.9519899487495422, -0.3061293661594391, 0.0, 0.0, 1.25, 1.25, 0.0, 0.0, 0.0, 0.0, 0.0, 0.0, 1.25, 1.25, 0.0, 0.0, 0.0, 0.0, 0.0, 0.0]"
199,-0.29256877303123474,-0.2925572097301483,0.2824420630931854,0.3999521944815989,0.0009123664349317551,0.0008659980958327651,0.0012579209886062223,0.9824594439084908,False,,-1.084275538077618,-1.087506890296936,"[0.0015372171765193343, 0.0011054554488509893, 0.06222490593791008, 0.9519899487495422, 0.3061293661594391, 0.08010366559028625, 0.07741943746805191, 0.36043581366539, 0.09690012037754059, 0.36827924847602844, 0.2894955575466156, 0.4046621322631836, 0.5996657609939575, 0.2406792938709259, 0.02997809648513794, 0.058396536856889725, 0.02801421843469143, -0.16921992599964142, 0.5989479422569275, 0.0, 0.0, 0.9519899487495422, -0.3061293661594391, 0.0, 0.0, -0.1996392458677292, 0.0389493964612484, 0.0, 0.0, 0.9519899487495422, -0.3061293661594391, 0.0, 0.0, 0.1656639128923416, 0.022694235667586327, 0.0, 0.0, 0.9519899487495422, -0.3061293661594391, 0.0, 0.0, 1.25, 1.25, 0.0, 0.0, 0.0, 0.0, 0.0, 0.0, 1.25, 1.25, 0.0, 0.0, 0.0, 0.0, 0.0, 0.0]","[0.0009123664349317551, 0.0008659980958327651, 0.06304113566875458, 0.9507326483726501, 0.3100120425224304, 0.07899205386638641, 0.07763072848320007, 0.3605172038078308, 0.09734731167554855, 0.3679642379283905, 0.28885504603385925, 0.40382593870162964, 0.6004234552383423, 0.2410329133272171, 0.02990919165313244, 0.05885225906968117, 0.02804519422352314, -0.1667802929878235, 0.5995914340019226, 0.0, 0.0, 0.9507326483726501, -0.3100120425224304, 0.0, 0.0, -0.19948478043079376, 0.039721664041280746, 0.0, 0.0, 0.9507326483726501, -0.3100120425224304, 0.0, 0.0, 0.16574837267398834, 0.021975984796881676, 0.0, 0.0, 0.9507326483726501, -0.3100120425224304, 0.0, 0.0, 1.25, 1.25, 0.0, 0.0, 0.0, 0.0, 0.0, 0.0, 1.25, 1.25, 0.0, 0.0, 0.0, 0.0, 0.0, 0.0]"
200,-0.2925795614719391,-0.29256877303123474,-0.06769411265850067,0.3998657655467571,0.0002872589393518865,0.0005642992327921093,0.0006332071717592387,0.9860952605048713,False,,-1.0858376881439533,-1.0890878438949585,"[0.0009123664349317551, 0.0008659980958327651, 0.06304113566875458, 0.9507326483726501, 0.3100120425224304, 0.07899205386638641, 0.07763072848320007, 0.3605172038078308, 0.09734731167554855, 0.3679642379283905, 0.28885504603385925, 0.40382593870162964, 0.6004234552383423, 0.2410329133272171, 0.02990919165313244, 0.05885225906968117, 0.02804519422352314, -0.1667802929878235, 0.5995914340019226, 0.0, 0.0, 0.9507326483726501, -0.3100120425224304, 0.0, 0.0, -0.19948478043079376, 0.039721664041280746, 0.0, 0.0, 0.9507326483726501, -0.3100120425224304, 0.0, 0.0, 0.16574837267398834, 0.021975984796881676, 0.0, 0.0, 0.9507326483726501, -0.3100120425224304, 0.0, 0.0, 1.25, 1.25, 0.0, 0.0, 0.0, 0.0, 0.0, 0.0, 1.25, 1.25, 0.0, 0.0, 0.0, 0.0, 0.0, 0.0]","[0.0002872589393518865, 0.0005642992327921093, 0.06374531984329224, 0.9496352076530457, 0.31335753202438354, 0.07808984071016312, 0.07781580090522766, 0.36059311032295227, 0.09773875772953033, 0.36769863963127136, 0.2883202135562897, 0.40311357378959656, 0.6010978817939758, 0.24133087694644928, 0.029849503189325333, 0.059250399470329285, 0.028071533888578415, -0.16466854512691498, 0.6001507639884949, 0.0, 0.0, 0.9496352076530457, -0.31335753202438354, 0.0, 0.0, -0.19934408366680145, 0.04039962589740753, 0.0, 0.0, 0.9496352076530457, -0.31335753202438354, 0.0, 0.0, 0.16582372784614563, 0.02136831171810627, 0.0, 0.0, 0.9496352076530457, -0.31335753202438354, 0.0, 0.0, 1.25, 1.25, 0.0, 0.0, 0.0, 0.0, 0.0, 0.0, 1.25, 1.25, 0.0, 0.0, 0.0, 0.0, 0.0, 0.0]"
