parsed_debug_rows=45888
stuck_rows=7133
stuck_segments_h1=0
stuck_segments_h2=165
segments_h2: start_step end_step count max_still
      107      120    14        33
       67      120    54        73
       53      120    68        87
       68       74     7        26
       99      108    10        29
       80      120    41        60
       42      120    79        98
       42      120    79        98
       50       87    38        57
       60      120    61        80
       52      120    69        88
       30      114    85       104
      101      120    20        39
       38       58    21        40
      115      120     6        25
       82      120    39        58
      101      120    20        39
       55      120    66        85
      116      120     5        24
      104      120    17        36
stuck_events:
event agent=h2 step=107 prep_prev=0 prep=0 prep_changed=0 dpos_prev=0.0003 dpos_now=0.0008 still_prev=19 still_now=20 h2_ctrl=(0.200,0.500)
event agent=h2 step=67 prep_prev=1 prep=1 prep_changed=0 dpos_prev=0.0012 dpos_now=0.0015 still_prev=19 still_now=20 h2_ctrl=(0.200,0.500)
event agent=h2 step=53 prep_prev=1 prep=1 prep_changed=0 dpos_prev=0.0008 dpos_now=0.0009 still_prev=19 still_now=20 h2_ctrl=(0.200,0.500)
event agent=h2 step=68 prep_prev=1 prep=1 prep_changed=0 dpos_prev=0.0028 dpos_now=0.0030 still_prev=19 still_now=20 h2_ctrl=(0.460,-0.500)
event agent=h2 step=99 prep_prev=0 prep=0 prep_changed=0 dpos_prev=0.0060 dpos_now=0.0080 still_prev=19 still_now=20 h2_ctrl=(0.460,0.500)
event agent=h2 step=80 prep_prev=1 prep=1 prep_changed=0 dpos_prev=0.0005 dpos_now=0.0005 still_prev=19 still_now=20 h2_ctrl=(0.200,-0.500)
event agent=h2 step=42 prep_prev=1 prep=1 prep_changed=0 dpos_prev=0.0000 dpos_now=0.0005 still_prev=19 still_now=20 h2_ctrl=(0.200,-0.500)
event agent=h2 step=42 prep_prev=1 prep=1 prep_changed=0 dpos_prev=0.0008 dpos_now=0.0008 still_prev=19 still_now=20 h2_ctrl=(0.350,-0.500)
event agent=h2 step=50 prep_prev=1 prep=1 prep_changed=0 dpos_prev=0.0009 dpos_now=0.0009 still_prev=19 still_now=20 h2_ctrl=(0.200,-0.500)
event agent=h2 step=60 prep_prev=1 prep=1 prep_changed=0 dpos_prev=0.0007 dpos_now=0.0008 still_prev=19 still_now=20 h2_ctrl=(0.200,-0.500)
event agent=h2 step=52 prep_prev=1 prep=1 prep_changed=0 dpos_prev=0.0002 dpos_now=0.0006 still_prev=19 still_now=20 h2_ctrl=(0.200,0.500)
event agent=h2 step=30 prep_prev=1 prep=1 prep_changed=0 dpos_prev=0.0010 dpos_now=0.0010 still_prev=19 still_now=20 h2_ctrl=(0.200,-0.500)
event agent=h2 step=101 prep_prev=0 prep=0 prep_changed=0 dpos_prev=0.0009 dpos_now=0.0010 still_prev=19 still_now=20 h2_ctrl=(0.200,0.500)
event agent=h2 step=38 prep_prev=1 prep=1 prep_changed=0 dpos_prev=0.0054 dpos_now=0.0067 still_prev=19 still_now=20 h2_ctrl=(0.200,0.500)
event agent=h2 step=115 prep_prev=0 prep=0 prep_changed=0 dpos_prev=0.0059 dpos_now=0.0013 still_prev=19 still_now=20 h2_ctrl=(0.200,-0.500)
event agent=h2 step=82 prep_prev=0 prep=0 prep_changed=0 dpos_prev=0.0008 dpos_now=0.0009 still_prev=19 still_now=20 h2_ctrl=(0.200,-0.500)
event agent=h2 step=101 prep_prev=0 prep=0 prep_changed=0 dpos_prev=0.0007 dpos_now=0.0007 still_prev=19 still_now=20 h2_ctrl=(0.200,-0.500)
event agent=h2 step=55 prep_prev=1 prep=1 prep_changed=0 dpos_prev=0.0007 dpos_now=0.0007 still_prev=19 still_now=20 h2_ctrl=(0.200,-0.500)
event agent=h2 step=116 prep_prev=0 prep=0 prep_changed=0 dpos_prev=0.0007 dpos_now=0.0007 still_prev=19 still_now=20 h2_ctrl=(0.200,0.500)
event agent=h2 step=104 prep_prev=0 prep=0 prep_changed=0 dpos_prev=0.0012 dpos_now=0.0001 still_prev=19 still_now=20 h2_ctrl=(0.200,0.500)
event agent=h2 step=31 prep_prev=1 prep=1 prep_changed=0 dpos_prev=0.0000 dpos_now=0.0000 still_prev=19 still_now=20 h2_ctrl=(0.200,-0.500)
event agent=h2 step=68 prep_prev=1 prep=1 prep_changed=0 dpos_prev=0.0037 dpos_now=0.0013 still_prev=19 still_now=20 h2_ctrl=(0.460,0.120)
event agent=h2 step=81 prep_prev=1 prep=0 prep_changed=1 dpos_prev=0.0056 dpos_now=0.0010 still_prev=19 still_now=20 h2_ctrl=(0.200,-0.500)
event agent=h2 step=79 prep_prev=1 prep=1 prep_changed=0 dpos_prev=0.0058 dpos_now=0.0069 still_prev=19 still_now=20 h2_ctrl=(0.460,0.500)
event agent=h2 step=108 prep_prev=0 prep=0 prep_changed=0 dpos_prev=0.0001 dpos_now=0.0004 still_prev=19 still_now=20 h2_ctrl=(0.460,-0.500)
event agent=h2 step=99 prep_prev=0 prep=0 prep_changed=0 dpos_prev=0.0009 dpos_now=0.0010 still_prev=19 still_now=20 h2_ctrl=(0.200,-0.500)
event agent=h2 step=57 prep_prev=1 prep=1 prep_changed=0 dpos_prev=0.0043 dpos_now=0.0050 still_prev=19 still_now=20 h2_ctrl=(0.460,-0.120)
event agent=h2 step=93 prep_prev=0 prep=0 prep_changed=0 dpos_prev=0.0001 dpos_now=0.0001 still_prev=19 still_now=20 h2_ctrl=(0.460,0.500)
event agent=h2 step=67 prep_prev=1 prep=1 prep_changed=0 dpos_prev=0.0020 dpos_now=0.0015 still_prev=19 still_now=20 h2_ctrl=(0.460,0.600)
event agent=h2 step=45 prep_prev=1 prep=1 prep_changed=0 dpos_prev=0.0001 dpos_now=0.0002 still_prev=19 still_now=20 h2_ctrl=(0.200,0.500)
event agent=h2 step=99 prep_prev=0 prep=0 prep_changed=0 dpos_prev=0.0009 dpos_now=0.0009 still_prev=19 still_now=20 h2_ctrl=(0.200,0.500)
event agent=h2 step=46 prep_prev=1 prep=1 prep_changed=0 dpos_prev=0.0010 dpos_now=0.0010 still_prev=19 still_now=20 h2_ctrl=(0.200,-0.500)
event agent=h2 step=63 prep_prev=1 prep=1 prep_changed=0 dpos_prev=0.0017 dpos_now=0.0007 still_prev=19 still_now=20 h2_ctrl=(0.460,-0.120)
event agent=h2 step=71 prep_prev=1 prep=1 prep_changed=0 dpos_prev=0.0010 dpos_now=0.0010 still_prev=19 still_now=20 h2_ctrl=(0.460,0.120)
event agent=h2 step=82 prep_prev=0 prep=0 prep_changed=0 dpos_prev=0.0003 dpos_now=0.0004 still_prev=19 still_now=20 h2_ctrl=(0.200,-0.500)
event agent=h2 step=64 prep_prev=1 prep=1 prep_changed=0 dpos_prev=0.0002 dpos_now=0.0001 still_prev=19 still_now=20 h2_ctrl=(0.200,0.500)
event agent=h2 step=61 prep_prev=1 prep=1 prep_changed=0 dpos_prev=0.0011 dpos_now=0.0012 still_prev=19 still_now=20 h2_ctrl=(0.200,0.500)
event agent=h2 step=92 prep_prev=0 prep=0 prep_changed=0 dpos_prev=0.0061 dpos_now=0.0066 still_prev=19 still_now=20 h2_ctrl=(0.460,-0.120)
event agent=h2 step=86 prep_prev=0 prep=0 prep_changed=0 dpos_prev=0.0001 dpos_now=0.0002 still_prev=19 still_now=20 h2_ctrl=(0.460,0.600)
event agent=h2 step=30 prep_prev=1 prep=1 prep_changed=0 dpos_prev=0.0030 dpos_now=0.0039 still_prev=19 still_now=20 h2_ctrl=(0.200,-0.500)
event agent=h2 step=70 prep_prev=1 prep=1 prep_changed=0 dpos_prev=0.0072 dpos_now=0.0073 still_prev=19 still_now=20 h2_ctrl=(0.460,-0.500)
event agent=h2 step=48 prep_prev=1 prep=1 prep_changed=0 dpos_prev=0.0011 dpos_now=0.0014 still_prev=19 still_now=20 h2_ctrl=(0.200,-0.500)
event agent=h2 step=82 prep_prev=0 prep=0 prep_changed=0 dpos_prev=0.0007 dpos_now=0.0007 still_prev=19 still_now=20 h2_ctrl=(0.200,0.500)
event agent=h2 step=46 prep_prev=1 prep=1 prep_changed=0 dpos_prev=0.0010 dpos_now=0.0010 still_prev=19 still_now=20 h2_ctrl=(0.200,-0.500)
event agent=h2 step=61 prep_prev=1 prep=1 prep_changed=0 dpos_prev=0.0000 dpos_now=0.0000 still_prev=19 still_now=20 h2_ctrl=(0.200,0.500)
event agent=h2 step=59 prep_prev=1 prep=1 prep_changed=0 dpos_prev=0.0004 dpos_now=0.0008 still_prev=19 still_now=20 h2_ctrl=(0.200,-0.500)
event agent=h2 step=60 prep_prev=1 prep=1 prep_changed=0 dpos_prev=0.0008 dpos_now=0.0009 still_prev=19 still_now=20 h2_ctrl=(0.200,-0.500)
event agent=h2 step=66 prep_prev=1 prep=1 prep_changed=0 dpos_prev=0.0011 dpos_now=0.0012 still_prev=19 still_now=20 h2_ctrl=(0.200,0.500)
event agent=h2 step=88 prep_prev=0 prep=0 prep_changed=0 dpos_prev=0.0013 dpos_now=0.0013 still_prev=19 still_now=20 h2_ctrl=(0.460,-0.500)
event agent=h2 step=52 prep_prev=1 prep=1 prep_changed=0 dpos_prev=0.0009 dpos_now=0.0010 still_prev=19 still_now=20 h2_ctrl=(0.200,0.500)
context_stuck_h2: step prep dpos_h1 dpos_h2 still_h1 still_h2 stuck_h1 stuck_h2
-- segment_start_step=107 key=stuck_h2 --
 107    0 0.0949 0.0008        0       20        0        1
 107    0 0.0538 0.0050        0        1        0        0
 107    0 0.0267 0.0009        0       60        0        1
 107    0 0.7449 0.0230        0        0        0        0
 107    0 0.5707 0.0038        0        3        0        0
 107    0 0.2384 0.1357        0        0        0        0
 107    0 0.0895 0.0064        0        1        0        0
 107    0 0.4309 0.0008        0       74        0        1
 107    0 0.0328 0.0067        0       28        0        1
 107    0 0.1388 0.0095        0        4        0        0
 107    0 0.0771 0.0009        0       47        0        1
 107    0 0.2933 0.3124        0        0        0        0
 107    0 0.1908 0.0052        0        3        0        0
 107    0 0.1627 0.0008        0       85        0        1
 107    0 0.1436 0.0128        0        0        0        0
 107    0 0.1720 0.0016        0       85        0        1
 107    0 0.0979 0.0169        0        0        0        0
 107    0 0.1280 0.0128        0        0        0        0
 107    0 0.0544 0.0089        0        4        0        0
 107    0 0.1673 0.0174        0        0        0        0
 107    0 0.2004 0.0007        0       67        0        1
 107    0 0.2645 0.0008        0       75        0        1
 107    0 0.1384 0.0131        0        0        0        0
 107    0 0.1632 0.0178        0        0        0        0
 107    0 0.0023 0.0133        1        0        0        0
 107    0 0.4376 0.0007        0       97        0        1
 107    0 0.0234 0.0145        0        0        0        0
 107    0 0.1737 0.0020        0       26        0        1
 107    0 0.1686 0.0141        0        0        0        0
 107    0 0.0400 0.0155        0        0        0        0
 107    0 0.2352 0.0015        0       12        0        0
 107    0 0.3814 0.0026        0       45        0        1
 107    0 0.1108 0.0002        0       26        0        1
 107    0 0.1428 0.0007        0       72        0        1
 107    0 0.0948 0.0008        0       11        0        0
 107    0 0.3315 0.0679        0        0        0        0
 107    0 0.1566 0.0102        0        0        0        0
 107    0 0.6912 0.0004        0       23        0        1
 107    0 0.5140 0.0017        0        2        0        0
 107    0 0.1105 0.0082        0        6        0        0
 107    0 0.0573 0.0144        0        0        0        0
 107    0 0.1586 0.0167        0        0        0        0
 107    0 0.3753 0.0336        0        0        0        0
 107    0 0.1831 0.0028        0       59        0        1
 107    0 0.1186 0.0003        0       46        0        1
 107    0 0.0518 0.0139        0        0        0        0
 107    0 0.2487 0.0122        0        0        0        0
 107    0 0.0503 0.0070        0        1        0        0
 107    0 0.3046 0.0049        0        3        0        0
 107    0 0.2861 0.0001        0       19        0        0
 107    0 0.1566 0.0002        0       28        0        1
 107    0 0.2222 0.0397        0        0        0        0
 107    0 0.4736 0.0036        0        6        0        0
 107    0 0.1996 0.2363        0        0        0        0
 107    0 0.0370 0.0019        0        2        0        0
 107    0 0.2844 0.0002        0       34        0        1
 107    0 0.1629 0.0094        0        4        0        0
 107    0 0.0344 0.0334        0        0        0        0
 107    0 0.3304 0.0002        0       60        0        1
 107    0 0.0985 0.0126        0        0        0        0
 107    0 0.1764 0.0126        0        0        0        0
 107    0 0.3323 0.0170        0        0        0        0
 107    0 0.1216 0.0135        0        0        0        0
 107    0 0.0776 0.0134        0        0        0        0
 107    0 0.0354 0.0006        0       28        0        1
 107    0 0.1607 0.0477        0        0        0        0
 107    0 0.0669 0.0001        0       64        0        1
 107    0 0.0928 0.0007        0       56        0        1
 107    0 0.4126 0.0299        0        0        0        0
 107    0 0.2765 0.0004        0       63        0        1
 107    0 0.2333 0.0128        0        0        0        0
 107    0 0.6259 0.0139        0        0        0        0
 107    0 0.1047 0.0006        0       66        0        1
 107    0 0.0245 0.0086        0       35        0        1
 107    0 0.1419 0.0467        0        0        0        0
 107    0 0.0728 0.0002        0       41        0        1
 107    0 0.3555 0.0153        0        0        0        0
 107    0 0.2004 0.0050        0        3        0        0
 107    0 0.0962 0.0169        0        0        0        0
 107    0 0.2600 0.0095        0        4        0        0
 107    0 0.2876 0.0095        0        4        0        0
 107    0 0.0811 0.0006        0       97        0        1
 107    0 0.0656 0.0169        0        0        0        0
 107    0 0.0311 0.0093        0        4        0        0
 107    0 0.1685 0.0130        0        0        0        0
 107    0 0.0149 0.0057        0       57        0        1
 107    0 0.5742 0.0062        0        1        0        0
 107    0 0.0899 0.0179        0        0        0        0
 107    0 0.3363 0.0006        0       79        0        1
 107    0 0.4083 0.1230        0        0        0        0
 107    0 0.5599 0.0131        0        0        0        0
 107    0 0.0694 0.0133        0        0        0        0
 107    0 0.3832 0.0005        0        2        0        0
 107    0 0.3999 0.0007        0       45        0        1
 107    0 0.1261 0.0133        0        0        0        0
 107    0 0.0754 0.0178        0        0        0        0
 107    0 0.1332 0.0006        0       81        0        1
 107    0 0.1806 0.0000        0       66        0        1
 107    0 0.0677 0.0094        0        4        0        0
 107    0 0.0747 0.0006        0       68        0        1
 107    0 0.0791 0.0526        0        0        0        0
 107    0 0.1205 0.0628        0        0        0        0
 107    0 0.1734 0.0527        0        0        0        0
 107    0 0.3924 0.0017        0        2        0        0
 107    0 0.1224 0.0048        0        3        0        0
 107    0 0.2653 0.0004        0        2        0        0
 107    0 0.1626 0.0126        0        0        0        0
 107    0 0.0701 0.0006        0       67        0        1
 107    0 0.3376 0.0009        0       61        0        1
 107    0 0.0691 0.0011        0       39        0        1
 107    0 0.0302 0.0181        0        0        0        0
 107    0 0.3788 0.0178        0        0        0        0
 107    0 0.2491 0.0093        0        4        0        0
 107    0 0.0954 0.0009        0       75        0        1
 107    0 0.2707 0.0129        0        0        0        0
 107    0 0.3748 0.0173        0        0        0        0
 107    0 0.0410 0.0080        0       35        0        1
 107    0 0.0768 0.0008        0       50        0        1
 107    0 0.2376 0.0017        0        2        0        0
 107    0 0.1370 0.0017        0       26        0        1
 107    0 0.1270 0.0098        0        2        0        0
 107    0 0.0686 0.0172        0        0        0        0
 107    0 0.1618 0.0291        0        0        0        0
 107    0 0.1768 0.0129        0        0        0        0
 107    0 0.1962 0.0007        0        5        0        0
 107    0 0.1135 0.0171        0        0        0        0
 107    0 0.0364 0.0002        0        2        0        0
 107    0 0.2940 0.0005        0       38        0        1
 107    0 0.3535 0.0130        0        0        0        0
 107    0 0.1871 0.0045        0        3        0        0
 107    0 0.0825 0.0016        0        3        0        0
 107    0 0.2627 0.0009        0       25        0        1
 107    0 0.1949 0.0005        0       47        0        1
 107    0 0.0986 0.0017        0       23        0        1
 107    0 0.0710 0.0015        0        2        0        0
 107    0 0.2602 0.0008        0       62        0        1
 107    0 0.4426 0.0135        0        0        0        0
 107    0 0.0969 0.0006        0       79        0        1
 107    0 0.3031 0.0132        0        0        0        0
 107    0 0.2441 0.0128        0        0        0        0
 107    0 0.2571 0.0128        0        0        0        0
 107    0 0.2480 0.0049        0        3        0        0
 107    0 0.1746 0.0009        0       66        0        1
 107    0 0.0554 0.0168        0        0        0        0
 107    0 0.1646 0.0237        0        0        0        0
 107    0 0.0794 0.0006        0       48        0        1
 107    0 0.0210 0.0008        0       76        0        1
 107    0 0.0417 0.0519        0        0        0        0
 107    0 0.2307 0.0179        0        0        0        0
 107    0 0.0044 0.0116        1        0        0        0
 107    0 0.6127 0.0169        0        0        0        0
 107    0 0.2001 0.0007        0        2        0        0
 107    0 0.1628 0.0002        0       61        0        1
 107    0 1.9310 0.0169        0        0        0        0
 107    0 0.6012 0.0175        0        0        0        0
 107    0 0.2545 0.0129        0        0        0        0
 107    0 0.2607 0.0022        0       46        0        1
 107    0 0.2873 0.0008        0       61        0        1
 107    0 0.1332 0.0009        0       51        0        1
 107    0 0.0185 0.0177        0        0        0        0
 107    0 0.0236 0.0151        0        0        0        0
 107    0 0.1603 0.0166        0        0        0        0
 107    0 0.4831 0.0112        0        0        0        0
 107    0 0.1526 0.0003        0       82        0        1
 107    0 0.2628 0.0002        0       80        0        1
 107    0 0.0585 0.0130        0        0        0        0
 107    0 0.6800 0.0004        0        2        0        0
 107    0 0.1517 0.0049        0        3        0        0
 107    0 0.3391 0.0007        0        2        0        0
 107    0 0.4355 0.0095        0        4        0        0
 107    0 0.2339 0.0093        0        4        0        0
 107    0 0.0380 0.0130        0        0        0        0
 107    0 0.9659 0.0001        0       97        0        1
 107    0 0.0328 0.0006        0       56        0        1
 107    0 0.4206 0.0007        0       52        0        1
 107    0 0.0864 0.0132        0        0        0        0
 107    0 0.1289 0.0183        0        0        0        0
 107    0 0.0298 0.0001        0       72        0        1
 107    0 0.2655 0.0128        0        0        0        0
 107    0 0.1406 0.0038        0        7        0        0
 107    0 0.3220 0.0953        0        0        0        0
 107    0 0.0814 0.0006        0       47        0        1
 107    0 0.0970 0.0002        0       27        0        1
 107    0 0.2535 0.0003        0       21        0        1
 107    0 0.2563 0.0007        0        3        0        0
 107    0 0.3712 0.0047        0        3        0        0
 107    0 0.0850 0.0095        0        4        0        0
 107    0 0.1793 0.0028        0       24        0        1
 107    0 0.3947 0.0153        0        0        0        0
 107    0 0.1856 0.4908        0        0        0        0
 107    0 0.2101 0.0006        0       95        0        1
 107    0 0.2247 0.0178        0        0        0        0
 107    0 0.0463 0.0009        0       34        0        1
 107    0 0.4142 0.0020        0        2        0        0
 107    0 0.0977 0.0153        0        0        0        0
 107    0 0.1493 0.0152        0        0        0        0
 107    0 0.0737 0.0005        0       36        0        1
 107    0 0.0645 0.0009        0       69        0        1
 107    0 0.2825 0.0092        0        4        0        0
 107    0 0.3220 0.0158        0        0        0        0
 107    0 0.1262 0.0159        0        0        0        0
 107    0 0.1256 0.0188        0        0        0        0
 107    0 0.3897 0.0131        0        0        0        0
 107    0 0.1248 0.1092        0        0        0        0
 107    0 0.1407 0.0065        0        1        0        0
 107    0 0.3369 0.0061        0       65        0        1
 107    0 0.0306 0.0006        0       65        0        1
 107    0 0.0863 0.0126        0        0        0        0
 107    0 0.2336 0.0005        0       48        0        1
 107    0 0.0631 0.0126        0        0        0        0
 107    0 0.1213 0.0000        0       77        0        1
 107    0 1.2927 0.0007        0       81        0        1
 107    0 0.1661 0.0133        0        0        0        0
 107    0 0.4047 0.0131        0        0        0        0
 107    0 0.7291 0.0004        0        1        0        0
 107    0 0.3239 0.0169        0        0        0        0
 107    0 0.1759 0.0050        0        3        0        0
 107    0 0.1638 0.0003        0        2        0        0
 107    0 0.1442 0.0050        0        3        0        0
 107    0 0.3643 0.0005        0       56        0        1
 107    0 0.0604 0.0007        0       72        0        1
 107    0 0.0479 0.0010        0       65        0        1
 107    0 0.1732 0.0133        0        0        0        0
 107    0 0.1136 0.0008        0       37        0        1
 107    0 0.1789 0.0000        0       59        0        1
 107    0 0.1531 0.0051        0        3        0        0
 107    0 0.1022 0.0093        0        4        0        0
 107    0 0.1247 0.0169        0        0        0        0
 107    0 0.6739 0.0065        0        1        0        0
 107    0 0.3296 0.0063        0        1        0        0
 107    0 0.6517 0.0006        0       68        0        1
 107    0 0.2324 0.0006        0       46        0        1
 107    0 0.1950 0.0172        0        0        0        0
 107    0 0.4418 0.0016        0       82        0        1
 107    0 0.0310 0.0127        0        0        0        0
 107    0 0.1065 0.0152        0        0        0        0
 107    0 0.0170 0.0176        0        0        0        0
 107    0 0.3473 0.0091        0        4        0        0
 107    0 0.2294 0.0107        0        0        0        0
 107    0 0.1354 0.0171        0        0        0        0
 107    0 0.2915 0.0006        0        8        0        0
 107    0 0.2503 0.0050        0        3        0        0
 107    0 0.1516 0.0055        0        1        0        0
 107    0 0.3934 0.0047        0        3        0        0
 107    0 0.1475 0.0135        0        0        0        0
 107    0 0.6110 0.0010        0       36        0        1
 107    0 0.2337 0.0176        0        0        0        0
 107    0 0.1375 0.0018        0       12        0        0
 107    0 0.3657 0.0042        0       31        0        1
 107    0 0.2292 0.0022        0       59        0        1
 107    0 0.0589 0.0132        0        0        0        0
 107    0 0.5973 0.0982        0        0        0        0
 107    0 0.1066 0.0005        0       36        0        1
 107    0 0.2802 0.0005        0       53        0        1
 107    0 0.5031 0.0007        0       58        0        1
 107    0 0.0439 0.0006        0       65        0        1
 107    0 0.4280 0.1447        0        0        0        0
 107    0 0.3191 0.0177        0        0        0        0
 107    0 0.0775 0.0021        0       64        0        1
 107    0 0.1135 0.0156        0        0        0        0
 107    0 0.0269 0.0177        0        0        0        0
 107    0 0.3931 0.0017        0       68        0        1
 107    0 0.0281 0.0151        0        0        0        0
 107    0 0.0966 0.0173        0        0        0        0
 107    0 0.0809 0.0009        0       54        0        1
 107    0 0.0603 0.0317        0        0        0        0
 107    0 0.1305 0.0007        0       98        0        1
 107    0 0.1488 0.0176        0        0        0        0
 107    0 0.6254 0.0233        0        0        0        0
 107    0 0.7287 0.0009        0       54        0        1
 107    0 0.3667 0.0008        0       80        0        1
 107    0 0.1869 0.0158        0        0        0        0
 107    0 0.2554 0.0132        0        0        0        0
 107    0 0.2236 0.0017        0        2        0        0
 107    0 0.5571 0.0130        0        0        0        0
 107    0 0.6448 0.0009        0       59        0        1
 107    0 0.1176 0.0000        0       46        0        1
 107    0 0.1136 0.0008        0       97        0        1
 107    0 0.4866 0.0155        0        0        0        0
 107    0 0.2538 0.0133        0        0        0        0
 107    0 0.5010 0.0147        0        0        0        0
 107    0 0.0956 0.0081        0        2        0        0
 107    0 0.3834 0.0022        0       32        0        1
 107    0 0.3007 0.0005        0       34        0        1
 107    0 0.4323 0.0132        0        0        0        0
 107    0 0.2247 0.0129        0        0        0        0
 107    0 0.0091 0.0176        1        0        0        0
 107    0 0.0934 0.0064        0        1        0        0
 107    0 0.2336 0.0026        0       64        0        1
 107    0 0.0895 0.0005        0       33        0        1
 107    0 0.0581 0.0064        0        1        0        0
 107    0 0.1135 0.0042        0        4        0        0
 107    0 0.0209 0.0005        0        2        0        0
 107    0 0.0894 0.0067        0        1        0        0
 107    0 0.0577 0.0130        0        0        0        0
 107    0 0.0704 0.0195        0        0        0        0
 107    0 0.0620 0.1940        0        0        0        0
 107    0 0.2586 0.1487        0        0        0        0
 107    0 0.3969 0.0176        0        0        0        0
 107    0 0.1733 0.0152        0        0        0        0
 107    0 0.1374 0.0132        0        0        0        0
 107    0 0.0836 0.0163        0        0        0        0
 107    0 0.3709 0.0009        0       49        0        1
 107    0 0.0741 0.0006        0       42        0        1
 107    0 0.2645 0.0008        0       33        0        1
 107    0 0.2201 0.0270        0        0        0        0
 107    0 0.4315 0.0168        0        0        0        0
 107    0 0.1789 0.1183        0        0        0        0
 107    0 0.1960 0.0049        0        3        0        0
 107    0 0.0785 0.0008        0       63        0        1
 107    0 0.0652 0.0059        0        1        0        0
 107    0 0.1484 0.0171        0        0        0        0
 107    0 0.2714 0.0132        0        0        0        0
 107    0 0.1559 0.0134        0        0        0        0
 107    0 0.0468 0.0505        0        0        0        0
 107    0 0.3068 0.0005        0       65        0        1
 107    0 0.4829 0.0392        0        0        0        0
 107    0 0.2020 0.0009        0       45        0        1
 107    0 0.1221 0.0007        0       39        0        1
 107    0 0.1281 0.0132        0        0        0        0
 107    0 0.0024 0.0007        1       56        0        1
 107    0 0.2995 0.0004        0        2        0        0
 107    0 0.2865 0.0009        0       52        0        1
 107    0 0.3216 0.0129        0        0        0        0
 107    0 0.5680 0.0046        0       53        0        1
 107    0 0.0869 0.0014        0       54        0        1
 107    0 0.5380 0.0168        0        0        0        0
 107    0 0.4753 0.0171        0        0        0        0
 107    0 0.2576 0.0169        0        0        0        0
 107    0 0.1138 0.0009        0       86        0        1
 107    0 0.4599 0.0132        0        0        0        0
 107    0 0.3851 0.0010        0       22        0        1
 107    0 0.1850 0.0009        0       39        0        1
 107    0 0.4268 0.0009        0       70        0        1
 107    0 0.0399 0.0120        0        0        0        0
 107    0 0.1863 0.0005        0       13        0        0
 107    0 0.3225 0.0031        0        1        0        0
 107    0 0.2716 0.0167        0        0        0        0
 107    0 0.0381 0.0154        0        0        0        0
 107    0 0.1185 0.0356        0        0        0        0
 107    0 0.0493 0.0155        0        0        0        0
 107    0 0.2421 0.0092        0        4        0        0
 107    0 0.5637 0.0048        0        3        0        0
 107    0 0.4194 0.0152        0        0        0        0
 107    0 0.4597 0.0015        0       70        0        1
 107    0 0.2614 0.0009        0       48        0        1
 107    0 0.0514 0.0019        0       52        0        1
 107    0 0.4442 0.0006        0       64        0        1
 107    0 0.2688 0.0006        0       81        0        1
 107    0 0.6451 0.0177        0        0        0        0
 107    0 0.1658 0.0024        0       59        0        1
 107    0 0.1976 0.0134        0        0        0        0
 107    0 0.2419 0.0010        0       22        0        1
 107    0 0.0992 0.0027        0        1        0        0
 107    0 0.1449 0.0170        0        0        0        0
 107    0 0.6060 0.0132        0        0        0        0
 107    0 0.0886 0.0004        0       33        0        1
 107    0 0.2211 0.0068        0        1        0        0
 107    0 0.4462 0.0022        0       59        0        1
 107    0 0.1044 0.0009        0       67        0        1
 107    0 0.0157 0.0002        0       10        0        0
 107    0 0.1193 0.0010        0        6        0        0
 107    0 0.1234 0.0002        0       64        0        1
 107    0 0.2017 0.1816        0        0        0        0
 107    0 0.2786 0.0000        0       37        0        1
 107    0 0.2173 0.0130        0        0        0        0
 107    0 0.0361 0.0152        0        0        0        0
 107    0 0.0690 0.0005        0       43        0        1
 107    0 0.0309 0.0006        0       82        0        1
 107    0 0.2582 0.0009        0       76        0        1
 107    0 0.1457 0.2034        0        0        0        0
 107    0 0.0163 0.0009        0       58        0        1
 107    0 0.1371 0.0009        0       49        0        1
 107    0 0.1716 0.0135        0        0        0        0
 107    0 0.1391 0.0848        0        0        0        0
 107    0 0.0053 0.0007        1       35        0        1
 107    0 0.1816 0.0005        0        1        0        0
 107    0 0.3762 0.0007        0       15        0        0
 107    0 0.0078 0.0014        2       70        0        1
 107    0 0.1513 0.0005        0       14        0        0
 107    0 0.5774 0.0178        0        0        0        0
 107    0 0.2212 0.0177        0        0        0        0
-- segment_start_step=67 key=stuck_h2 --
  67    1 0.0326 0.0162        0        0        0        0
  67    1 0.0117 0.0158        0        0        0        0
  67    1 0.2833 0.0015        0       20        0        1
  67    1 0.1409 0.0218        0        0        0        0
  67    1 0.5630 0.0746        0        0        0        0
  67    1 0.3994 0.2135        0        0        0        0
  67    1 0.2971 0.0147        0        0        0        0
  67    1 0.1757 0.0005        0       34        0        1
  67    1 0.0467 0.0028        0       19        0        0
  67    1 0.3240 0.0130        0        0        0        0
  67    1 0.0772 0.0003        0        7        0        0
  67    1 0.1647 0.0054        0        4        0        0
  67    1 0.3406 0.0194        0        0        0        0
  67    1 0.5003 0.0005        0       45        0        1
  67    1 0.4150 0.0061        0        1        0        0
  67    1 0.0530 0.0010        0       45        0        1
  67    1 0.0301 0.0058        0        3        0        0
  67    1 0.4023 0.0046        0        1        0        0
  67    1 0.2410 0.0009        0       37        0        1
  67    1 0.2094 0.0200        0        0        0        0
  67    1 0.2659 0.0001        0       27        0        1
  67    1 0.2410 0.0007        0       35        0        1
  67    1 0.2808 0.0078        0        1        0        0
  67    1 0.0690 0.0101        0        0        0        0
  67    1 0.1078 0.0136        0        0        0        0
  67    1 0.1839 0.0009        0       57        0        1
  67    1 0.3317 0.0156        0        0        0        0
  67    1 0.2494 0.0148        0        0        0        0
  67    1 0.1260 0.0241        0        0        0        0
  67    1 0.1384 0.0039        0        3        0        0
  67    1 0.3717 0.0002        0        8        0        0
  67    1 0.1203 0.0080        0        5        0        0
  67    1 0.4439 0.0308        0        0        0        0
  67    1 0.0349 0.0008        0       32        0        1
  67    1 0.1828 0.0021        0        1        0        0
  67    1 0.1203 0.1367        0        0        0        0
  67    1 0.3029 0.0005        0        4        0        0
  67    1 0.3477 0.0177        0        0        0        0
  67    1 0.0195 0.0240        0        0        0        0
  67    1 0.1416 0.0032        0        2        0        0
  67    1 0.0117 0.0115        0        0        0        0
  67    1 0.0770 0.0106        0        0        0        0
  67    1 0.3491 0.0000        0       56        0        1
  67    1 0.2324 0.0037        0       19        0        0
  67    1 0.0873 0.0000        0        6        0        0
  67    1 0.0481 0.0130        0        0        0        0
  67    1 0.1872 0.0418        0        0        0        0
  67    1 0.0622 0.0293        0        0        0        0
  67    1 0.5369 0.0185        0        0        0        0
  67    1 0.0564 0.0043        0        8        0        0
  67    1 0.0573 0.0198        0        0        0        0
  67    1 0.0951 0.0313        0        0        0        0
  67    1 0.4606 0.1208        0        0        0        0
  67    1 0.0334 0.0663        0        0        0        0
  67    1 0.3308 0.0280        0        0        0        0
  67    1 0.0287 0.0212        0        0        0        0
  67    1 0.5544 0.0130        0        0        0        0
  67    1 0.2331 0.1804        0        0        0        0
  67    1 0.1408 0.0015        0       20        0        1
  67    1 0.2013 0.0030        0        2        0        0
  67    1 0.4129 0.0041        0        1        0        0
  67    1 0.2532 0.0080        0        4        0        0
  67    1 0.2180 0.0133        0        0        0        0
  67    1 0.1315 0.0133        0        0        0        0
  67    1 0.1232 0.0780        0        0        0        0
  67    1 0.3404 0.0009        0       41        0        1
  67    1 0.3521 0.0006        0       24        0        1
  67    1 0.1706 0.0010        0       16        0        0
  67    1 0.1483 0.0004        0        5        0        0
  67    1 0.3324 0.0001        0       23        0        1
  67    1 0.0801 0.0001        0        2        0        0
  67    1 0.0710 0.1755        0        0        0        0
  67    1 0.1602 0.0020        0       26        0        1
  67    1 0.2417 0.1517        0        0        0        0
  67    1 0.0742 0.0133        0        0        0        0
  67    1 0.4038 0.0033        0        1        0        0
  67    1 0.1328 0.0003        0        2        0        0
  67    1 0.3207 0.0171        0        0        0        0
  67    1 0.0393 0.0050        0        3        0        0
  67    1 0.3084 0.0170        0        0        0        0
  67    1 0.0734 0.0162        0        0        0        0
  67    1 1.2990 0.0009        0       57        0        1
  67    1 0.1727 0.0056        0        3        0        0
  67    1 0.0640 0.0112        0        0        0        0
  67    1 0.4524 0.0067        0        1        0        0
  67    1 0.2909 0.0059        0       17        0        0
  67    1 0.0468 0.0162        0        0        0        0
  67    1 0.0929 0.0106        0        0        0        0
  67    1 0.2459 0.0010        0       39        0        1
  67    1 0.1974 0.0114        0        0        0        0
  67    1 0.1609 0.0184        0        0        0        0
  67    1 0.2200 0.0127        0        0        0        0
  67    1 0.1114 0.0175        0        0        0        0
  67    1 0.0911 0.0090        0        5        0        0
  67    1 0.0847 0.0128        0        0        0        0
  67    1 0.1774 0.0093        0        4        0        0
  67    1 0.0699 0.0010        0       41        0        1
  67    1 0.1348 0.0000        0       26        0        1
  67    1 0.1834 0.0144        0        0        0        0
  67    1 0.2230 0.0004        0       28        0        1
  67    1 0.3233 0.0033        0        1        0        0
  67    1 0.1789 0.0084        0        4        0        0
  67    1 0.4206 0.0832        0        0        0        0
  67    1 0.4048 0.0139        0        0        0        0
  67    1 0.3735 0.0171        0        0        0        0
  67    1 0.7817 0.0179        0        0        0        0
  67    1 0.0980 0.0031        0        2        0        0
  67    1 0.0931 0.0000        0       27        0        1
  67    1 0.1627 0.0015        0       21        0        1
  67    1 0.4437 0.0556        0        0        0        0
  67    1 0.4988 0.0193        0        0        0        0
  67    1 0.0142 0.0099        0        4        0        0
  67    1 0.1015 0.0142        0        0        0        0
  67    1 0.1350 0.0004        0       35        0        1
  67    1 0.2522 0.0104        0        0        0        0
  67    1 0.0271 0.0179        0        0        0        0
  67    1 0.1033 0.0186        0        0        0        0
  67    1 0.4479 0.0007        0       10        0        0
  67    1 0.1823 0.0312        0        0        0        0
  67    1 0.3768 0.0023        0        6        0        0
  67    1 0.1304 0.0005        0       36        0        1
  67    1 0.1184 0.0048        0        3        0        0
  67    1 0.0762 0.0030        0       16        0        0
  67    1 0.0957 0.0070        0        1        0        0
  67    1 0.2867 0.0388        0        0        0        0
  67    1 0.1585 0.0044        0        3        0        0
  67    1 0.2388 0.0177        0        0        0        0
  67    1 0.1591 0.0188        0        0        0        0
  67    1 0.0129 0.0041        0        1        0        0
  67    1 0.3541 0.0214        0        0        0        0
  67    1 0.1996 0.0166        0        0        0        0
  67    1 0.4775 0.0931        0        0        0        0
  67    1 0.1417 0.0018        0        7        0        0
  67    1 0.1125 0.2501        0        0        0        0
  67    1 0.1927 0.0263        0        0        0        0
  67    1 0.3147 0.0007        0       22        0        1
  67    1 0.4102 0.0128        0        0        0        0
  67    1 0.4864 0.0013        0       39        0        1
  67    1 0.0868 0.0028        0        1        0        0
  67    1 0.1053 0.0031        0        2        0        0
  67    1 0.3158 0.0054        0        1        0        0
  67    1 0.0256 0.0163        0        0        0        0
  67    1 0.5955 0.0004        0       26        0        1
  67    1 0.1360 0.0054        0        3        0        0
  67    1 0.1606 0.0004        0       25        0        1
  67    1 0.1794 0.0011        0        8        0        0
  67    1 0.1215 0.0009        0       36        0        1
  67    1 0.1383 0.0139        0        0        0        0
  67    1 0.3880 0.0094        0        4        0        0
  67    1 0.1700 0.0048        0        7        0        0
  67    1 0.0422 0.0059        0        3        0        0
  67    1 0.3181 0.0181        0        0        0        0
  67    1 0.3653 0.0042        0       21        0        1
  67    1 0.1965 0.0056        0        3        0        0
  67    1 0.0454 0.0096        0        4        0        0
  67    1 0.0819 0.0054        0        1        0        0
  67    1 0.2376 0.0028        0        6        0        0
  67    1 0.3948 0.0001        0       21        0        1
  67    1 0.2294 0.0015        0       11        0        0
  67    1 0.0171 0.0083        0        4        0        0
  67    1 0.1551 0.0022        0        3        0        0
  67    1 0.2288 0.0196        0        0        0        0
  67    1 0.1891 0.0125        0        0        0        0
  67    1 0.0863 0.0005        0       42        0        1
  67    1 0.2161 0.0002        0       40        0        1
  67    1 0.0179 0.0065        0        1        0        0
  67    1 0.2641 0.0140        0        0        0        0
  67    1 0.0206 0.0176        0        0        0        0
  67    1 0.2714 0.0211        0        0        0        0
  67    1 0.0888 0.0148        0        0        0        0
  67    1 0.3484 0.0164        0        0        0        0
  67    1 0.0926 0.0060        0        1        0        0
  67    1 0.4628 0.0000        0       57        0        1
  67    1 0.0123 0.0009        0       16        0        0
  67    1 0.0706 0.0007        0       12        0        0
  67    1 0.0777 0.0129        0        0        0        0
  67    1 0.0730 0.0155        0        0        0        0
  67    1 0.0717 0.0008        0       32        0        1
  67    1 0.9927 0.0046        0        1        0        0
  67    1 0.1566 0.0057        0        3        0        0
  67    1 0.1243 0.1561        0        0        0        0
  67    1 0.3380 0.0037        0        7        0        0
  67    1 0.5978 0.0604        0        0        0        0
  67    1 0.0686 0.0040        0        3        0        0
  67    1 0.1831 0.0258        0        0        0        0
  67    1 0.5585 0.0160        0        0        0        0
  67    1 0.3035 0.0125        0        0        0        0
  67    1 0.0230 0.0219        0        0        0        0
  67    1 0.0859 0.0046        0        1        0        0
  67    1 0.3134 0.2553        0        0        0        0
  67    1 0.2702 0.0009        0       55        0        1
  67    1 0.3698 0.0105        0        0        0        0
  67    1 0.1008 0.0250        0        0        0        0
  67    1 0.1180 0.0278        0        0        0        0
  67    1 1.0627 0.0004        0        2        0        0
  67    1 0.1031 0.0001        0        2        0        0
  67    1 0.1574 0.0137        0        0        0        0
  67    1 0.2354 0.0010        0       29        0        1
  67    1 0.0100 0.0131        1        0        0        0
  67    1 0.1969 0.0013        0        2        0        0
  67    1 0.2997 0.4979        0        0        0        0
  67    1 0.0229 0.0073        0        1        0        0
  67    1 0.0297 0.0031        0        1        0        0
  67    1 0.3265 0.0557        0        0        0        0
  67    1 0.1841 0.0164        0        0        0        0
  67    1 0.0872 0.0038        0       25        0        1
  67    1 0.5370 0.0013        0       25        0        1
  67    1 0.0332 0.0030        0        2        0        0
  67    1 0.0850 0.0099        0        8        0        0
  67    1 0.0255 0.0040        0        1        0        0
  67    1 0.1229 0.0010        0       37        0        1
  67    1 0.7841 0.0008        0       41        0        1
  67    1 0.7464 0.0128        0        0        0        0
  67    1 0.0634 0.0129        0        0        0        0
  67    1 0.3937 0.0177        0        0        0        0
  67    1 0.8982 0.0018        0        2        0        0
  67    1 0.2274 0.0190        0        0        0        0
  67    1 0.0855 0.0209        0        0        0        0
  67    1 0.0158 0.0173        0        0        0        0
  67    1 0.1471 0.0011        0       16        0        0
  67    1 0.4100 0.0006        0       32        0        1
  67    1 0.1330 0.0001        0       25        0        1
  67    1 0.0469 0.0171        0        0        0        0
  67    1 0.0891 0.0154        0        0        0        0
  67    1 0.1900 0.0003        0       19        0        0
  67    1 0.1033 0.0196        0        0        0        0
  67    1 0.2417 0.0137        0        0        0        0
  67    1 0.6453 0.0051        0        3        0        0
  67    1 0.1818 0.0159        0        0        0        0
  67    1 0.0807 0.0191        0        0        0        0
  67    1 0.1194 0.0018        0       28        0        1
  67    1 0.4863 0.0074        0        6        0        0
  67    1 0.3292 0.0055        0        3        0        0
  67    1 0.0797 0.0014        0       42        0        1
  67    1 0.1606 0.0153        0        0        0        0
  67    1 0.0474 0.0001        0        2        0        0
  67    1 0.0643 0.0090        0        4        0        0
  67    1 0.2748 0.0106        0        0        0        0
  67    1 0.1483 0.0042        0        3        0        0
  67    1 0.0316 0.0066        0        3        0        0
  67    1 0.1908 0.0018        0       26        0        1
  67    1 0.4210 0.0169        0        0        0        0
  67    1 0.0380 0.0124        0        0        0        0
  67    1 0.1073 0.0132        0        0        0        0
  67    1 0.0881 0.0137        0        0        0        0
  67    1 0.5038 0.0482        0        0        0        0
  67    1 0.3883 0.0002        0        2        0        0
  67    1 0.4182 0.0035        0        4        0        0
  67    1 0.1948 0.1548        0        0        0        0
  67    1 0.2352 0.0017        0       19        0        0
  67    1 0.0756 0.0106        0        0        0        0
  67    1 0.2001 0.0839        0        0        0        0
  67    1 0.0388 0.0130        0        0        0        0
  67    1 0.0224 0.0019        0       13        0        0
  67    1 0.2978 0.0008        0       18        0        0
  67    1 0.2273 0.0010        0       25        0        1
  67    1 0.4665 0.1451        0        0        0        0
  67    1 0.0805 0.0202        0        0        0        0
  67    1 0.2104 0.0065        0       24        0        1
  67    1 0.4618 0.0007        0        2        0        0
  67    1 0.5139 0.0092        0        4        0        0
  67    1 0.1772 0.0018        0       28        0        1
  67    1 0.0546 0.5900        0        0        0        0
  67    1 0.4844 0.0035        0        3        0        0
  67    1 0.1043 0.0010        0       14        0        0
  67    1 0.0522 0.0065        0        1        0        0
  67    1 0.0576 0.0007        0       58        0        1
  67    1 0.2828 0.0097        0        4        0        0
  67    1 0.1213 0.0760        0        0        0        0
  67    1 0.2152 0.0012        0       14        0        0
  67    1 0.2037 0.0007        0       40        0        1
  67    1 0.1194 0.0155        0        0        0        0
  67    1 0.0694 0.0128        0        0        0        0
  67    1 0.3052 0.0009        0        1        0        0
  67    1 0.1173 0.0131        0        0        0        0
  67    1 0.1206 0.0024        0       19        0        0
  67    1 0.2387 0.0042        0        6        0        0
  67    1 0.0045 0.0007        1       57        0        1
  67    1 0.4760 0.0013        0        2        0        0
  67    1 0.1290 0.0156        0        0        0        0
  67    1 0.1638 0.0126        0        0        0        0
  67    1 0.0827 0.0068        0        3        0        0
  67    1 0.0919 0.0352        0        0        0        0
  67    1 0.4920 0.0273        0        0        0        0
  67    1 0.3324 0.0093        0        5        0        0
  67    1 0.3446 0.0161        0        0        0        0
  67    1 0.0469 0.0125        0        0        0        0
  67    1 0.2092 0.0116        0        0        0        0
  67    1 0.2242 0.0042        0       24        0        1
  67    1 0.4381 0.0066        0        1        0        0
  67    1 0.5260 0.0171        0        0        0        0
  67    1 0.7501 0.0117        0        0        0        0
  67    1 0.1487 0.0173        0        0        0        0
  67    1 0.2340 0.0325        0        0        0        0
  67    1 0.3900 0.0185        0        0        0        0
  67    1 0.1743 0.0024        0        1        0        0
  67    1 0.1560 0.1173        0        0        0        0
  67    1 0.3261 0.0067        0       30        0        1
  67    1 0.1911 0.0091        0        4        0        0
  67    1 0.0539 0.0000        0        2        0        0
  67    1 0.3476 0.0125        0        0        0        0
  67    1 0.0516 0.0184        0        0        0        0
  67    1 0.1810 0.0008        0        9        0        0
  67    1 0.1762 0.0028        0        2        0        0
  67    1 0.0968 0.0106        0        0        0        0
  67    1 0.0693 0.0275        0        0        0        0
  67    1 0.3383 0.0052        0        3        0        0
  67    1 0.0654 0.0615        0        0        0        0
  67    1 0.2252 0.0184        0        0        0        0
  67    1 0.0621 0.0006        0       23        0        1
  67    1 0.0656 0.0200        0        0        0        0
  67    1 0.2629 0.0057        0        3        0        0
  67    1 0.0158 0.0131        0        0        0        0
  67    1 0.4099 0.0055        0        4        0        0
  67    1 0.0680 0.0020        0        3        0        0
  67    1 0.1082 0.0004        0       25        0        1
  67    1 0.1711 0.0172        0        0        0        0
  67    1 0.1300 0.0017        0        5        0        0
  67    1 0.0652 0.0127        0        0        0        0
  67    1 0.0698 0.0125        0        0        0        0
  67    1 0.3328 0.0000        0       16        0        0
  67    1 0.1720 0.0145        0        0        0        0
  67    1 0.4843 0.0009        0       12        0        0
  67    1 0.2077 0.0070        0        1        0        0
  67    1 0.1900 0.0051        0       13        0        0
  67    1 0.1573 0.0013        0       14        0        0
  67    1 0.2353 0.5291        0        0        0        0
  67    1 0.1004 0.0098        0        4        0        0
  67    1 0.2273 0.0005        0        2        0        0
  67    1 0.1834 0.0009        0       46        0        1
  67    1 0.0757 0.0126        0        0        0        0
  67    1 0.1944 0.0587        0        0        0        0
  67    1 0.0565 0.0122        0        0        0        0
  67    1 0.0727 0.0010        0       30        0        1
  67    1 0.0196 0.0318        0        0        0        0
  67    1 0.1006 0.0172        0        0        0        0
  67    1 0.3092 0.0195        0        0        0        0
  67    1 0.4557 0.0112        0        0        0        0
  67    1 0.0208 0.0026        0        2        0        0
  67    1 0.2317 0.2254        0        0        0        0
  67    1 0.0641 0.0005        0        2        0        0
  67    1 0.5066 0.0020        0        8        0        0
  67    1 0.1131 0.0138        0        0        0        0
  67    1 0.2471 0.0779        0        0        0        0
  67    1 0.4275 0.0013        0       30        0        1
  67    1 0.3255 0.0010        0        8        0        0
  67    1 0.4784 0.0025        0       12        0        0
  67    1 0.0259 0.0018        0       24        0        1
  67    1 0.4550 0.0010        0       41        0        1
  67    1 0.2092 0.0103        0        0        0        0
  67    1 0.0873 0.0038        0       19        0        0
  67    1 0.2409 0.0124        0        0        0        0
  67    1 0.0302 0.0151        0        0        0        0
  67    1 0.0358 0.0158        0        0        0        0
  67    1 0.1037 0.0052        0        3        0        0
  67    1 0.1353 0.0126        0        0        0        0
  67    1 0.2947 0.0016        0        3        0        0
  67    1 0.4642 0.0253        0        0        0        0
  67    1 0.2611 0.0046        0       19        0        0
  67    1 0.5066 0.0004        0       27        0        1
  67    1 0.1750 0.0224        0        0        0        0
  67    1 0.0838 0.0178        0        0        0        0
  67    1 0.4773 0.0007        0       24        0        1
  67    1 0.1792 0.0361        0        0        0        0
  67    1 0.0185 0.0010        0        2        0        0
  67    1 0.1386 0.0077        0        1        0        0
  67    1 0.1768 0.0006        0        2        0        0
  67    1 0.0656 0.0016        0        3        0        0
  67    1 0.5055 0.0009        0       42        0        1
  67    1 0.2295 0.0005        0       36        0        1
  67    1 0.2952 0.2360        0        0        0        0
  67    1 0.1445 0.0018        0       18        0        0
  67    1 0.3862 0.0003        0        9        0        0
  67    1 0.0371 0.0128        0        0        0        0
  67    1 0.2746 0.1905        0        0        0        0
  67    1 0.5139 0.0068        0        7        0        0
  67    1 0.0115 0.0006        0        2        0        0
  67    1 0.0913 0.0019        0        2        0        0
  67    1 0.0540 0.0007        0       30        0        1
  67    1 0.0482 0.0068        0        1        0        0
  67    1 0.1435 0.0095        0        4        0        0
  67    1 0.0327 0.0088        0        4        0        0
-- segment_start_step=53 key=stuck_h2 --
  53    1 0.0526 0.0030        0        1        0        0
  53    1 0.1266 0.0034        0        1        0        0
  53    1 0.1033 0.0092        0        6        0        0
  53    1 0.3051 0.0118        0        0        0        0
  53    1 0.1420 0.0712        0        0        0        0
  53    1 0.1288 0.0424        0        0        0        0
  53    1 0.0342 0.0080        0        1        0        0
  53    1 0.1705 0.0009        0       20        0        1
  53    1 0.2206 0.0027        0        5        0        0
  53    1 0.3213 0.0072        0        4        0        0
  53    1 0.7166 0.0055        0        3        0        0
  53    1 0.0199 0.0036        0        2        0        0
  53    1 0.2903 0.0048        0        9        0        0
  53    1 0.3123 0.0009        0       31        0        1
  53    1 0.1412 0.0124        0        0        0        0
  53    1 0.2361 0.0009        0       31        0        1
  53    1 0.0525 0.0171        0        0        0        0
  53    1 0.3303 0.0101        0        0        0        0
  53    1 0.0143 0.0005        0       23        0        1
  53    1 0.1184 0.0156        0        0        0        0
  53    1 0.0053 0.0007        1       13        0        0
  53    1 0.1795 0.0008        0       21        0        1
  53    1 0.3244 0.0123        0        0        0        0
  53    1 0.1890 0.0157        0        0        0        0
  53    1 0.1210 0.0117        0        0        0        0
  53    1 0.2637 0.0006        0       43        0        1
  53    1 0.0495 0.0028        0       11        0        0
  53    1 0.4010 0.0096        0        4        0        0
  53    1 0.1232 0.0905        0        0        0        0
  53    1 0.3998 0.0044        0        4        0        0
  53    1 0.0131 0.0019        0       35        0        1
  53    1 0.0090 0.0105        1        0        0        0
  53    1 0.2515 0.0410        0        0        0        0
  53    1 0.0483 0.0007        0       18        0        0
  53    1 0.1089 0.0058        0        3        0        0
  53    1 0.0673 0.0435        0        0        0        0
  53    1 0.2966 0.0310        0        0        0        0
  53    1 0.3791 0.0125        0        0        0        0
  53    1 0.0839 0.0203        0        0        0        0
  53    1 0.0484 0.0093        0        6        0        0
  53    1 0.0705 0.0049        0        2        0        0
  53    1 0.4050 0.0090        0        3        0        0
  53    1 0.0481 0.0004        0       42        0        1
  53    1 0.2773 0.0019        0        5        0        0
  53    1 0.1646 0.0603        0        0        0        0
  53    1 0.2948 0.0143        0        0        0        0
  53    1 0.0795 0.1043        0        0        0        0
  53    1 0.0718 0.0328        0        0        0        0
  53    1 0.3090 0.0062        0        3        0        0
  53    1 0.2369 0.0032        0        2        0        0
  53    1 0.0593 0.0036        0        3        0        0
  53    1 0.2946 0.2458        0        0        0        0
  53    1 0.2027 0.1492        0        0        0        0
  53    1 0.0203 0.2576        0        0        0        0
  53    1 0.3333 0.0404        0        0        0        0
  53    1 0.0704 0.0039        0       16        0        0
  53    1 0.5345 0.0078        0        4        0        0
  53    1 0.5382 0.1065        0        0        0        0
  53    1 0.0952 0.0005        0        6        0        0
  53    1 0.1817 0.0090        0        3        0        0
  53    1 0.0409 0.0106        0        0        0        0
  53    1 0.0857 0.0102        0        0        0        0
  53    1 0.1127 0.0142        0        0        0        0
  53    1 0.0351 0.0105        0        0        0        0
  53    1 0.1267 0.0013        0       28        0        1
  53    1 0.3853 0.0005        0       27        0        1
  53    1 0.0313 0.0003        0       10        0        0
  53    1 0.1610 0.0032        0        2        0        0
  53    1 0.1424 0.0000        0       11        0        0
  53    1 0.2530 0.0004        0        9        0        0
  53    1 0.1804 0.0010        0        2        0        0
  53    1 0.2117 0.1683        0        0        0        0
  53    1 0.0708 0.0002        0       12        0        0
  53    1 0.6236 0.1853        0        0        0        0
  53    1 0.3028 0.0114        0        0        0        0
  53    1 0.3058 0.0929        0        0        0        0
  53    1 0.3573 0.0158        0        0        0        0
  53    1 0.4485 0.0018        0        3        0        0
  53    1 0.3631 0.0177        0        0        0        0
  53    1 0.3015 0.0153        0        0        0        0
  53    1 0.1329 0.0132        0        0        0        0
  53    1 0.1379 0.0005        0       43        0        1
  53    1 0.2557 0.0171        0        0        0        0
  53    1 0.3022 0.0055        0        3        0        0
  53    1 0.0593 0.0118        0        0        0        0
  53    1 0.0861 0.0072        0        3        0        0
  53    1 0.0570 0.0074        0        1        0        0
  53    1 0.0882 0.0125        0        0        0        0
  53    1 0.6324 0.0005        0       25        0        1
  53    1 0.2038 0.0956        0        0        0        0
  53    1 0.4817 0.0035        0        5        0        0
  53    1 0.1508 0.0139        0        0        0        0
  53    1 0.2788 0.0021        0        2        0        0
  53    1 0.0798 0.0195        0        0        0        0
  53    1 0.1237 0.0134        0        0        0        0
  53    1 0.0758 0.0162        0        0        0        0
  53    1 0.1075 0.0005        0       27        0        1
  53    1 0.0853 0.0000        0       12        0        0
  53    1 0.1885 0.0108        0        0        0        0
  53    1 0.1135 0.0004        0       14        0        0
  53    1 0.7396 0.1738        0        0        0        0
  53    1 0.6934 0.0191        0        0        0        0
  53    1 0.1321 0.0007        0        4        0        0
  53    1 0.3954 0.0030        0        2        0        0
  53    1 0.3052 0.0046        0        3        0        0
  53    1 0.7822 0.0021        0        2        0        0
  53    1 0.1245 0.0091        0        3        0        0
  53    1 0.0974 0.0005        0       13        0        0
  53    1 0.3184 0.0095        0        7        0        0
  53    1 0.0775 0.0275        0        0        0        0
  53    1 0.3003 0.0102        0        0        0        0
  53    1 0.2858 0.0162        0        0        0        0
  53    1 0.1987 0.0125        0        0        0        0
  53    1 0.1854 0.0010        0       21        0        1
  53    1 0.2258 0.0210        0        0        0        0
  53    1 0.0306 0.0051        0        3        0        0
  53    1 0.1108 0.0032        0       12        0        0
  53    1 0.0897 0.0085        0        3        0        0
  53    1 0.0944 0.0502        0        0        0        0
  53    1 0.0874 0.0450        0        0        0        0
  53    1 0.0885 0.0010        0       22        0        1
  53    1 0.1603 0.0150        0        0        0        0
  53    1 0.0370 0.0027        0        2        0        0
  53    1 0.4669 0.0139        0        0        0        0
  53    1 0.1352 0.0679        0        0        0        0
  53    1 0.2027 0.0161        0        0        0        0
  53    1 0.4025 0.0009        0        2        0        0
  53    1 0.0875 0.0708        0        0        0        0
  53    1 0.0475 0.0062        0        4        0        0
  53    1 0.0149 0.0189        0        0        0        0
  53    1 0.1501 0.0014        0        3        0        0
  53    1 0.2888 0.0932        0        0        0        0
  53    1 0.4116 0.1189        0        0        0        0
  53    1 0.1656 0.0592        0        0        0        0
  53    1 0.1123 0.0282        0        0        0        0
  53    1 0.2975 0.0008        0        8        0        0
  53    1 0.4850 0.0103        0        0        0        0
  53    1 0.1819 0.0003        0       25        0        1
  53    1 0.0204 0.0003        0        4        0        0
  53    1 0.0759 0.0067        0        3        0        0
  53    1 0.1137 0.0115        0        0        0        0
  53    1 0.0625 0.0021        0        2        0        0
  53    1 0.1812 0.0048        0       12        0        0
  53    1 0.1196 0.0184        0        0        0        0
  53    1 0.1372 0.0013        0       11        0        0
  53    1 0.0153 0.0179        0        0        0        0
  53    1 0.1903 0.0009        0       22        0        1
  53    1 0.0094 0.0022        1        1        0        0
  53    1 0.0180 0.0147        0        0        0        0
  53    1 0.1056 0.0066        0        7        0        0
  53    1 0.0313 0.0160        0        0        0        0
  53    1 0.2249 0.0069        0        3        0        0
  53    1 0.0703 0.0027        0        7        0        0
  53    1 0.0109 0.0166        0        0        0        0
  53    1 0.0222 0.0200        0        0        0        0
  53    1 0.0972 0.0095        0        5        0        0
  53    1 0.0457 0.1091        0        0        0        0
  53    1 0.2428 0.0007        0        7        0        0
  53    1 0.2036 0.0288        0        0        0        0
  53    1 0.2590 0.0205        0        0        0        0
  53    1 0.4754 0.0141        0        0        0        0
  53    1 0.1503 0.0087        0        6        0        0
  53    1 0.1638 0.0163        0        0        0        0
  53    1 0.0714 0.0004        0       28        0        1
  53    1 0.6416 0.0007        0       26        0        1
  53    1 0.1911 0.0113        0        0        0        0
  53    1 0.1528 0.0061        0        1        0        0
  53    1 0.0456 0.0042        0        3        0        0
  53    1 0.5133 0.0129        0        0        0        0
  53    1 0.0387 0.0101        0        0        0        0
  53    1 0.2477 0.0173        0        0        0        0
  53    1 0.0657 0.0093        0        6        0        0
  53    1 0.0806 0.0001        0       43        0        1
  53    1 0.2513 0.0035        0        2        0        0
  53    1 0.3658 0.0179        0        0        0        0
  53    1 0.0623 0.0142        0        0        0        0
  53    1 0.0283 0.0043        0       10        0        0
  53    1 0.0550 0.0001        0       18        0        0
  53    1 0.2129 0.0101        0        0        0        0
  53    1 0.2593 0.0183        0        0        0        0
  53    1 0.2820 0.0979        0        0        0        0
  53    1 0.1363 0.0024        0        2        0        0
  53    1 0.2995 0.0378        0        0        0        0
  53    1 0.2675 0.0006        0       29        0        1
  53    1 0.3107 0.0156        0        0        0        0
  53    1 0.0494 0.0036        0        2        0        0
  53    1 0.2411 0.0057        0        4        0        0
  53    1 0.3272 0.0082        0       22        0        1
  53    1 0.1068 0.0257        0        0        0        0
  53    1 0.3764 0.3890        0        0        0        0
  53    1 0.0314 0.0005        0       41        0        1
  53    1 0.3548 0.0148        0        0        0        0
  53    1 0.1387 0.0705        0        0        0        0
  53    1 0.5706 0.0016        0        2        0        0
  53    1 0.2435 0.0165        0        0        0        0
  53    1 0.1231 0.0175        0        0        0        0
  53    1 0.2447 0.0078        0        6        0        0
  53    1 0.0957 0.0074        0       15        0        0
  53    1 0.1082 0.0106        0        0        0        0
  53    1 0.3755 0.0145        0        0        0        0
  53    1 0.1278 0.0251        0        0        0        0
  53    1 0.1310 0.0131        0        0        0        0
  53    1 0.0730 0.0013        0        4        0        0
  53    1 0.1274 0.0003        0        7        0        0
  53    1 0.1497 0.0027        0        2        0        0
  53    1 0.1016 0.0017        0       11        0        0
  53    1 0.1800 0.0004        0       11        0        0
  53    1 0.1368 0.0085        0        3        0        0
  53    1 0.0620 0.0169        0        0        0        0
  53    1 0.0485 0.0104        0        0        0        0
  53    1 0.1547 0.0048        0       23        0        1
  53    1 1.2719 0.0007        0       27        0        1
  53    1 0.2912 0.0131        0        0        0        0
  53    1 0.2967 0.0161        0        0        0        0
  53    1 0.2646 0.0022        0        1        0        0
  53    1 0.3328 0.0328        0        0        0        0
  53    1 0.3872 0.0064        0        4        0        0
  53    1 0.2127 0.0068        0        9        0        0
  53    1 0.0813 0.0022        0        3        0        0
  53    1 0.2550 0.0011        0        2        0        0
  53    1 0.1714 0.0008        0       18        0        0
  53    1 0.0428 0.0025        0       11        0        0
  53    1 0.2197 0.0038        0        7        0        0
  53    1 0.0999 0.0079        0        1        0        0
  53    1 0.2353 0.0010        0        5        0        0
  53    1 0.1076 0.0067        0       10        0        0
  53    1 0.4138 0.0109        0        0        0        0
  53    1 0.4121 0.0180        0        0        0        0
  53    1 0.4778 0.0042        0        1        0        0
  53    1 0.1060 0.0007        0        8        0        0
  53    1 0.1900 0.0023        0       14        0        0
  53    1 0.2683 0.0067        0        1        0        0
  53    1 0.6940 0.0132        0        0        0        0
  53    1 0.6125 0.0010        0       28        0        1
  53    1 0.1614 0.0170        0        0        0        0
  53    1 0.2274 0.0166        0        0        0        0
  53    1 0.1276 0.0202        0        0        0        0
  53    1 0.5520 0.0074        0        3        0        0
  53    1 0.2673 0.0352        0        0        0        0
  53    1 0.0821 0.0118        0        0        0        0
  53    1 0.0634 0.0005        0       12        0        0
  53    1 0.1708 0.0017        0        3        0        0
  53    1 0.4044 0.0127        0        0        0        0
  53    1 0.0885 0.0002        0        2        0        0
  53    1 0.4244 0.0087        0        1        0        0
  53    1 0.0953 0.1059        0        0        0        0
  53    1 0.1348 0.0183        0        0        0        0
  53    1 0.1758 0.0028        0       12        0        0
  53    1 0.2069 0.1917        0        0        0        0
  53    1 0.1889 0.0043        0        5        0        0
  53    1 0.1066 0.0201        0        0        0        0
  53    1 0.0151 0.0541        0        0        0        0
  53    1 0.0299 0.0095        0        6        0        0
  53    1 0.2896 0.0066        0        2        0        0
  53    1 0.2019 0.0006        0        4        0        0
  53    1 0.2628 0.0005        0       11        0        0
  53    1 0.0142 0.2065        0        0        0        0
  53    1 0.0607 0.0053        0        9        0        0
  53    1 0.6493 0.0053        0       10        0        0
  53    1 0.1102 0.0137        0        0        0        0
  53    1 0.0184 0.0179        0        0        0        0
  53    1 0.2423 0.0054        0       14        0        0
  53    1 0.1626 0.1047        0        0        0        0
  53    1 0.1177 0.0165        0        0        0        0
  53    1 0.2027 0.0119        0        0        0        0
  53    1 0.0695 0.0103        0        0        0        0
  53    1 0.0949 0.0007        0       44        0        1
  53    1 0.3239 0.0184        0        0        0        0
  53    1 0.1246 0.0609        0        0        0        0
  53    1 0.4592 0.0124        0        0        0        0
  53    1 0.2941 0.0008        0       26        0        1
  53    1 0.3996 0.3429        0        0        0        0
  53    1 0.2989 0.0154        0        0        0        0
  53    1 0.0734 0.3935        0        0        0        0
  53    1 0.4399 0.0164        0        0        0        0
  53    1 0.1155 0.0065        0        5        0        0
  53    1 0.2952 0.0111        0        0        0        0
  53    1 0.3270 0.0008        0       43        0        1
  53    1 0.1729 0.0152        0        0        0        0
  53    1 1.7352 0.0073        0        1        0        0
  53    1 0.1364 0.0054        0        2        0        0
  53    1 0.1123 0.0010        0       36        0        1
  53    1 0.2536 0.0398        0        0        0        0
  53    1 0.0944 0.0142        0        0        0        0
  53    1 0.4695 0.0225        0        0        0        0
  53    1 0.4991 0.0326        0        0        0        0
  53    1 0.0374 0.0132        0        0        0        0
  53    1 0.3964 0.0149        0        0        0        0
  53    1 0.2646 0.0040        0       10        0        0
  53    1 0.3705 0.0114        0        0        0        0
  53    1 0.1549 0.0031        0        2        0        0
  53    1 0.2444 0.0024        0        3        0        0
  53    1 0.1091 0.0016        0        2        0        0
  53    1 0.2330 0.0353        0        0        0        0
  53    1 0.1380 0.0046        0        5        0        0
  53    1 0.1058 0.0085        0        1        0        0
  53    1 0.0909 0.0159        0        0        0        0
  53    1 0.1683 0.0061        0       16        0        0
  53    1 0.0955 0.0198        0        0        0        0
  53    1 0.2564 0.0170        0        0        0        0
  53    1 0.6672 0.0162        0        0        0        0
  53    1 0.0807 0.0032        0        3        0        0
  53    1 0.3100 0.0152        0        0        0        0
  53    1 0.0688 0.0203        0        0        0        0
  53    1 0.1517 0.0432        0        0        0        0
  53    1 0.0322 0.0178        0        0        0        0
  53    1 0.0655 0.0190        0        0        0        0
  53    1 0.0674 0.0642        0        0        0        0
  53    1 0.1434 0.0069        0        3        0        0
  53    1 0.1942 0.0009        0        9        0        0
  53    1 0.3171 0.0041        0        5        0        0
  53    1 0.2172 0.0134        0        0        0        0
  53    1 0.0291 0.0145        0        0        0        0
  53    1 0.1863 0.0275        0        0        0        0
  53    1 0.1638 0.0432        0        0        0        0
  53    1 0.0973 0.0000        0       11        0        0
  53    1 0.0978 0.0002        0        2        0        0
  53    1 0.2628 0.0168        0        0        0        0
  53    1 0.0268 0.0064        0        1        0        0
  53    1 0.0139 0.0148        0        0        0        0
  53    1 0.1820 0.0003        0        2        0        0
  53    1 0.5556 0.0063        0        1        0        0
  53    1 2.3986 0.0105        0        0        0        0
  53    1 0.0586 0.0138        0        0        0        0
  53    1 0.3100 0.0130        0        0        0        0
  53    1 0.2500 0.0119        0        0        0        0
  53    1 0.1763 0.0723        0        0        0        0
  53    1 0.0554 0.0044        0        5        0        0
  53    1 0.3545 0.0311        0        0        0        0
  53    1 0.1420 0.0010        0       32        0        1
  53    1 0.2168 0.0146        0        0        0        0
  53    1 0.0605 0.1043        0        0        0        0
  53    1 0.1128 0.0101        0        0        0        0
  53    1 0.1485 0.0020        0       16        0        0
  53    1 0.1564 0.2156        0        0        0        0
  53    1 0.1412 0.0328        0        0        0        0
  53    1 0.2080 0.0027        0        6        0        0
  53    1 0.4047 0.0293        0        0        0        0
  53    1 0.0238 0.0208        0        0        0        0
  53    1 0.1942 0.1102        0        0        0        0
  53    1 0.0997 0.0134        0        0        0        0
  53    1 0.7235 0.0132        0        0        0        0
  53    1 0.0252 0.0017        0        2        0        0
  53    1 0.3822 0.5818        0        0        0        0
  53    1 0.2889 0.0022        0       16        0        0
  53    1 0.1418 0.0081        0        1        0        0
  53    1 0.5988 0.0639        0        0        0        0
  53    1 0.1654 0.0003        0       10        0        0
  53    1 0.0258 0.0005        0       27        0        1
  53    1 0.1532 0.0157        0        0        0        0
  53    1 0.6947 0.0084        0        5        0        0
  53    1 0.0746 0.0124        0        0        0        0
  53    1 0.0432 0.0022        0        2        0        0
  53    1 0.1060 0.0073        0        1        0        0
  53    1 0.3124 0.0162        0        0        0        0
  53    1 0.1129 0.0149        0        0        0        0
  53    1 0.4532 0.0143        0        0        0        0
  53    1 0.1119 0.0212        0        0        0        0
  53    1 0.1178 0.0025        0        5        0        0
  53    1 0.0595 0.0040        0       13        0        0
  53    1 0.0458 0.0124        0        0        0        0
  53    1 0.0722 0.1034        0        0        0        0
  53    1 0.1422 0.0002        0       10        0        0
  53    1 0.3579 0.0217        0        0        0        0
  53    1 0.0260 0.0379        0        0        0        0
  53    1 0.2445 0.0136        0        0        0        0
  53    1 0.4349 0.0168        0        0        0        0
  53    1 0.4814 0.1237        0        0        0        0
  53    1 0.0241 0.0005        0       28        0        1
  53    1 0.1169 0.0010        0       22        0        1
  53    1 0.2425 0.0869        0        0        0        0
  53    1 0.1905 0.0015        0        4        0        0
  53    1 0.1776 0.0041        0        4        0        0
  53    1 0.1410 0.0102        0        0        0        0
  53    1 0.0861 0.0501        0        0        0        0
  53    1 0.2367 0.0110        0        0        0        0
  53    1 0.2328 0.0149        0        0        0        0
  53    1 0.1624 0.0141        0        0        0        0
  53    1 0.2416 0.0011        0       16        0        0
  53    1 0.2996 0.0100        0        0        0        0
  53    1 0.0353 0.0159        0        0        0        0
  53    1 0.0929 0.0190        0        0        0        0
-- segment_start_step=68 key=stuck_h2 --
  68    1 0.1707 0.0180        0        0        0        0
  68    1 0.1372 0.0178        0        0        0        0
  68    1 0.4189 0.0023        0       21        0        1
  68    1 0.2796 0.0166        0        0        0        0
  68    1 0.1988 0.0736        0        0        0        0
  68    1 0.5332 0.2296        0        0        0        0
  68    1 0.3718 0.0163        0        0        0        0
  68    1 0.1433 0.0005        0       35        0        1
  68    1 0.0339 0.0030        0       20        0        1
  68    1 0.2508 0.0059        0        1        0        0
  68    1 0.1286 0.0004        0        8        0        0
  68    1 0.1765 0.0063        0        5        0        0
  68    1 0.3272 0.0141        0        0        0        0
  68    1 0.4580 0.0003        0       46        0        1
  68    1 0.3588 0.0001        0        2        0        0
  68    1 0.0506 0.0010        0       46        0        1
  68    1 0.0318 0.0098        0        4        0        0
  68    1 0.4555 0.0010        0        2        0        0
  68    1 0.3784 0.0009        0       38        0        1
  68    1 0.3483 0.0220        0        0        0        0
  68    1 0.1148 0.0006        0       28        0        1
  68    1 0.0907 0.0002        0       36        0        1
  68    1 0.1521 0.0010        0        2        0        0
  68    1 0.1222 0.0136        0        0        0        0
  68    1 0.2401 0.0161        0        0        0        0
  68    1 0.2221 0.0000        0       58        0        1
  68    1 0.2026 0.0196        0        0        0        0
  68    1 0.1015 0.0171        0        0        0        0
  68    1 0.1087 0.0199        0        0        0        0
  68    1 0.1119 0.0090        0        4        0        0
  68    1 0.3285 0.0002        0        9        0        0
  68    1 0.1783 0.0087        0        6        0        0
  68    1 0.4845 0.0271        0        0        0        0
  68    1 0.0237 0.0008        0       33        0        1
  68    1 0.1580 0.0158        0        0        0        0
  68    1 0.2573 0.1421        0        0        0        0
  68    1 0.2430 0.0072        0        5        0        0
  68    1 0.4831 0.0249        0        0        0        0
  68    1 0.0263 0.0188        0        0        0        0
  68    1 0.2781 0.0003        0        3        0        0
  68    1 0.0060 0.0130        1        0        0        0
  68    1 0.0224 0.0137        0        0        0        0
  68    1 0.3147 0.0000        0       57        0        1
  68    1 0.1996 0.0013        0       20        0        1
  68    1 0.1542 0.0000        0        7        0        0
  68    1 0.0858 0.0153        0        0        0        0
  68    1 0.1984 0.0250        0        0        0        0
  68    1 0.1489 0.0311        0        0        0        0
  68    1 0.4494 0.0139        0        0        0        0
  68    1 0.0914 0.0044        0        9        0        0
  68    1 0.0922 0.0203        0        0        0        0
  68    1 0.1609 0.0431        0        0        0        0
  68    1 0.5930 0.1138        0        0        0        0
  68    1 0.0253 0.0716        0        0        0        0
  68    1 0.2915 0.0220        0        0        0        0
  68    1 0.0595 0.0209        0        0        0        0
  68    1 0.2285 0.0060        0        1        0        0
  68    1 0.3551 0.1773        0        0        0        0
  68    1 0.0071 0.0008        1       21        0        1
  68    1 0.2703 0.0020        0        3        0        0
  68    1 0.3567 0.0012        0        2        0        0
  68    1 0.1925 0.0121        0        0        0        0
  68    1 0.2079 0.0154        0        0        0        0
  68    1 0.0987 0.0161        0        0        0        0
  68    1 0.1723 0.0364        0        0        0        0
  68    1 0.4596 0.0009        0       42        0        1
  68    1 0.4194 0.0010        0       25        0        1
  68    1 0.3063 0.0011        0       17        0        0
  68    1 0.1184 0.0004        0        6        0        0
  68    1 0.2017 0.0001        0       24        0        1
  68    1 0.0978 0.0053        0        3        0        0
  68    1 0.0398 0.1394        0        0        0        0
  68    1 0.1307 0.0001        0       27        0        1
  68    1 0.2061 0.1241        0        0        0        0
  68    1 0.1701 0.0160        0        0        0        0
  68    1 0.3657 0.0006        0        2        0        0
  68    1 0.0933 0.0052        0        3        0        0
  68    1 0.2757 0.0124        0        0        0        0
  68    1 0.0269 0.0093        0        4        0        0
  68    1 0.4443 0.0094        0        1        0        0
  68    1 0.1009 0.0086        0        1        0        0
  68    1 1.1289 0.0009        0       58        0        1
  68    1 0.1188 0.0097        0        4        0        0
  68    1 0.1463 0.0047        0        1        0        0
  68    1 0.2864 0.0003        0        2        0        0
  68    1 0.2560 0.0073        0       18        0        0
  68    1 0.0211 0.0173        0        0        0        0
  68    1 0.1568 0.0144        0        0        0        0
  68    1 0.3839 0.0010        0       40        0        1
  68    1 0.1584 0.0416        0        0        0        0
  68    1 0.2992 0.0199        0        0        0        0
  68    1 0.3585 0.0152        0        0        0        0
  68    1 0.0804 0.0184        0        0        0        0
  68    1 0.0122 0.0077        0        6        0        0
  68    1 0.0774 0.0153        0        0        0        0
  68    1 0.1240 0.0131        0        0        0        0
  68    1 0.2094 0.0009        0       42        0        1
  68    1 0.1024 0.0000        0       27        0        1
  68    1 0.0283 0.0072        0        1        0        0
  68    1 0.0763 0.0004        0       29        0        1
  68    1 0.2884 0.0020        0        2        0        0
  68    1 0.1455 0.0121        0        0        0        0
  68    1 0.3593 0.0563        0        0        0        0
  68    1 0.5029 0.0157        0        0        0        0
  68    1 0.5081 0.0129        0        0        0        0
  68    1 0.6659 0.0186        0        0        0        0
  68    1 0.0963 0.0020        0        3        0        0
  68    1 0.1191 0.0005        0       28        0        1
  68    1 0.2593 0.0027        0       22        0        1
  68    1 0.2503 0.0340        0        0        0        0
  68    1 0.5798 0.0229        0        0        0        0
  68    1 0.0387 0.0134        0        0        0        0
  68    1 0.0478 0.0074        0        1        0        0
  68    1 0.0586 0.0004        0       36        0        1
  68    1 0.2644 0.0039        0        1        0        0
  68    1 0.0114 0.0195        0        0        0        0
  68    1 0.0987 0.0240        0        0        0        0
  68    1 0.4069 0.0002        0       11        0        0
  68    1 0.0882 0.0339        0        0        0        0
  68    1 0.3978 0.0031        0        7        0        0
  68    1 0.1675 0.0003        0       37        0        1
  68    1 0.1466 0.0096        0        4        0        0
  68    1 0.2178 0.0044        0       17        0        0
  68    1 0.0252 0.0008        0        2        0        0
  68    1 0.3553 0.0231        0        0        0        0
  68    1 0.1980 0.0092        0        4        0        0
  68    1 0.2097 0.0180        0        0        0        0
  68    1 0.0100 0.0176        0        0        0        0
  68    1 0.0106 0.0020        0        2        0        0
  68    1 0.4280 0.0176        0        0        0        0
  68    1 0.0542 0.0138        0        0        0        0
  68    1 0.3219 0.0930        0        0        0        0
  68    1 0.1519 0.0023        0        8        0        0
  68    1 0.1386 0.2525        0        0        0        0
  68    1 0.1838 0.0290        0        0        0        0
  68    1 0.1977 0.0008        0       23        0        1
  68    1 0.5094 0.0159        0        0        0        0
  68    1 0.4571 0.0015        0       40        0        1
  68    1 0.0589 0.0037        0        2        0        0
  68    1 0.2467 0.0024        0        3        0        0
  68    1 0.2785 0.0004        0        2        0        0
  68    1 0.0423 0.0121        0        0        0        0
  68    1 0.5660 0.0008        0       27        0        1
  68    1 0.1729 0.0093        0        4        0        0
  68    1 0.1046 0.0004        0       26        0        1
  68    1 0.2495 0.0013        0        9        0        0
  68    1 0.1477 0.0009        0       37        0        1
  68    1 0.1298 0.1353        0        0        0        0
  68    1 0.4073 0.0134        0        0        0        0
  68    1 0.1300 0.0021        0        8        0        0
  68    1 0.1090 0.0100        0        0        0        0
  68    1 0.2526 0.0196        0        0        0        0
  68    1 0.3712 0.0044        0       22        0        1
  68    1 0.1804 0.0098        0        4        0        0
  68    1 0.0151 0.0126        0        0        0        0
  68    1 0.0311 0.0007        0        2        0        0
  68    1 0.2923 0.0027        0        7        0        0
  68    1 0.2537 0.0007        0       22        0        1
  68    1 0.1945 0.0035        0       12        0        0
  68    1 0.0142 0.0118        0        0        0        0
  68    1 0.0611 0.0064        0        4        0        0
  68    1 0.3555 0.0218        0        0        0        0
  68    1 0.0506 0.0147        0        0        0        0
  68    1 0.0322 0.0005        0       43        0        1
  68    1 0.2975 0.0002        0       41        0        1
  68    1 0.0302 0.0001        0        2        0        0
  68    1 0.1418 0.0152        0        0        0        0
  68    1 0.0147 0.0131        0        0        0        0
  68    1 0.2399 0.0222        0        0        0        0
  68    1 0.2307 0.0073        0        1        0        0
  68    1 0.2466 0.0094        0        1        0        0
  68    1 0.0550 0.0005        0        2        0        0
  68    1 0.5951 0.0000        0       58        0        1
  68    1 0.1545 0.0009        0       17        0        0
  68    1 0.0688 0.0007        0       13        0        0
  68    1 0.1020 0.0152        0        0        0        0
  68    1 0.1818 0.0198        0        0        0        0
  68    1 0.0994 0.0007        0       33        0        1
  68    1 0.9749 0.0010        0        2        0        0
  68    1 0.0198 0.0095        0        4        0        0
  68    1 0.2216 0.1559        0        0        0        0
  68    1 0.3028 0.0043        0        8        0        0
  68    1 0.5888 0.0602        0        0        0        0
  68    1 0.0953 0.0077        0        4        0        0
  68    1 0.1884 0.0250        0        0        0        0
  68    1 1.1679 0.0122        0        0        0        0
  68    1 0.2667 0.0054        0        1        0        0
  68    1 0.1233 0.0209        0        0        0        0
  68    1 0.0955 0.0009        0        2        0        0
  68    1 0.1722 0.2708        0        0        0        0
  68    1 0.0414 0.0000        0       56        0        1
  68    1 0.4083 0.0140        0        0        0        0
  68    1 0.1274 0.0180        0        0        0        0
  68    1 0.1127 0.0317        0        0        0        0
  68    1 0.5357 0.0047        0        3        0        0
  68    1 0.0940 0.0048        0        3        0        0
  68    1 0.0091 0.0168        1        0        0        0
  68    1 0.3130 0.0010        0       30        0        1
  68    1 0.0014 0.0065        2        1        0        0
  68    1 0.1021 0.0059        0        3        0        0
  68    1 0.3203 0.5350        0        0        0        0
  68    1 0.0072 0.0009        1        2        0        0
  68    1 0.1729 0.0033        0        2        0        0
  68    1 0.1740 0.0667        0        0        0        0
  68    1 0.3182 0.0182        0        0        0        0
  68    1 0.0643 0.0039        0       26        0        1
  68    1 0.5512 0.0015        0       26        0        1
  68    1 0.0526 0.0021        0        3        0        0
  68    1 0.2065 0.0061        0        9        0        0
  68    1 0.0609 0.0013        0        2        0        0
  68    1 0.1491 0.0010        0       38        0        1
  68    1 0.7459 0.0001        0       42        0        1
  68    1 0.8387 0.0154        0        0        0        0
  68    1 0.0798 0.0149        0        0        0        0
  68    1 0.4111 0.0206        0        0        0        0
  68    1 1.0189 0.0031        0        3        0        0
  68    1 0.1108 0.0142        0        0        0        0
  68    1 0.0651 0.0210        0        0        0        0
  68    1 0.0196 0.0126        0        0        0        0
  68    1 0.2579 0.0016        0       17        0        0
  68    1 0.4267 0.0006        0       33        0        1
  68    1 0.1502 0.0001        0       26        0        1
  68    1 0.0112 0.0193        0        0        0        0
  68    1 0.2217 0.0167        0        0        0        0
  68    1 0.2190 0.0002        0       20        0        1
  68    1 0.1420 0.0146        0        0        0        0
  68    1 0.1711 0.0069        0        1        0        0
  68    1 0.3654 0.0093        0        4        0        0
  68    1 0.3169 0.0177        0        0        0        0
  68    1 0.1795 0.0201        0        0        0        0
  68    1 0.1405 0.0017        0       29        0        1
  68    1 0.4447 0.0072        0        7        0        0
  68    1 0.4647 0.0103        0        0        0        0
  68    1 0.1298 0.0014        0       43        0        1
  68    1 0.1647 0.0160        0        0        0        0
  68    1 0.1734 0.0049        0        3        0        0
  68    1 0.0367 0.0122        0        0        0        0
  68    1 0.1054 0.0047        0        1        0        0
  68    1 0.1908 0.0053        0        4        0        0
  68    1 0.1727 0.0111        0        0        0        0
  68    1 0.1607 0.0003        0       27        0        1
  68    1 0.5061 0.0123        0        0        0        0
  68    1 0.0205 0.0231        0        0        0        0
  68    1 0.0753 0.0099        0        1        0        0
  68    1 0.2196 0.0166        0        0        0        0
  68    1 0.2973 0.0406        0        0        0        0
  68    1 0.5224 0.0066        0        3        0        0
  68    1 0.4365 0.0015        0        5        0        0
  68    1 0.0520 0.1439        0        0        0        0
  68    1 0.2203 0.0018        0       20        0        1
  68    1 0.1398 0.0131        0        0        0        0
  68    1 0.2165 0.0871        0        0        0        0
  68    1 0.1745 0.0162        0        0        0        0
  68    1 0.0482 0.0046        0       14        0        0
  68    1 0.1460 0.0001        0       19        0        0
  68    1 0.1635 0.0014        0       26        0        1
  68    1 0.5872 0.1391        0        0        0        0
  68    1 0.0691 0.0204        0        0        0        0
  68    1 0.2240 0.0055        0       25        0        1
  68    1 0.4230 0.0051        0        3        0        0
  68    1 0.1081 0.0127        0        0        0        0
  68    1 0.1904 0.0018        0       29        0        1
  68    1 0.0215 0.6183        0        0        0        0
  68    1 0.2589 0.0087        0        4        0        0
  68    1 0.1097 0.0010        0       15        0        0
  68    1 0.0687 0.0000        0        2        0        0
  68    1 0.0701 0.0007        0       59        0        1
  68    1 0.1864 0.0129        0        0        0        0
  68    1 0.1081 0.0760        0        0        0        0
  68    1 0.1331 0.0017        0       15        0        0
  68    1 0.1412 0.0001        0       41        0        1
  68    1 0.1003 0.0017        0        1        0        0
  68    1 0.0806 0.0150        0        0        0        0
  68    1 0.2140 0.0096        0        2        0        0
  68    1 0.1437 0.0150        0        0        0        0
  68    1 0.0410 0.0018        0       20        0        1
  68    1 0.2033 0.0048        0        7        0        0
  68    1 0.0280 0.0007        0       58        0        1
  68    1 0.5171 0.0045        0        3        0        0
  68    1 0.1006 0.0179        0        0        0        0
  68    1 0.0594 0.0016        0        1        0        0
  68    1 0.1061 0.0110        0        0        0        0
  68    1 0.0279 0.0333        0        0        0        0
  68    1 0.4517 0.0337        0        0        0        0
  68    1 0.3265 0.0120        0        0        0        0
  68    1 0.2800 0.0089        0        1        0        0
  68    1 0.0593 0.0153        0        0        0        0
  68    1 0.1743 0.0136        0        0        0        0
  68    1 0.3624 0.0042        0       25        0        1
  68    1 0.3982 0.0002        0        2        0        0
  68    1 0.1468 0.0184        0        0        0        0
  68    1 0.7025 0.0089        0        1        0        0
  68    1 0.0271 0.0183        0        0        0        0
  68    1 0.1991 0.0332        0        0        0        0
  68    1 0.5155 0.0198        0        0        0        0
  68    1 0.2668 0.0065        0        2        0        0
  68    1 0.0755 0.1349        0        0        0        0
  68    1 0.2883 0.0072        0       31        0        1
  68    1 0.1938 0.0123        0        0        0        0
  68    1 0.0669 0.0048        0        3        0        0
  68    1 0.4558 0.0147        0        0        0        0
  68    1 0.1365 0.0191        0        0        0        0
  68    1 0.1748 0.0009        0       10        0        0
  68    1 0.1409 0.0015        0        3        0        0
  68    1 0.0428 0.0141        0        0        0        0
  68    1 0.2110 0.0196        0        0        0        0
  68    1 0.4733 0.0091        0        4        0        0
  68    1 0.0375 0.0546        0        0        0        0
  68    1 0.1904 0.0140        0        0        0        0
  68    1 0.0882 0.0003        0       24        0        1
  68    1 0.0674 0.0197        0        0        0        0
  68    1 0.1749 0.0104        0        0        0        0
  68    1 0.1224 0.0153        0        0        0        0
  68    1 0.2481 0.0091        0        5        0        0
  68    1 0.0946 0.0017        0        4        0        0
  68    1 0.2203 0.0004        0       26        0        1
  68    1 0.1385 0.0179        0        0        0        0
  68    1 0.0314 0.0027        0        6        0        0
  68    1 0.0997 0.0106        0        0        0        0
  68    1 0.0887 0.0149        0        0        0        0
  68    1 0.3058 0.0005        0       17        0        0
  68    1 0.3004 0.0154        0        0        0        0
  68    1 0.4970 0.0010        0       13        0        0
  68    1 0.1943 0.0009        0        2        0        0
  68    1 0.2980 0.0037        0       14        0        0
  68    1 0.0646 0.0014        0       15        0        0
  68    1 0.1125 0.5805        0        0        0        0
  68    1 0.1254 0.0140        0        0        0        0
  68    1 0.1948 0.0040        0        3        0        0
  68    1 0.1202 0.0009        0       47        0        1
  68    1 0.0556 0.0150        0        0        0        0
  68    1 0.2190 0.0670        0        0        0        0
  68    1 0.0412 0.0136        0        0        0        0
  68    1 0.0714 0.0010        0       31        0        1
  68    1 0.0367 0.0282        0        0        0        0
  68    1 0.0584 0.0125        0        0        0        0
  68    1 0.3207 0.0197        0        0        0        0
  68    1 0.3021 0.0185        0        0        0        0
  68    1 0.0780 0.0028        0        3        0        0
  68    1 0.1967 0.2402        0        0        0        0
  68    1 0.0747 0.0052        0        3        0        0
  68    1 0.6376 0.0033        0        9        0        0
  68    1 0.1250 0.0101        0        0        0        0
  68    1 0.2133 0.0446        0        0        0        0
  68    1 0.4039 0.0017        0       31        0        1
  68    1 0.4614 0.0012        0        9        0        0
  68    1 0.3588 0.0025        0       13        0        0
  68    1 0.1568 0.0020        0       25        0        1
  68    1 0.2944 0.0010        0       42        0        1
  68    1 0.2098 0.0137        0        0        0        0
  68    1 0.2211 0.0027        0       20        0        1
  68    1 0.2905 0.0153        0        0        0        0
  68    1 0.0596 0.0107        0        0        0        0
  68    1 0.1096 0.0171        0        0        0        0
  68    1 0.0547 0.0096        0        4        0        0
  68    1 0.2662 0.0150        0        0        0        0
  68    1 0.4020 0.0061        0        4        0        0
  68    1 0.3088 0.0269        0        0        0        0
  68    1 0.4003 0.0024        0       20        0        1
  68    1 0.4692 0.0008        0       28        0        1
  68    1 0.1983 0.0239        0        0        0        0
  68    1 0.1999 0.0142        0        0        0        0
  68    1 0.4240 0.0007        0       25        0        1
  68    1 0.3190 0.0380        0        0        0        0
  68    1 0.0247 0.0037        0        3        0        0
  68    1 0.1058 0.0012        0        2        0        0
  68    1 0.2654 0.0051        0        3        0        0
  68    1 0.0439 0.0011        0        4        0        0
  68    1 0.3664 0.0009        0       43        0        1
  68    1 0.3632 0.0003        0       37        0        1
  68    1 0.4011 0.2314        0        0        0        0
  68    1 0.1123 0.0018        0       19        0        0
  68    1 0.3190 0.0004        0       10        0        0
  68    1 0.0628 0.0159        0        0        0        0
  68    1 0.3954 0.1323        0        0        0        0
  68    1 0.4329 0.0075        0        8        0        0
  68    1 0.0504 0.0049        0        3        0        0
  68    1 0.0668 0.0044        0        3        0        0
  68    1 0.0818 0.0008        0       31        0        1
  68    1 0.0633 0.0011        0        2        0        0
  68    1 0.1376 0.0133        0        0        0        0
  68    1 0.0298 0.0124        0        0        0        0
-- segment_start_step=99 key=stuck_h2 --
  99    0 0.0825 0.0005        0       12        0        0
  99    0 0.3429 0.0003        0       11        0        0
  99    0 0.2924 0.0003        0       52        0        1
  99    0 0.3877 0.0385        0        0        0        0
  99    0 0.0689 0.0032        0        2        0        0
  99    0 0.2961 0.0939        0        0        0        0
  99    0 0.1468 0.0005        0        2        0        0
  99    0 0.3870 0.0006        0       66        0        1
  99    0 0.3139 0.0080        0       20        0        1
  99    0 0.1217 0.0128        0        0        0        0
  99    0 0.5499 0.0006        0       39        0        1
  99    0 0.6113 0.0344        0        0        0        0
  99    0 0.2161 0.0096        0        4        0        0
  99    0 0.0295 0.0007        0       77        0        1
  99    0 0.0437 0.0154        0        0        0        0
  99    0 0.2975 0.0014        0       77        0        1
  99    0 0.0591 0.0176        0        0        0        0
  99    0 0.0915 0.0152        0        0        0        0
  99    0 0.3115 0.0276        0        0        0        0
  99    0 0.0564 0.0136        0        0        0        0
  99    0 0.0363 0.0008        0       59        0        1
  99    0 0.0183 0.0007        0       67        0        1
  99    0 0.1230 0.0156        0        0        0        0
  99    0 0.1201 0.0132        0        0        0        0
  99    0 0.0249 0.0063        0        1        0        0
  99    0 0.3710 0.0008        0       89        0        1
  99    0 0.0029 0.0126        1        0        0        0
  99    0 0.2125 0.0004        0       18        0        0
  99    0 0.0444 0.0197        0        0        0        0
  99    0 0.1125 0.0165        0        0        0        0
  99    0 0.2939 0.0001        0        4        0        0
  99    0 0.0175 0.0008        0       37        0        1
  99    0 0.0612 0.0006        0       18        0        0
  99    0 0.1493 0.0008        0       64        0        1
  99    0 0.0589 0.0003        0        3        0        0
  99    0 0.1528 0.0269        0        0        0        0
  99    0 0.0291 0.0114        0        0        0        0
  99    0 0.1680 0.0013        0       15        0        0
  99    0 0.1450 0.0061        0        4        0        0
  99    0 0.0973 0.0135        0        0        0        0
  99    0 0.3096 0.0155        0        0        0        0
  99    0 0.0898 0.0170        0        0        0        0
  99    0 0.2040 0.0000        0       88        0        1
  99    0 0.0978 0.0028        0       51        0        1
  99    0 0.2338 0.0004        0       38        0        1
  99    0 0.0533 0.0280        0        0        0        0
  99    0 0.0179 0.0171        0        0        0        0
  99    0 0.0613 0.0013        0        2        0        0
  99    0 0.2241 0.0094        0        4        0        0
  99    0 0.3820 0.0059        0       11        0        0
  99    0 0.5675 0.0010        0       20        0        1
  99    0 0.4148 0.0211        0        0        0        0
  99    0 0.2150 0.0275        0        0        0        0
  99    0 0.3704 0.2285        0        0        0        0
  99    0 0.2078 0.0067        0        4        0        0
  99    0 0.3950 0.0002        0       26        0        1
  99    0 0.0764 0.0128        0        0        0        0
  99    0 0.2090 0.0224        0        0        0        0
  99    0 0.5310 0.0017        0       52        0        1
  99    0 0.0401 0.0150        0        0        0        0
  99    0 0.6072 0.0151        0        0        0        0
  99    0 0.2598 0.0174        0        0        0        0
  99    0 0.5463 0.0202        0        0        0        0
  99    0 0.0907 0.0064        0        1        0        0
  99    0 0.0656 0.0009        0       20        0        1
  99    0 0.0074 0.0179        1        0        0        0
  99    0 0.0262 0.0001        0       56        0        1
  99    0 0.6188 0.0007        0       48        0        1
  99    0 0.0698 0.0022        0        1        0        0
  99    0 0.1274 0.0001        0       55        0        1
  99    0 0.0794 0.0146        0        0        0        0
  99    0 0.1280 0.0220        0        0        0        0
  99    0 0.3331 0.0010        0       58        0        1
  99    0 0.0809 0.0075        0       27        0        1
  99    0 0.0419 0.0111        0        0        0        0
  99    0 0.0962 0.0001        0       33        0        1
  99    0 0.0971 0.0169        0        0        0        0
  99    0 0.1840 0.0093        0        4        0        0
  99    0 0.0618 0.0177        0        0        0        0
  99    0 0.2872 0.0133        0        0        0        0
  99    0 0.3129 0.0132        0        0        0        0
  99    0 0.0845 0.0009        0       89        0        1
  99    0 0.1832 0.0176        0        0        0        0
  99    0 0.4746 0.0126        0        0        0        0
  99    0 0.2672 0.0154        0        0        0        0
  99    0 0.3423 0.0083        0       49        0        1
  99    0 0.1123 0.0003        0        2        0        0
  99    0 0.0190 0.0132        0        0        0        0
  99    0 0.2402 0.0009        0       71        0        1
  99    0 0.4269 0.1339        0        0        0        0
  99    0 0.2974 0.0057        0        1        0        0
  99    0 0.0401 0.0064        0        1        0        0
  99    0 0.2276 0.0050        0        3        0        0
  99    0 0.0869 0.0007        0       37        0        1
  99    0 0.0184 0.0064        0        1        0        0
  99    0 0.0056 0.0133        2        0        0        0
  99    0 0.2148 0.0009        0       73        0        1
  99    0 0.2341 0.0000        0       58        0        1
  99    0 0.3004 0.0130        0        0        0        0
  99    0 0.2314 0.0009        0       60        0        1
  99    0 0.1982 0.0150        0        0        0        0
  99    0 0.3023 0.0553        0        0        0        0
  99    0 0.1158 0.0363        0        0        0        0
  99    0 0.1381 0.0024        0        3        0        0
  99    0 0.1574 0.0093        0        4        0        0
  99    0 0.3692 0.0050        0        3        0        0
  99    0 0.1108 0.0150        0        0        0        0
  99    0 0.3589 0.0009        0       59        0        1
  99    0 0.2408 0.0003        0       53        0        1
  99    0 0.0346 0.0009        0       31        0        1
  99    0 0.0274 0.0121        0        0        0        0
  99    0 0.0179 0.0132        0        0        0        0
  99    0 0.3595 0.0129        0        0        0        0
  99    0 0.1425 0.0006        0       67        0        1
  99    0 0.1676 0.0159        0        0        0        0
  99    0 0.2215 0.0122        0        0        0        0
  99    0 0.0938 0.0020        0       27        0        1
  99    0 0.2091 0.0007        0       42        0        1
  99    0 0.2503 0.0065        0        3        0        0
  99    0 0.1967 0.0003        0       18        0        0
  99    0 0.2725 0.0006        0       68        0        1
  99    0 0.3515 0.0178        0        0        0        0
  99    0 0.1151 0.0232        0        0        0        0
  99    0 0.1743 0.0155        0        0        0        0
  99    0 0.0581 0.0327        0        0        0        0
  99    0 0.3424 0.0178        0        0        0        0
  99    0 0.0408 0.0050        0        3        0        0
  99    0 0.5062 0.0010        0       30        0        1
  99    0 0.0147 0.0151        0        0        0        0
  99    0 0.2533 0.0097        0        4        0        0
  99    0 0.0880 0.0079        0        5        0        0
  99    0 0.0361 0.0008        0       17        0        0
  99    0 0.3151 0.0009        0       39        0        1
  99    0 0.0242 0.0019        0       15        0        0
  99    0 0.0376 0.0059        0        3        0        0
  99    0 0.2224 0.0007        0       54        0        1
  99    0 0.4276 0.0064        0        1        0        0
  99    0 0.1737 0.0009        0       71        0        1
  99    0 0.2088 0.0150        0        0        0        0
  99    0 0.1263 0.0150        0        0        0        0
  99    0 0.2735 0.0153        0        0        0        0
  99    0 0.3233 0.0092        0        4        0        0
  99    0 0.1650 0.0006        0       58        0        1
  99    0 0.4045 0.0177        0        0        0        0
  99    0 0.2422 0.0046        0        3        0        0
  99    0 0.2664 0.0050        0       40        0        1
  99    0 0.0033 0.0006        1       68        0        1
  99    0 0.2041 0.0905        0        0        0        0
  99    0 0.0314 0.0133        0        0        0        0
  99    0 0.0169 0.0151        0        0        0        0
  99    0 0.1147 0.0176        0        0        0        0
  99    0 0.2935 0.0050        0        3        0        0
  99    0 0.3172 0.0002        0       53        0        1
  99    0 0.6688 0.0176        0        0        0        0
  99    0 0.0705 0.0133        0        0        0        0
  99    0 0.6045 0.0153        0        0        0        0
  99    0 0.1801 0.0026        0       38        0        1
  99    0 0.1234 0.0007        0       53        0        1
  99    0 0.2149 0.0005        0       43        0        1
  99    0 0.2520 0.0134        0        0        0        0
  99    0 0.0256 0.0167        0        0        0        0
  99    0 0.0939 0.0079        0        2        0        0
  99    0 0.1084 0.0064        0        1        0        0
  99    0 0.0265 0.0005        0       74        0        1
  99    0 0.5449 0.0001        0       72        0        1
  99    0 0.6073 0.0154        0        0        0        0
  99    0 0.1867 0.0045        0        3        0        0
  99    0 0.2822 0.0093        0        4        0        0
  99    0 0.1285 0.0054        0        3        0        0
  99    0 0.1571 0.0130        0        0        0        0
  99    0 0.1367 0.0132        0        0        0        0
  99    0 0.1796 0.0154        0        0        0        0
  99    0 0.3563 0.0001        0       89        0        1
  99    0 0.2081 0.0009        0       48        0        1
  99    0 0.3589 0.0007        0       44        0        1
  99    0 0.7825 0.0064        0        1        0        0
  99    0 0.0221 0.0126        0        0        0        0
  99    0 0.0788 0.0007        0       64        0        1
  99    0 0.2991 0.0152        0        0        0        0
  99    0 0.1901 0.0076        0        2        0        0
  99    0 0.0882 0.1091        0        0        0        0
  99    0 0.0727 0.0009        0       39        0        1
  99    0 0.1169 0.0001        0       19        0        0
  99    0 0.1184 0.0012        0       13        0        0
  99    0 0.3569 0.0060        0        3        0        0
  99    0 0.1766 0.0091        0        4        0        0
  99    0 0.2063 0.0128        0        0        0        0
  99    0 0.2421 0.0020        0       16        0        0
  99    0 0.3394 0.0175        0        0        0        0
  99    0 0.3214 0.3882        0        0        0        0
  99    0 0.0959 0.0009        0       87        0        1
  99    0 0.0656 0.0132        0        0        0        0
  99    0 0.2645 0.0005        0       26        0        1
  99    0 0.2573 0.0061        0        3        0        0
  99    0 0.0580 0.0170        0        0        0        0
  99    0 0.1158 0.0169        0        0        0        0
  99    0 0.0175 0.0004        0       28        0        1
  99    0 0.2667 0.0003        0       61        0        1
  99    0 0.0908 0.0128        0        0        0        0
  99    0 0.1583 0.0143        0        0        0        0
  99    0 0.0966 0.0128        0        0        0        0
  99    0 0.5201 0.0052        0       10        0        0
  99    0 0.0715 0.0150        0        0        0        0
  99    0 0.1721 0.1259        0        0        0        0
  99    0 0.2097 0.0003        0        2        0        0
  99    0 0.0786 0.0056        0       57        0        1
  99    0 0.0043 0.0009        1       57        0        1
  99    0 0.0823 0.0150        0        0        0        0
  99    0 0.2170 0.0010        0       40        0        1
  99    0 0.0245 0.0151        0        0        0        0
  99    0 0.0491 0.0008        0       69        0        1
  99    0 0.8592 0.0008        0       73        0        1
  99    0 0.0181 0.0064        0        1        0        0
  99    0 0.2997 0.0064        0        1        0        0
  99    0 0.0709 0.0061        0        1        0        0
  99    0 0.1887 0.0185        0        0        0        0
  99    0 0.5308 0.0095        0        4        0        0
  99    0 0.5395 0.0054        0        3        0        0
  99    0 0.0265 0.0093        0        4        0        0
  99    0 0.3029 0.0009        0       48        0        1
  99    0 0.0680 0.0007        0       64        0        1
  99    0 0.0886 0.0004        0       57        0        1
  99    0 0.3488 0.0059        0        1        0        0
  99    0 0.2393 0.0005        0       29        0        1
  99    0 0.2861 0.0000        0       51        0        1
  99    0 0.1527 0.0096        0        4        0        0
  99    0 0.2617 0.0129        0        0        0        0
  99    0 0.1022 0.0177        0        0        0        0
  99    0 0.3490 0.0003        0        2        0        0
  99    0 0.0841 0.0001        0        2        0        0
  99    0 0.4118 0.0012        0       60        0        1
  99    0 0.4491 0.0008        0       38        0        1
  99    0 0.0548 0.0177        0        0        0        0
  99    0 0.0438 0.0012        0       74        0        1
  99    0 0.3647 0.0060        0        1        0        0
  99    0 0.0281 0.0169        0        0        0        0
  99    0 0.5283 0.0133        0        0        0        0
  99    0 0.1323 0.0125        0        0        0        0
  99    0 0.2717 0.0224        0        0        0        0
  99    0 0.1876 0.0175        0        0        0        0
  99    0 0.2564 0.0149        0        0        0        0
  99    0 0.1305 0.0093        0        4        0        0
  99    0 0.0651 0.0164        0        0        0        0
  99    0 0.2519 0.0088        0        4        0        0
  99    0 0.3932 0.0063        0        1        0        0
  99    0 0.0842 0.0004        0       28        0        1
  99    0 0.0513 0.0184        0        0        0        0
  99    0 0.0805 0.0017        0        4        0        0
  99    0 0.2663 0.0006        0       23        0        1
  99    0 0.2209 0.0006        0       51        0        1
  99    0 0.2316 0.0067        0        1        0        0
  99    0 0.0723 0.3181        0        0        0        0
  99    0 0.3002 0.0001        0       28        0        1
  99    0 0.6170 0.0005        0       45        0        1
  99    0 0.3966 0.0008        0       50        0        1
  99    0 0.0376 0.0009        0       57        0        1
  99    0 0.0776 0.1281        0        0        0        0
  99    0 0.3936 0.0186        0        0        0        0
  99    0 0.1633 0.0027        0       56        0        1
  99    0 0.2084 0.0171        0        0        0        0
  99    0 0.3175 0.0133        0        0        0        0
  99    0 0.1277 0.0010        0       60        0        1
  99    0 0.2896 0.0210        0        0        0        0
  99    0 0.1799 0.0179        0        0        0        0
  99    0 0.0196 0.0003        0       46        0        1
  99    0 0.2280 0.0168        0        0        0        0
  99    0 0.0631 0.0008        0       90        0        1
  99    0 0.4529 0.0132        0        0        0        0
  99    0 0.0597 0.0303        0        0        0        0
  99    0 0.2443 0.0004        0       46        0        1
  99    0 0.6100 0.0008        0       72        0        1
  99    0 0.3324 0.0171        0        0        0        0
  99    0 0.1884 0.0064        0        1        0        0
  99    0 0.2425 0.0012        0        2        0        0
  99    0 0.5026 0.0064        0        1        0        0
  99    0 0.1140 0.0010        0       51        0        1
  99    0 0.0774 0.0008        0       38        0        1
  99    0 0.0822 0.0007        0       89        0        1
  99    0 0.2946 0.0171        0        0        0        0
  99    0 0.5328 0.0061        0        1        0        0
  99    0 0.6834 0.0164        0        0        0        0
  99    0 0.2160 0.0005        0       25        0        1
  99    0 0.5000 0.0023        0       24        0        1
  99    0 0.3042 0.0008        0       26        0        1
  99    0 0.1260 0.0068        0        1        0        0
  99    0 0.0048 0.0166        1        0        0        0
  99    0 0.2057 0.0129        0        0        0        0
  99    0 0.0982 0.0008        0        2        0        0
  99    0 0.2141 0.0031        0       56        0        1
  99    0 0.0299 0.0010        0       25        0        1
  99    0 0.1283 0.0002        0        2        0        0
  99    0 0.1312 0.0023        0        4        0        0
  99    0 0.2529 0.0049        0        3        0        0
  99    0 0.1373 0.0017        0        2        0        0
  99    0 0.5914 0.0057        0        1        0        0
  99    0 0.0898 0.0149        0        0        0        0
  99    0 0.2781 0.0942        0        0        0        0
  99    0 0.2111 0.0304        0        0        0        0
  99    0 0.3043 0.0133        0        0        0        0
  99    0 0.3418 0.0169        0        0        0        0
  99    0 0.0082 0.0064        1        1        0        0
  99    0 0.1057 0.0352        0        0        0        0
  99    0 0.2745 0.0005        0       41        0        1
  99    0 0.3016 0.0008        0       34        0        1
  99    0 0.3896 0.0007        0       25        0        1
  99    0 0.0987 0.0279        0        0        0        0
  99    0 0.0782 0.0177        0        0        0        0
  99    0 0.2854 0.1166        0        0        0        0
  99    0 0.1781 0.0094        0        4        0        0
  99    0 0.1916 0.0007        0       55        0        1
  99    0 0.1796 0.0002        0        2        0        0
  99    0 0.1696 0.0177        0        0        0        0
  99    0 0.0737 0.0064        0        1        0        0
  99    0 0.1850 0.0073        0        1        0        0
  99    0 0.0177 0.0193        0        0        0        0
  99    0 0.5046 0.0009        0       57        0        1
  99    0 0.0612 0.0099        0        3        0        0
  99    0 0.0096 0.0003        1       37        0        1
  99    0 0.5551 0.0006        0       31        0        1
  99    0 0.0519 0.0064        0        1        0        0
  99    0 0.2034 0.0008        0       48        0        1
  99    0 0.1670 0.0046        0        3        0        0
  99    0 0.3834 0.0005        0       44        0        1
  99    0 0.2234 0.0155        0        0        0        0
  99    0 0.1173 0.0007        0       45        0        1
  99    0 0.0230 0.0012        0       46        0        1
  99    0 0.0383 0.0020        0        2        0        0
  99    0 0.1209 0.0172        0        0        0        0
  99    0 0.0181 0.0184        0        0        0        0
  99    0 0.3694 0.0006        0       78        0        1
  99    0 0.1670 0.0064        0        1        0        0
  99    0 0.0110 0.0010        0       14        0        0
  99    0 0.2941 0.0005        0       31        0        1
  99    0 0.5776 0.0003        0       62        0        1
  99    0 0.4471 0.0116        0        0        0        0
  99    0 0.2903 0.0068        0        5        0        0
  99    0 0.2266 0.0002        0        2        0        0
  99    0 0.0099 0.0157        1        0        0        0
  99    0 0.0629 0.0173        0        0        0        0
  99    0 0.0891 0.0396        0        0        0        0
  99    0 0.1343 0.0170        0        0        0        0
  99    0 0.3747 0.0115        0        0        0        0
  99    0 0.1165 0.0088        0        4        0        0
  99    0 0.4080 0.0364        0        0        0        0
  99    0 0.1346 0.0010        0       62        0        1
  99    0 0.0773 0.0006        0       40        0        1
  99    0 0.0496 0.0021        0       44        0        1
  99    0 0.5193 0.0009        0       56        0        1
  99    0 0.3559 0.0009        0       73        0        1
  99    0 0.1194 0.0132        0        0        0        0
  99    0 0.0035 0.0004        1       51        0        1
  99    0 0.1791 0.0065        0        1        0        0
  99    0 0.0777 0.0005        0       14        0        0
  99    0 0.1135 0.0003        0        2        0        0
  99    0 0.0204 0.0177        0        0        0        0
  99    0 0.2026 0.0064        0        1        0        0
  99    0 0.2733 0.0017        0       25        0        1
  99    0 0.0400 0.0008        0        2        0        0
  99    0 0.0818 0.0016        0       51        0        1
  99    0 0.2538 0.0006        0       59        0        1
  99    0 0.0881 0.0007        0        2        0        0
  99    0 0.1653 0.0143        0        0        0        0
  99    0 0.1846 0.0006        0       56        0        1
  99    0 0.1251 0.2714        0        0        0        0
  99    0 0.3823 0.0008        0       29        0        1
  99    0 0.1272 0.0156        0        0        0        0
  99    0 0.4202 0.0169        0        0        0        0
  99    0 0.0219 0.0007        0       35        0        1
  99    0 0.3772 0.0009        0       74        0        1
  99    0 0.2477 0.0006        0       68        0        1
  99    0 0.0939 0.2318        0        0        0        0
  99    0 0.1161 0.0013        0       50        0        1
  99    0 0.4627 0.0005        0       41        0        1
  99    0 0.3813 0.0064        0        1        0        0
  99    0 0.4109 0.0533        0        0        0        0
  99    0 0.0436 0.0005        0       27        0        1
  99    0 0.0438 0.0139        0        0        0        0
  99    0 0.1921 0.0072        0        7        0        0
  99    0 0.0342 0.0007        0       62        0        1
  99    0 0.3573 0.0010        0        6        0        0
  99    0 0.3597 0.0133        0        0        0        0
  99    0 0.4963 0.0134        0        0        0        0
-- segment_start_step=80 key=stuck_h2 --
  80    1 0.0704 0.0064        0        1        0        0
  80    1 0.3759 0.0061        0        1        0        0
  80    1 0.1090 0.0004        0       33        0        1
  80    1 0.3755 0.0029        0        3        0        0
  80    1 0.3745 0.0925        0        0        0        0
  80    1 0.0484 0.1982        0        0        0        0
  80    1 0.9638 0.0061        0        1        0        0
  80    1 0.1045 0.0006        0       47        0        1
  80    1 0.2491 0.0041        0        1        0        0
  80    1 0.1066 0.0091        0        4        0        0
  80    1 0.1402 0.0005        0       20        0        1
  80    1 0.1950 0.0095        0        1        0        0
  80    1 0.0571 0.0033        0        3        0        0
  80    1 0.0377 0.0006        0       58        0        1
  80    1 0.0461 0.0130        0        0        0        0
  80    1 0.5972 0.0011        0       58        0        1
  80    1 0.1089 0.0178        0        0        0        0
  80    1 0.3539 0.0138        0        0        0        0
  80    1 0.0680 0.0007        0       50        0        1
  80    1 0.1518 0.0007        0        2        0        0
  80    1 0.0374 0.0008        0       40        0        1
  80    1 0.0782 0.0007        0       48        0        1
  80    1 0.0665 0.0114        0        0        0        0
  80    1 0.1041 0.0179        0        0        0        0
  80    1 0.0589 0.0136        0        0        0        0
  80    1 0.2263 0.0009        0       70        0        1
  80    1 0.1818 0.0185        0        0        0        0
  80    1 0.2163 0.0208        0        0        0        0
  80    1 0.0525 0.0112        0        0        0        0
  80    1 0.1572 0.0166        0        0        0        0
  80    1 0.1254 0.0006        0        3        0        0
  80    1 0.5587 0.0003        0       18        0        0
  80    1 0.0035 0.0173        1        0        0        0
  80    1 0.3243 0.0008        0       45        0        1
  80    1 0.0341 0.0514        0        0        0        0
  80    1 0.4400 0.1186        0        0        0        0
  80    1 0.1094 0.0111        0        0        0        0
  80    1 0.0426 0.0058        0        4        0        0
  80    1 0.1198 0.0105        0        0        0        0
  80    1 0.2121 0.0113        0        0        0        0
  80    1 0.2134 0.0232        0        0        0        0
  80    1 0.0789 0.0202        0        0        0        0
  80    1 0.1461 0.0004        0       69        0        1
  80    1 0.3656 0.0023        0       32        0        1
  80    1 0.3989 0.0056        0       19        0        0
  80    1 0.4076 0.0137        0        0        0        0
  80    1 0.0577 0.0126        0        0        0        0
  80    1 0.1270 0.0095        0        1        0        0
  80    1 0.3705 0.0045        0        3        0        0
  80    1 0.8125 0.0078        0       21        0        1
  80    1 0.3163 0.0088        0        1        0        0
  80    1 0.0463 0.0351        0        0        0        0
  80    1 0.1797 0.3659        0        0        0        0
  80    1 0.0778 0.2470        0        0        0        0
  80    1 0.0772 0.0127        0        0        0        0
  80    1 0.1947 0.0003        0        7        0        0
  80    1 0.3751 0.0092        0        4        0        0
  80    1 0.0169 0.0052        0        1        0        0
  80    1 0.0535 0.0017        0       33        0        1
  80    1 0.0745 0.0150        0        0        0        0
  80    1 0.7674 0.0144        0        0        0        0
  80    1 0.3719 0.0181        0        0        0        0
  80    1 0.0469 0.0399        0        0        0        0
  80    1 0.1529 0.0130        0        0        0        0
  80    1 0.3687 0.0052        0        1        0        0
  80    1 0.1672 0.0009        0       54        0        1
  80    1 0.1744 0.0004        0       37        0        1
  80    1 0.1858 0.0008        0       29        0        1
  80    1 0.6019 0.0015        0       18        0        0
  80    1 0.1992 0.0004        0       36        0        1
  80    1 0.4036 0.0152        0        0        0        0
  80    1 0.0597 0.3796        0        0        0        0
  80    1 0.2057 0.0010        0       39        0        1
  80    1 0.1008 0.0051        0        8        0        0
  80    1 0.2094 0.0132        0        0        0        0
  80    1 0.3078 0.0005        0       14        0        0
  80    1 0.0248 0.0161        0        0        0        0
  80    1 0.2197 0.0048        0        3        0        0
  80    1 0.0794 0.0173        0        0        0        0
  80    1 0.2313 0.0074        0        4        0        0
  80    1 0.1845 0.0076        0        4        0        0
  80    1 0.0781 0.0009        0       70        0        1
  80    1 0.2378 0.0177        0        0        0        0
  80    1 0.4234 0.0103        0        0        0        0
  80    1 0.0218 0.0124        0        0        0        0
  80    1 0.1801 0.0060        0       30        0        1
  80    1 0.0206 0.0074        0        1        0        0
  80    1 0.0855 0.0176        0        0        0        0
  80    1 0.1149 0.0009        0       52        0        1
  80    1 0.0737 0.0735        0        0        0        0
  80    1 0.3222 0.0159        0        0        0        0
  80    1 0.0296 0.0133        0        0        0        0
  80    1 0.4257 0.0002        0        2        0        0
  80    1 0.2292 0.0006        0       18        0        0
  80    1 0.1092 0.0133        0        0        0        0
  80    1 0.2167 0.0174        0        0        0        0
  80    1 0.0138 0.0009        0       54        0        1
  80    1 0.2071 0.0000        0       39        0        1
  80    1 0.0746 0.0087        0        4        0        0
  80    1 0.0374 0.0009        0       41        0        1
  80    1 0.1034 0.0312        0        0        0        0
  80    1 0.2507 0.0172        0        0        0        0
  80    1 0.1370 0.0067        0        1        0        0
  80    1 0.2207 0.0021        0        2        0        0
  80    1 0.1325 0.0054        0        3        0        0
  80    1 0.4417 0.0006        0        2        0        0
  80    1 0.2478 0.0149        0        0        0        0
  80    1 0.0437 0.0009        0       40        0        1
  80    1 0.1335 0.0004        0       34        0        1
  80    1 0.0988 0.0012        0       12        0        0
  80    1 0.2816 0.0200        0        0        0        0
  80    1 0.0165 0.0179        0        0        0        0
  80    1 0.4878 0.0093        0        4        0        0
  80    1 0.0257 0.0006        0       48        0        1
  80    1 0.0381 0.0112        0        0        0        0
  80    1 0.3165 0.0224        0        0        0        0
  80    1 0.1481 0.0020        0        8        0        0
  80    1 0.0094 0.0007        1       23        0        1
  80    1 0.0333 0.0011        0        2        0        0
  80    1 0.1939 0.0171        0        0        0        0
  80    1 0.2799 0.0006        0       49        0        1
  80    1 0.0948 0.0165        0        0        0        0
  80    1 0.2860 0.0453        0        0        0        0
  80    1 0.1321 0.0126        0        0        0        0
  80    1 0.1486 0.0029        0        8        0        0
  80    1 0.2112 0.0163        0        0        0        0
  80    1 0.2018 0.0011        0        2        0        0
  80    1 0.3536 0.0064        0       11        0        0
  80    1 0.1992 0.0133        0        0        0        0
  80    1 0.1201 0.0050        0        3        0        0
  80    1 0.1749 0.0046        0        4        0        0
  80    1 0.0944 0.0935        0        0        0        0
  80    1 0.1294 0.0024        0       20        0        1
  80    1 0.0891 0.2349        0        0        0        0
  80    1 0.0137 0.0001        0        3        0        0
  80    1 0.3754 0.0007        0       35        0        1
  80    1 0.2152 0.0125        0        0        0        0
  80    1 0.1061 0.0009        0       52        0        1
  80    1 0.2598 0.0131        0        0        0        0
  80    1 0.0497 0.0143        0        0        0        0
  80    1 0.1798 0.0135        0        0        0        0
  80    1 0.1115 0.0055        0        3        0        0
  80    1 0.3102 0.0005        0       39        0        1
  80    1 0.0888 0.0178        0        0        0        0
  80    1 0.1593 0.0005        0       38        0        1
  80    1 0.0583 0.0009        0       21        0        1
  80    1 0.3269 0.0006        0       49        0        1
  80    1 0.4436 0.0941        0        0        0        0
  80    1 0.4076 0.0171        0        0        0        0
  80    1 0.0223 0.0176        0        0        0        0
  80    1 0.0253 0.0176        0        0        0        0
  80    1 0.5117 0.0004        0        2        0        0
  80    1 0.3218 0.0027        0       34        0        1
  80    1 0.2778 0.0176        0        0        0        0
  80    1 0.4078 0.0185        0        0        0        0
  80    1 0.3918 0.0129        0        0        0        0
  80    1 0.0650 0.0026        0       19        0        0
  80    1 0.1405 0.0008        0       34        0        1
  80    1 0.2983 0.0004        0       24        0        1
  80    1 0.3331 0.0175        0        0        0        0
  80    1 0.0748 0.0174        0        0        0        0
  80    1 0.1912 0.0040        0        2        0        0
  80    1 0.3163 0.0137        0        0        0        0
  80    1 0.1619 0.0000        0       55        0        1
  80    1 0.0765 0.0001        0       53        0        1
  80    1 0.1416 0.0124        0        0        0        0
  80    1 0.1345 0.0009        0        2        0        0
  80    1 0.1994 0.0049        0        3        0        0
  80    1 0.2255 0.0009        0        2        0        0
  80    1 0.2727 0.0082        0        4        0        0
  80    1 0.2327 0.0085        0        4        0        0
  80    1 0.8331 0.0124        0        0        0        0
  80    1 0.1223 0.0001        0       70        0        1
  80    1 0.6838 0.0009        0       29        0        1
  80    1 0.1257 0.0008        0       25        0        1
  80    1 0.0608 0.0136        0        0        0        0
  80    1 0.1341 0.0181        0        0        0        0
  80    1 0.3833 0.0002        0       45        0        1
  80    1 0.6546 0.0138        0        0        0        0
  80    1 0.0130 0.0181        0        0        0        0
  80    1 0.1584 0.1310        0        0        0        0
  80    1 0.4319 0.0009        0       20        0        1
  80    1 0.4382 0.0104        0        0        0        0
  80    1 0.1043 0.0014        0        2        0        0
  80    1 0.1528 0.0044        0        1        0        0
  80    1 0.3099 0.0062        0        3        0        0
  80    1 0.0959 0.0092        0        4        0        0
  80    1 0.3716 0.0787        0        0        0        0
  80    1 0.1560 0.0141        0        0        0        0
  80    1 0.1686 0.2689        0        0        0        0
  80    1 0.0514 0.0009        0       68        0        1
  80    1 0.1403 0.0181        0        0        0        0
  80    1 0.1411 0.0004        0        7        0        0
  80    1 0.0815 0.0013        0        8        0        0
  80    1 0.5728 0.0156        0        0        0        0
  80    1 0.0885 0.0164        0        0        0        0
  80    1 0.1050 0.0041        0        9        0        0
  80    1 0.1403 0.0005        0       42        0        1
  80    1 0.0554 0.0099        0        4        0        0
  80    1 0.1875 0.0167        0        0        0        0
  80    1 0.3053 0.0131        0        0        0        0
  80    1 0.4392 0.0121        0        0        0        0
  80    1 0.3242 0.0130        0        0        0        0
  80    1 0.1045 0.1428        0        0        0        0
  80    1 0.4414 0.0064        0        1        0        0
  80    1 0.6017 0.0044        0       38        0        1
  80    1 0.3399 0.0009        0       38        0        1
  80    1 0.2482 0.0149        0        0        0        0
  80    1 0.1139 0.0012        0       21        0        1
  80    1 0.0962 0.0144        0        0        0        0
  80    1 0.0524 0.0003        0       50        0        1
  80    1 0.5552 0.0008        0       54        0        1
  80    1 0.2858 0.0132        0        0        0        0
  80    1 0.3017 0.0140        0        0        0        0
  80    1 0.2373 0.0117        0        0        0        0
  80    1 0.3757 0.0148        0        0        0        0
  80    1 0.0398 0.0041        0        3        0        0
  80    1 0.0526 0.0021        0        2        0        0
  80    1 0.0302 0.0047        0        3        0        0
  80    1 0.0874 0.0008        0       29        0        1
  80    1 0.0697 0.0006        0       45        0        1
  80    1 0.3734 0.0010        0       38        0        1
  80    1 0.0564 0.0149        0        0        0        0
  80    1 0.0319 0.0002        0       10        0        0
  80    1 0.1717 0.0000        0       32        0        1
  80    1 0.1188 0.0037        0        3        0        0
  80    1 0.1046 0.0093        0        4        0        0
  80    1 0.0377 0.0174        0        0        0        0
  80    1 0.0719 0.0064        0        1        0        0
  80    1 0.0127 0.0080        0        1        0        0
  80    1 0.6604 0.0018        0       41        0        1
  80    1 0.3626 0.0007        0       19        0        0
  80    1 0.1048 0.0166        0        0        0        0
  80    1 0.3146 0.0010        0       55        0        1
  80    1 0.1160 0.0164        0        0        0        0
  80    1 0.2439 0.0161        0        0        0        0
  80    1 0.0849 0.0180        0        0        0        0
  80    1 0.1362 0.0113        0        0        0        0
  80    1 0.2713 0.0258        0        0        0        0
  80    1 0.4168 0.0173        0        0        0        0
  80    1 0.0896 0.0010        0       39        0        1
  80    1 0.2735 0.0049        0        3        0        0
  80    1 0.1378 0.0066        0        4        0        0
  80    1 0.3964 0.0074        0        3        0        0
  80    1 0.0590 0.0130        0        0        0        0
  80    1 0.1689 0.0001        0        9        0        0
  80    1 0.0409 0.0133        0        0        0        0
  80    1 0.0655 0.0015        0       17        0        0
  80    1 0.0592 0.0018        0        4        0        0
  80    1 0.1067 0.0007        0       32        0        1
  80    1 0.4089 0.0129        0        0        0        0
  80    1 0.2047 0.1524        0        0        0        0
  80    1 0.2211 0.0032        0        9        0        0
  80    1 0.2091 0.0012        0       26        0        1
  80    1 0.0587 0.0008        0       31        0        1
  80    1 0.2503 0.0009        0       38        0        1
  80    1 0.0817 0.1554        0        0        0        0
  80    1 0.0369 0.0019        0        2        0        0
  80    1 0.0540 0.0038        0       37        0        1
  80    1 0.2230 0.0147        0        0        0        0
  80    1 0.1127 0.0176        0        0        0        0
  80    1 0.1745 0.0004        0       41        0        1
  80    1 0.1363 0.0781        0        0        0        0
  80    1 0.3901 0.0156        0        0        0        0
  80    1 0.0438 0.0005        0       27        0        1
  80    1 0.2704 0.0122        0        0        0        0
  80    1 0.0887 0.0008        0       71        0        1
  80    1 0.4877 0.0182        0        0        0        0
  80    1 0.1698 0.0521        0        0        0        0
  80    1 0.2152 0.0004        0       27        0        1
  80    1 0.1751 0.0008        0       53        0        1
  80    1 0.0858 0.0016        0        2        0        0
  80    1 0.2863 0.0137        0        0        0        0
  80    1 0.3930 0.0558        0        0        0        0
  80    1 0.0353 0.0143        0        0        0        0
  80    1 0.0388 0.0024        0       32        0        1
  80    1 0.1050 0.0004        0       19        0        0
  80    1 0.1627 0.0007        0       70        0        1
  80    1 0.0591 0.0145        0        0        0        0
  80    1 0.0408 0.0144        0        0        0        0
  80    1 0.0875 0.0040        0        3        0        0
  80    1 0.1689 0.0005        0        6        0        0
  80    1 0.0127 0.0030        0        5        0        0
  80    1 0.0731 0.0055        0        7        0        0
  80    1 0.1459 0.0123        0        0        0        0
  80    1 0.0413 0.0090        0        5        0        0
  80    1 0.0569 0.0195        0        0        0        0
  80    1 0.0628 0.0050        0        1        0        0
  80    1 0.1982 0.0037        0       37        0        1
  80    1 0.2539 0.0011        0        6        0        0
  80    1 0.0786 0.0071        0        1        0        0
  80    1 0.0268 0.0006        0        3        0        0
  80    1 0.1538 0.0002        0        2        0        0
  80    1 0.1451 0.0117        0        0        0        0
  80    1 0.0542 0.0163        0        0        0        0
  80    1 0.2246 0.0074        0        6        0        0
  80    1 0.2292 0.1850        0        0        0        0
  80    1 0.1554 0.0073        0       43        0        1
  80    1 0.5409 0.0180        0        0        0        0
  80    1 0.2913 0.0161        0        0        0        0
  80    1 0.2632 0.0137        0        0        0        0
  80    1 0.2637 0.0007        0        2        0        0
  80    1 0.1280 0.0005        0       22        0        1
  80    1 0.1368 0.0021        0       15        0        0
  80    1 0.1161 0.0007        0        6        0        0
  80    1 0.2549 0.0216        0        0        0        0
  80    1 0.0740 0.0177        0        0        0        0
  80    1 0.3627 0.1289        0        0        0        0
  80    1 0.0457 0.0048        0        3        0        0
  80    1 0.0383 0.0007        0       36        0        1
  80    1 0.0682 0.0100        0        1        0        0
  80    1 0.1170 0.0168        0        0        0        0
  80    1 0.3147 0.0138        0        0        0        0
  80    1 0.0425 0.0102        0        0        0        0
  80    1 0.1432 0.0024        0       16        0        0
  80    1 0.3114 0.0013        0       38        0        1
  80    1 0.1197 0.0005        0        2        0        0
  80    1 0.2990 0.0004        0       18        0        0
  80    1 0.4290 0.0005        0       12        0        0
  80    1 0.2286 0.0134        0        0        0        0
  80    1 0.0325 0.0009        0       29        0        1
  80    1 0.0489 0.0004        0        2        0        0
  80    1 0.6622 0.0005        0       25        0        1
  80    1 0.2821 0.0125        0        0        0        0
  80    1 0.0792 0.0019        0       26        0        1
  80    1 0.3964 0.0014        0       27        0        1
  80    1 0.0196 0.0155        0        0        0        0
  80    1 0.0651 0.0184        0        0        0        0
  80    1 0.2175 0.0155        0        0        0        0
  80    1 0.0289 0.0005        0       59        0        1
  80    1 0.1085 0.0134        0        0        0        0
  80    1 0.0806 0.0885        0        0        0        0
  80    1 0.3390 0.0003        0       12        0        0
  80    1 0.0906 0.0005        0       43        0        1
  80    1 0.1065 0.0014        0        2        0        0
  80    1 0.0869 0.0114        0        0        0        0
  80    1 0.0650 0.0092        0        1        0        0
  80    1 0.1080 0.0152        0        0        0        0
  80    1 0.2800 0.0147        0        0        0        0
  80    1 0.0655 0.0713        0        0        0        0
  80    1 0.1215 0.0148        0        0        0        0
  80    1 1.0683 0.0140        0        0        0        0
  80    1 0.2520 0.0069        0        3        0        0
  80    1 0.1733 0.0450        0        0        0        0
  80    1 0.2169 0.0011        0       43        0        1
  80    1 0.0560 0.0005        0       21        0        1
  80    1 0.1687 0.0026        0       25        0        1
  80    1 0.0560 0.0009        0       37        0        1
  80    1 0.1724 0.0009        0       54        0        1
  80    1 0.0132 0.0181        0        0        0        0
  80    1 0.0793 0.0001        0       32        0        1
  80    1 0.1087 0.0127        0        0        0        0
  80    1 0.2698 0.0056        0        3        0        0
  80    1 0.0511 0.0070        0        1        0        0
  80    1 0.4020 0.0171        0        0        0        0
  80    1 0.0276 0.0135        0        0        0        0
  80    1 0.0777 0.0046        0        6        0        0
  80    1 0.3298 0.0087        0        1        0        0
  80    1 0.1784 0.0027        0       32        0        1
  80    1 0.1097 0.0005        0       40        0        1
  80    1 0.2064 0.0082        0        1        0        0
  80    1 0.0911 0.0319        0        0        0        0
  80    1 0.2050 0.0001        0       37        0        1
  80    1 0.2732 0.0940        0        0        0        0
  80    1 0.0930 0.0006        0       10        0        0
  80    1 0.1264 0.0119        0        0        0        0
  80    1 0.2563 0.0166        0        0        0        0
  80    1 0.0634 0.0014        0       16        0        0
  80    1 0.0581 0.0009        0       55        0        1
  80    1 0.1219 0.0006        0       49        0        1
  80    1 0.0565 0.0988        0        0        0        0
  80    1 0.0507 0.0011        0       31        0        1
  80    1 0.1673 0.0005        0       22        0        1
  80    1 0.0047 0.0125        1        0        0        0
  80    1 0.1628 0.2026        0        0        0        0
  80    1 0.0148 0.0005        0        8        0        0
  80    1 0.3151 0.0150        0        0        0        0
  80    1 0.2290 0.0138        0        0        0        0
  80    1 0.1644 0.0010        0       43        0        1
  80    1 0.1231 0.0102        0        0        0        0
  80    1 0.1871 0.0175        0        0        0        0
  80    1 0.0653 0.0176        0        0        0        0
-- segment_start_step=42 key=stuck_h2 --
  42    1 0.0675 0.0097        0        7        0        0
  42    1 0.3237 0.0071        0        7        0        0
  42    1 0.2725 0.0344        0        0        0        0
  42    1 0.2280 0.0154        0        0        0        0
  42    1 0.3784 0.0702        0        0        0        0
  42    1 0.1370 0.1950        0        0        0        0
  42    1 0.2755 0.0180        0        0        0        0
  42    1 0.2490 0.0001        0        9        0        0
  42    1 1.0029 0.0967        0        0        0        0
  42    1 0.4238 0.0084        0        1        0        0
  42    1 0.1957 0.0431        0        0        0        0
  42    1 0.0628 0.0785        0        0        0        0
  42    1 0.2101 0.0257        0        0        0        0
  42    1 0.1704 0.0005        0       20        0        1
  42    1 0.2491 0.0062        0        3        0        0
  42    1 0.0193 0.0008        0       20        0        1
  42    1 0.4158 0.0229        0        0        0        0
  42    1 0.1781 0.0104        0        0        0        0
  42    1 0.1017 0.0005        0       12        0        0
  42    1 0.1273 0.0337        0        0        0        0
  42    1 0.1832 0.0017        0        2        0        0
  42    1 0.0961 0.0015        0       10        0        0
  42    1 0.4094 0.0132        0        0        0        0
  42    1 0.3293 0.0133        0        0        0        0
  42    1 0.4920 0.0171        0        0        0        0
  42    1 0.6382 0.0008        0       32        0        1
  42    1 0.0850 0.0193        0        0        0        0
  42    1 0.0670 0.0346        0        0        0        0
  42    1 0.0331 0.2443        0        0        0        0
  42    1 0.1536 0.0009        0        2        0        0
  42    1 0.1652 0.0070        0       24        0        1
  42    1 0.1825 0.0010        0        6        0        0
  42    1 0.1104 0.0377        0        0        0        0
  42    1 0.2059 0.0002        0        7        0        0
  42    1 0.1656 0.0006        0        2        0        0
  42    1 0.1617 0.0950        0        0        0        0
  42    1 0.1434 0.0595        0        0        0        0
  42    1 0.4587 0.0066        0       11        0        0
  42    1 0.0675 0.2961        0        0        0        0
  42    1 0.1112 0.0024        0        3        0        0
  42    1 0.3211 0.0896        0        0        0        0
  42    1 0.2150 0.0485        0        0        0        0
  42    1 0.0885 0.0001        0       31        0        1
  42    1 0.3160 0.0250        0        0        0        0
  42    1 0.1264 0.0355        0        0        0        0
  42    1 0.0788 0.0240        0        0        0        0
  42    1 0.0635 0.4448        0        0        0        0
  42    1 0.2043 0.0214        0        0        0        0
  42    1 0.0976 0.0083        0        1        0        0
  42    1 0.1555 0.1083        0        0        0        0
  42    1 0.5509 0.0208        0        0        0        0
  42    1 0.4034 0.2123        0        0        0        0
  42    1 0.1049 0.7899        0        0        0        0
  42    1 0.1929 0.1532        0        0        0        0
  42    1 0.3113 0.0502        0        0        0        0
  42    1 0.0592 0.0044        0        5        0        0
  42    1 0.0659 0.0053        0        1        0        0
  42    1 0.2199 0.4152        0        0        0        0
  42    1 0.0839 0.0457        0        0        0        0
  42    1 0.1115 0.0223        0        0        0        0
  42    1 0.0799 0.0188        0        0        0        0
  42    1 0.3294 0.0119        0        0        0        0
  42    1 0.1557 0.0262        0        0        0        0
  42    1 0.1958 0.0079        0        6        0        0
  42    1 0.1813 0.0030        0       17        0        0
  42    1 0.1593 0.0004        0       16        0        0
  42    1 0.0486 0.0404        0        0        0        0
  42    1 0.2475 0.0315        0        0        0        0
  42    1 0.3191 0.0181        0        0        0        0
  42    1 0.1119 0.0081        0        2        0        0
  42    1 0.1031 0.0127        0        0        0        0
  42    1 0.1235 0.2289        0        0        0        0
  42    1 0.3491 0.0096        0        1        0        0
  42    1 0.0416 0.1113        0        0        0        0
  42    1 0.0696 0.0120        0        0        0        0
  42    1 0.1223 0.4814        0        0        0        0
  42    1 0.4875 0.0188        0        0        0        0
  42    1 0.2316 0.0151        0        0        0        0
  42    1 0.1287 0.0173        0        0        0        0
  42    1 0.1273 0.0110        0        0        0        0
  42    1 0.0891 0.0127        0        0        0        0
  42    1 0.0685 0.0004        0       32        0        1
  42    1 0.3236 0.0208        0        0        0        0
  42    1 0.2550 0.0029        0        2        0        0
  42    1 0.5308 0.0033        0        2        0        0
  42    1 0.0373 0.0852        0        0        0        0
  42    1 0.0766 0.0321        0        0        0        0
  42    1 0.0367 0.0027        0        3        0        0
  42    1 0.0214 0.0004        0       14        0        0
  42    1 0.0949 0.0546        0        0        0        0
  42    1 0.2555 0.0275        0        0        0        0
  42    1 0.2830 0.0181        0        0        0        0
  42    1 0.0503 0.0055        0        9        0        0
  42    1 0.6170 0.0137        0        0        0        0
  42    1 0.1525 0.0169        0        0        0        0
  42    1 0.1364 0.0075        0        5        0        0
  42    1 0.2932 0.0004        0       16        0        0
  42    1 0.3912 0.0075        0        1        0        0
  42    1 0.1855 0.0048        0        2        0        0
  42    1 0.0791 0.0008        0        3        0        0
  42    1 0.1846 0.0914        0        0        0        0
  42    1 0.1545 0.0123        0        0        0        0
  42    1 0.2484 0.0819        0        0        0        0
  42    1 0.4292 0.0112        0        0        0        0
  42    1 0.0701 0.0011        0        2        0        0
  42    1 2.4086 0.0108        0        0        0        0
  42    1 0.2866 0.0219        0        0        0        0
  42    1 0.0528 0.0013        0        2        0        0
  42    1 0.0776 0.0333        0        0        0        0
  42    1 0.6165 0.0355        0        0        0        0
  42    1 0.1399 0.0010        0        3        0        0
  42    1 0.1736 0.0135        0        0        0        0
  42    1 0.5869 0.0063        0       11        0        0
  42    1 0.0465 0.0005        0       10        0        0
  42    1 0.0776 0.0029        0        6        0        0
  42    1 0.1888 0.0457        0        0        0        0
  42    1 0.1898 0.0098        0        1        0        0
  42    1 0.0309 0.0018        0        9        0        0
  42    1 0.2778 0.0654        0        0        0        0
  42    1 0.3627 0.1228        0        0        0        0
  42    1 0.1401 0.0001        0       11        0        0
  42    1 0.0195 0.0022        0        4        0        0
  42    1 0.5967 0.0486        0        0        0        0
  42    1 0.0719 0.0041        0        3        0        0
  42    1 0.1018 0.0283        0        0        0        0
  42    1 0.1046 0.0028        0        4        0        0
  42    1 0.3802 0.0233        0        0        0        0
  42    1 0.0710 0.0537        0        0        0        0
  42    1 0.0885 0.0039        0        1        0        0
  42    1 0.0088 0.0248        1        0        0        0
  42    1 0.0780 0.0019        0        9        0        0
  42    1 0.2714 0.0931        0        0        0        0
  42    1 0.2414 0.1325        0        0        0        0
  42    1 0.0575 0.0791        0        0        0        0
  42    1 0.0818 0.0392        0        0        0        0
  42    1 0.2882 0.0000        0        2        0        0
  42    1 0.1963 0.0014        0        6        0        0
  42    1 0.1301 0.0006        0       14        0        0
  42    1 0.0541 0.0189        0        0        0        0
  42    1 0.1430 0.0099        0        3        0        0
  42    1 0.1841 0.0093        0        3        0        0
  42    1 0.0510 0.0053        0        1        0        0
  42    1 0.0224 0.0091        0        1        0        0
  42    1 0.0823 0.0255        0        0        0        0
  42    1 0.2075 0.0155        0        0        0        0
  42    1 0.1193 0.0240        0        0        0        0
  42    1 0.0693 0.0005        0       11        0        0
  42    1 0.1986 0.0070        0        2        0        0
  42    1 0.0283 0.0011        0        4        0        0
  42    1 0.0860 0.0060        0        2        0        0
  42    1 0.4784 0.0183        0        0        0        0
  42    1 0.0247 0.0117        0        0        0        0
  42    1 0.0475 0.1753        0        0        0        0
  42    1 0.1987 0.0188        0        0        0        0
  42    1 0.2314 0.0293        0        0        0        0
  42    1 0.1047 0.0010        0        2        0        0
  42    1 0.0365 0.0688        0        0        0        0
  42    1 0.1593 0.0052        0        1        0        0
  42    1 0.3345 0.0316        0        0        0        0
  42    1 0.0871 0.0186        0        0        0        0
  42    1 0.0756 0.0306        0        0        0        0
  42    1 0.2565 0.0124        0        0        0        0
  42    1 0.0578 0.0278        0        0        0        0
  42    1 0.0074 0.0074        1       17        0        0
  42    1 0.2085 0.0007        0       15        0        0
  42    1 0.3321 0.0033        0        2        0        0
  42    1 0.0261 0.0097        0        1        0        0
  42    1 0.1263 0.0080        0        1        0        0
  42    1 0.0552 0.0093        0        2        0        0
  42    1 0.3558 0.0124        0        0        0        0
  42    1 0.0772 0.0061        0        6        0        0
  42    1 0.3413 0.0085        0        1        0        0
  42    1 0.0746 0.0000        0       32        0        1
  42    1 0.1727 0.0077        0        1        0        0
  42    1 0.2500 0.0077        0        1        0        0
  42    1 0.3391 0.0221        0        0        0        0
  42    1 0.2441 0.0272        0        0        0        0
  42    1 0.1474 0.0022        0        7        0        0
  42    1 0.0270 0.0103        0        0        0        0
  42    1 0.1629 0.0283        0        0        0        0
  42    1 0.0733 0.0395        0        0        0        0
  42    1 0.1844 0.0039        0        9        0        0
  42    1 0.2503 0.0293        0        0        0        0
  42    1 0.1509 0.0003        0       18        0        0
  42    1 0.1971 0.0447        0        0        0        0
  42    1 0.1291 0.0061        0        3        0        0
  42    1 0.0962 0.0101        0        0        0        0
  42    1 0.2196 0.0056        0       11        0        0
  42    1 0.2811 0.0157        0        0        0        0
  42    1 0.0659 0.1465        0        0        0        0
  42    1 0.0709 0.0008        0       30        0        1
  42    1 0.2018 0.0132        0        0        0        0
  42    1 0.7720 0.0161        0        0        0        0
  42    1 0.3173 0.0019        0        3        0        0
  42    1 0.3619 0.0144        0        0        0        0
  42    1 0.0369 0.0255        0        0        0        0
  42    1 0.1133 0.0128        0        0        0        0
  42    1 0.4068 0.0000        0        4        0        0
  42    1 0.6260 0.0086        0        3        0        0
  42    1 0.1403 0.0226        0        0        0        0
  42    1 0.2527 0.4827        0        0        0        0
  42    1 0.0321 0.0036        0        2        0        0
  42    1 0.2909 0.0178        0        0        0        0
  42    1 0.0963 0.1260        0        0        0        0
  42    1 0.2748 0.0100        0        6        0        0
  42    1 0.1000 0.0106        0        0        0        0
  42    1 0.3208 0.0105        0        0        0        0
  42    1 0.0616 0.0202        0        0        0        0
  42    1 0.1455 0.0001        0        4        0        0
  42    1 0.1340 0.0191        0        0        0        0
  42    1 0.0276 0.0000        0       12        0        0
  42    1 0.0185 0.0007        0       16        0        0
  42    1 0.1624 0.0157        0        0        0        0
  42    1 0.2471 0.0316        0        0        0        0
  42    1 0.0578 0.0124        0        0        0        0
  42    1 0.1629 0.0193        0        0        0        0
  42    1 0.0715 0.0130        0        0        0        0
  42    1 0.0170 0.0188        0        0        0        0
  42    1 0.2022 0.0153        0        0        0        0
  42    1 0.0344 0.0132        0        0        0        0
  42    1 0.2096 0.0009        0        7        0        0
  42    1 0.1888 0.0109        0        0        0        0
  42    1 0.2199 0.0152        0        0        0        0
  42    1 0.3932 0.0247        0        0        0        0
  42    1 0.0405 0.0555        0        0        0        0
  42    1 0.2634 0.0177        0        0        0        0
  42    1 0.0795 0.0028        0        3        0        0
  42    1 0.3601 0.0202        0        0        0        0
  42    1 0.1663 0.0124        0        0        0        0
  42    1 0.6980 0.0219        0        0        0        0
  42    1 0.4035 0.0020        0        3        0        0
  42    1 0.3080 0.0218        0        0        0        0
  42    1 0.2159 0.0001        0        3        0        0
  42    1 0.1633 0.0007        0       17        0        0
  42    1 0.3050 0.0674        0        0        0        0
  42    1 0.1531 0.0204        0        0        0        0
  42    1 0.2400 0.0241        0        0        0        0
  42    1 0.1131 0.0190        0        0        0        0
  42    1 0.0430 0.1472        0        0        0        0
  42    1 0.2226 0.0051        0        3        0        0
  42    1 0.2558 0.0090        0        1        0        0
  42    1 0.2197 0.0138        0        0        0        0
  42    1 0.1233 0.0166        0        0        0        0
  42    1 0.5439 0.0100        0        0        0        0
  42    1 0.0876 0.0033        0        4        0        0
  42    1 0.2137 0.0247        0        0        0        0
  42    1 0.2537 0.0288        0        0        0        0
  42    1 0.5955 0.0088        0        1        0        0
  42    1 0.0230 0.1337        0        0        0        0
  42    1 0.2010 0.2322        0        0        0        0
  42    1 0.0673 0.0274        0        0        0        0
  42    1 0.0971 0.0201        0        0        0        0
  42    1 0.3377 0.0136        0        0        0        0
  42    1 0.0877 0.1173        0        0        0        0
  42    1 0.2736 0.0053        0        1        0        0
  42    1 0.3629 0.0119        0        0        0        0
  42    1 0.0304 0.0642        0        0        0        0
  42    1 0.1184 0.0196        0        0        0        0
  42    1 0.0648 0.0156        0        0        0        0
  42    1 0.3281 0.0025        0        2        0        0
  42    1 0.0565 0.0147        0        0        0        0
  42    1 0.3679 0.0071        0        3        0        0
  42    1 0.1500 0.6006        0        0        0        0
  42    1 0.0284 0.0047        0        3        0        0
  42    1 0.5231 0.0001        0       11        0        0
  42    1 0.3933 0.0089        0        1        0        0
  42    1 0.2217 0.0002        0       33        0        1
  42    1 0.2566 0.0224        0        0        0        0
  42    1 0.2214 0.0250        0        0        0        0
  42    1 0.3264 0.0321        0        0        0        0
  42    1 0.2241 0.0007        0       15        0        0
  42    1 0.1006 0.4203        0        0        0        0
  42    1 0.1273 0.0267        0        0        0        0
  42    1 0.1782 0.4690        0        0        0        0
  42    1 0.0878 0.0359        0        0        0        0
  42    1 0.2012 0.0284        0        0        0        0
  42    1 0.1459 0.0334        0        0        0        0
  42    1 0.3765 0.0001        0       32        0        1
  42    1 0.1242 0.0016        0        3        0        0
  42    1 0.3105 0.0168        0        0        0        0
  42    1 0.5325 0.1784        0        0        0        0
  42    1 0.2010 0.0004        0       25        0        1
  42    1 0.2402 0.0256        0        0        0        0
  42    1 0.1489 0.0089        0        5        0        0
  42    1 0.0909 0.0249        0        0        0        0
  42    1 0.0863 0.0012        0        3        0        0
  42    1 0.2478 0.0264        0        0        0        0
  42    1 0.2797 0.0191        0        0        0        0
  42    1 0.1120 0.0553        0        0        0        0
  42    1 0.1569 0.0039        0        2        0        0
  42    1 0.1029 0.0194        0        0        0        0
  42    1 0.5971 0.0020        0        7        0        0
  42    1 0.4084 0.0068        0        1        0        0
  42    1 0.5406 0.0038        0        1        0        0
  42    1 0.1501 0.0348        0        0        0        0
  42    1 0.0046 0.5654        1        0        0        0
  42    1 0.3126 0.0234        0        0        0        0
  42    1 0.2250 0.0067        0        5        0        0
  42    1 0.1608 0.0229        0        0        0        0
  42    1 0.1172 0.0217        0        0        0        0
  42    1 0.1313 0.0279        0        0        0        0
  42    1 0.0693 0.0097        0        1        0        0
  42    1 0.0362 0.0594        0        0        0        0
  42    1 0.2146 0.0431        0        0        0        0
  42    1 0.3601 0.0041        0        1        0        0
  42    1 0.0765 0.0655        0        0        0        0
  42    1 0.3109 0.0260        0        0        0        0
  42    1 0.2274 0.0787        0        0        0        0
  42    1 0.1401 0.0036        0        2        0        0
  42    1 0.1558 0.0018        0        9        0        0
  42    1 0.2405 0.0559        0        0        0        0
  42    1 0.1038 0.0027        0        3        0        0
  42    1 0.1011 0.0259        0        0        0        0
  42    1 0.0793 0.0084        0        1        0        0
  42    1 0.1295 0.0220        0        0        0        0
  42    1 0.4338 0.0150        0        0        0        0
  42    1 0.1966 0.0147        0        0        0        0
  42    1 0.0995 0.0188        0        0        0        0
  42    1 0.2482 0.0175        0        0        0        0
  42    1 0.5014 0.0209        0        0        0        0
  42    1 0.0657 0.0117        0        0        0        0
  42    1 0.0680 0.0160        0        0        0        0
  42    1 0.1091 0.0017        0        3        0        0
  42    1 0.2947 0.0033        0        3        0        0
  42    1 0.2614 0.0096        0        4        0        0
  42    1 0.2385 0.1201        0        0        0        0
  42    1 0.2142 0.4516        0        0        0        0
  42    1 0.1570 0.0022        0        2        0        0
  42    1 0.1580 0.0245        0        0        0        0
  42    1 0.0314 0.0004        0       21        0        1
  42    1 0.2088 0.0211        0        0        0        0
  42    1 0.0549 0.1281        0        0        0        0
  42    1 0.1539 0.0099        0        1        0        0
  42    1 0.1341 0.0003        0        5        0        0
  42    1 2.0659 0.3752        0        0        0        0
  42    1 0.0659 0.0720        0        0        0        0
  42    1 0.3402 0.0435        0        0        0        0
  42    1 0.2962 0.0808        0        0        0        0
  42    1 0.2202 0.0128        0        0        0        0
  42    1 0.0364 0.2943        0        0        0        0
  42    1 0.0407 0.0018        0        2        0        0
  42    1 0.3992 0.0128        0        0        0        0
  42    1 0.2111 0.0036        0        2        0        0
  42    1 0.1758 0.3492        0        0        0        0
  42    1 0.0931 0.0036        0        5        0        0
  42    1 0.0777 0.0310        0        0        0        0
  42    1 0.2318 0.1229        0        0        0        0
  42    1 0.1419 0.0173        0        0        0        0
  42    1 0.0873 0.0004        0       16        0        0
  42    1 0.2729 0.0150        0        0        0        0
  42    1 0.1061 0.0120        0        0        0        0
  42    1 0.1217 0.0076        0        7        0        0
  42    1 0.4428 0.0133        0        0        0        0
  42    1 0.3372 0.0271        0        0        0        0
  42    1 0.3070 0.0119        0        0        0        0
  42    1 0.2559 0.0229        0        0        0        0
  42    1 0.0495 0.0251        0        0        0        0
  42    1 0.0791 0.0118        0        0        0        0
  42    1 0.1023 0.0658        0        0        0        0
  42    1 0.2572 0.0012        0        2        0        0
  42    1 0.2872 0.0298        0        0        0        0
  42    1 0.3795 0.0148        0        0        0        0
  42    1 0.2509 0.0120        0        0        0        0
  42    1 0.0218 0.1541        0        0        0        0
  42    1 0.2600 0.1049        0        0        0        0
  42    1 0.4089 0.0050        0        2        0        0
  42    1 0.7071 0.0265        0        0        0        0
  42    1 0.2412 0.2221        0        0        0        0
  42    1 0.0424 0.0004        0       17        0        0
  42    1 0.2026 0.0004        0       11        0        0
  42    1 0.2429 0.2159        0        0        0        0
  42    1 0.7662 0.2729        0        0        0        0
  42    1 0.3164 0.0234        0        0        0        0
  42    1 0.0509 0.0011        0        6        0        0
  42    1 0.1736 0.4721        0        0        0        0
  42    1 0.1266 0.0686        0        0        0        0
  42    1 0.2881 0.0039        0        3        0        0
  42    1 0.0610 0.0128        0        0        0        0
  42    1 0.4398 0.0022        0        5        0        0
  42    1 0.0787 0.0012        0        2        0        0
  42    1 0.2709 0.0083        0        5        0        0
  42    1 0.2699 0.0166        0        0        0        0
  42    1 0.2211 0.0505        0        0        0        0
-- segment_start_step=42 key=stuck_h2 --
  42    1 0.0675 0.0097        0        7        0        0
  42    1 0.3237 0.0071        0        7        0        0
  42    1 0.2725 0.0344        0        0        0        0
  42    1 0.2280 0.0154        0        0        0        0
  42    1 0.3784 0.0702        0        0        0        0
  42    1 0.1370 0.1950        0        0        0        0
  42    1 0.2755 0.0180        0        0        0        0
  42    1 0.2490 0.0001        0        9        0        0
  42    1 1.0029 0.0967        0        0        0        0
  42    1 0.4238 0.0084        0        1        0        0
  42    1 0.1957 0.0431        0        0        0        0
  42    1 0.0628 0.0785        0        0        0        0
  42    1 0.2101 0.0257        0        0        0        0
  42    1 0.1704 0.0005        0       20        0        1
  42    1 0.2491 0.0062        0        3        0        0
  42    1 0.0193 0.0008        0       20        0        1
  42    1 0.4158 0.0229        0        0        0        0
  42    1 0.1781 0.0104        0        0        0        0
  42    1 0.1017 0.0005        0       12        0        0
  42    1 0.1273 0.0337        0        0        0        0
  42    1 0.1832 0.0017        0        2        0        0
  42    1 0.0961 0.0015        0       10        0        0
  42    1 0.4094 0.0132        0        0        0        0
  42    1 0.3293 0.0133        0        0        0        0
  42    1 0.4920 0.0171        0        0        0        0
  42    1 0.6382 0.0008        0       32        0        1
  42    1 0.0850 0.0193        0        0        0        0
  42    1 0.0670 0.0346        0        0        0        0
  42    1 0.0331 0.2443        0        0        0        0
  42    1 0.1536 0.0009        0        2        0        0
  42    1 0.1652 0.0070        0       24        0        1
  42    1 0.1825 0.0010        0        6        0        0
  42    1 0.1104 0.0377        0        0        0        0
  42    1 0.2059 0.0002        0        7        0        0
  42    1 0.1656 0.0006        0        2        0        0
  42    1 0.1617 0.0950        0        0        0        0
  42    1 0.1434 0.0595        0        0        0        0
  42    1 0.4587 0.0066        0       11        0        0
  42    1 0.0675 0.2961        0        0        0        0
  42    1 0.1112 0.0024        0        3        0        0
  42    1 0.3211 0.0896        0        0        0        0
  42    1 0.2150 0.0485        0        0        0        0
  42    1 0.0885 0.0001        0       31        0        1
  42    1 0.3160 0.0250        0        0        0        0
  42    1 0.1264 0.0355        0        0        0        0
  42    1 0.0788 0.0240        0        0        0        0
  42    1 0.0635 0.4448        0        0        0        0
  42    1 0.2043 0.0214        0        0        0        0
  42    1 0.0976 0.0083        0        1        0        0
  42    1 0.1555 0.1083        0        0        0        0
  42    1 0.5509 0.0208        0        0        0        0
  42    1 0.4034 0.2123        0        0        0        0
  42    1 0.1049 0.7899        0        0        0        0
  42    1 0.1929 0.1532        0        0        0        0
  42    1 0.3113 0.0502        0        0        0        0
  42    1 0.0592 0.0044        0        5        0        0
  42    1 0.0659 0.0053        0        1        0        0
  42    1 0.2199 0.4152        0        0        0        0
  42    1 0.0839 0.0457        0        0        0        0
  42    1 0.1115 0.0223        0        0        0        0
  42    1 0.0799 0.0188        0        0        0        0
  42    1 0.3294 0.0119        0        0        0        0
  42    1 0.1557 0.0262        0        0        0        0
  42    1 0.1958 0.0079        0        6        0        0
  42    1 0.1813 0.0030        0       17        0        0
  42    1 0.1593 0.0004        0       16        0        0
  42    1 0.0486 0.0404        0        0        0        0
  42    1 0.2475 0.0315        0        0        0        0
  42    1 0.3191 0.0181        0        0        0        0
  42    1 0.1119 0.0081        0        2        0        0
  42    1 0.1031 0.0127        0        0        0        0
  42    1 0.1235 0.2289        0        0        0        0
  42    1 0.3491 0.0096        0        1        0        0
  42    1 0.0416 0.1113        0        0        0        0
  42    1 0.0696 0.0120        0        0        0        0
  42    1 0.1223 0.4814        0        0        0        0
  42    1 0.4875 0.0188        0        0        0        0
  42    1 0.2316 0.0151        0        0        0        0
  42    1 0.1287 0.0173        0        0        0        0
  42    1 0.1273 0.0110        0        0        0        0
  42    1 0.0891 0.0127        0        0        0        0
  42    1 0.0685 0.0004        0       32        0        1
  42    1 0.3236 0.0208        0        0        0        0
  42    1 0.2550 0.0029        0        2        0        0
  42    1 0.5308 0.0033        0        2        0        0
  42    1 0.0373 0.0852        0        0        0        0
  42    1 0.0766 0.0321        0        0        0        0
  42    1 0.0367 0.0027        0        3        0        0
  42    1 0.0214 0.0004        0       14        0        0
  42    1 0.0949 0.0546        0        0        0        0
  42    1 0.2555 0.0275        0        0        0        0
  42    1 0.2830 0.0181        0        0        0        0
  42    1 0.0503 0.0055        0        9        0        0
  42    1 0.6170 0.0137        0        0        0        0
  42    1 0.1525 0.0169        0        0        0        0
  42    1 0.1364 0.0075        0        5        0        0
  42    1 0.2932 0.0004        0       16        0        0
  42    1 0.3912 0.0075        0        1        0        0
  42    1 0.1855 0.0048        0        2        0        0
  42    1 0.0791 0.0008        0        3        0        0
  42    1 0.1846 0.0914        0        0        0        0
  42    1 0.1545 0.0123        0        0        0        0
  42    1 0.2484 0.0819        0        0        0        0
  42    1 0.4292 0.0112        0        0        0        0
  42    1 0.0701 0.0011        0        2        0        0
  42    1 2.4086 0.0108        0        0        0        0
  42    1 0.2866 0.0219        0        0        0        0
  42    1 0.0528 0.0013        0        2        0        0
  42    1 0.0776 0.0333        0        0        0        0
  42    1 0.6165 0.0355        0        0        0        0
  42    1 0.1399 0.0010        0        3        0        0
  42    1 0.1736 0.0135        0        0        0        0
  42    1 0.5869 0.0063        0       11        0        0
  42    1 0.0465 0.0005        0       10        0        0
  42    1 0.0776 0.0029        0        6        0        0
  42    1 0.1888 0.0457        0        0        0        0
  42    1 0.1898 0.0098        0        1        0        0
  42    1 0.0309 0.0018        0        9        0        0
  42    1 0.2778 0.0654        0        0        0        0
  42    1 0.3627 0.1228        0        0        0        0
  42    1 0.1401 0.0001        0       11        0        0
  42    1 0.0195 0.0022        0        4        0        0
  42    1 0.5967 0.0486        0        0        0        0
  42    1 0.0719 0.0041        0        3        0        0
  42    1 0.1018 0.0283        0        0        0        0
  42    1 0.1046 0.0028        0        4        0        0
  42    1 0.3802 0.0233        0        0        0        0
  42    1 0.0710 0.0537        0        0        0        0
  42    1 0.0885 0.0039        0        1        0        0
  42    1 0.0088 0.0248        1        0        0        0
  42    1 0.0780 0.0019        0        9        0        0
  42    1 0.2714 0.0931        0        0        0        0
  42    1 0.2414 0.1325        0        0        0        0
  42    1 0.0575 0.0791        0        0        0        0
  42    1 0.0818 0.0392        0        0        0        0
  42    1 0.2882 0.0000        0        2        0        0
  42    1 0.1963 0.0014        0        6        0        0
  42    1 0.1301 0.0006        0       14        0        0
  42    1 0.0541 0.0189        0        0        0        0
  42    1 0.1430 0.0099        0        3        0        0
  42    1 0.1841 0.0093        0        3        0        0
  42    1 0.0510 0.0053        0        1        0        0
  42    1 0.0224 0.0091        0        1        0        0
  42    1 0.0823 0.0255        0        0        0        0
  42    1 0.2075 0.0155        0        0        0        0
  42    1 0.1193 0.0240        0        0        0        0
  42    1 0.0693 0.0005        0       11        0        0
  42    1 0.1986 0.0070        0        2        0        0
  42    1 0.0283 0.0011        0        4        0        0
  42    1 0.0860 0.0060        0        2        0        0
  42    1 0.4784 0.0183        0        0        0        0
  42    1 0.0247 0.0117        0        0        0        0
  42    1 0.0475 0.1753        0        0        0        0
  42    1 0.1987 0.0188        0        0        0        0
  42    1 0.2314 0.0293        0        0        0        0
  42    1 0.1047 0.0010        0        2        0        0
  42    1 0.0365 0.0688        0        0        0        0
  42    1 0.1593 0.0052        0        1        0        0
  42    1 0.3345 0.0316        0        0        0        0
  42    1 0.0871 0.0186        0        0        0        0
  42    1 0.0756 0.0306        0        0        0        0
  42    1 0.2565 0.0124        0        0        0        0
  42    1 0.0578 0.0278        0        0        0        0
  42    1 0.0074 0.0074        1       17        0        0
  42    1 0.2085 0.0007        0       15        0        0
  42    1 0.3321 0.0033        0        2        0        0
  42    1 0.0261 0.0097        0        1        0        0
  42    1 0.1263 0.0080        0        1        0        0
  42    1 0.0552 0.0093        0        2        0        0
  42    1 0.3558 0.0124        0        0        0        0
  42    1 0.0772 0.0061        0        6        0        0
  42    1 0.3413 0.0085        0        1        0        0
  42    1 0.0746 0.0000        0       32        0        1
  42    1 0.1727 0.0077        0        1        0        0
  42    1 0.2500 0.0077        0        1        0        0
  42    1 0.3391 0.0221        0        0        0        0
  42    1 0.2441 0.0272        0        0        0        0
  42    1 0.1474 0.0022        0        7        0        0
  42    1 0.0270 0.0103        0        0        0        0
  42    1 0.1629 0.0283        0        0        0        0
  42    1 0.0733 0.0395        0        0        0        0
  42    1 0.1844 0.0039        0        9        0        0
  42    1 0.2503 0.0293        0        0        0        0
  42    1 0.1509 0.0003        0       18        0        0
  42    1 0.1971 0.0447        0        0        0        0
  42    1 0.1291 0.0061        0        3        0        0
  42    1 0.0962 0.0101        0        0        0        0
  42    1 0.2196 0.0056        0       11        0        0
  42    1 0.2811 0.0157        0        0        0        0
  42    1 0.0659 0.1465        0        0        0        0
  42    1 0.0709 0.0008        0       30        0        1
  42    1 0.2018 0.0132        0        0        0        0
  42    1 0.7720 0.0161        0        0        0        0
  42    1 0.3173 0.0019        0        3        0        0
  42    1 0.3619 0.0144        0        0        0        0
  42    1 0.0369 0.0255        0        0        0        0
  42    1 0.1133 0.0128        0        0        0        0
  42    1 0.4068 0.0000        0        4        0        0
  42    1 0.6260 0.0086        0        3        0        0
  42    1 0.1403 0.0226        0        0        0        0
  42    1 0.2527 0.4827        0        0        0        0
  42    1 0.0321 0.0036        0        2        0        0
  42    1 0.2909 0.0178        0        0        0        0
  42    1 0.0963 0.1260        0        0        0        0
  42    1 0.2748 0.0100        0        6        0        0
  42    1 0.1000 0.0106        0        0        0        0
  42    1 0.3208 0.0105        0        0        0        0
  42    1 0.0616 0.0202        0        0        0        0
  42    1 0.1455 0.0001        0        4        0        0
  42    1 0.1340 0.0191        0        0        0        0
  42    1 0.0276 0.0000        0       12        0        0
  42    1 0.0185 0.0007        0       16        0        0
  42    1 0.1624 0.0157        0        0        0        0
  42    1 0.2471 0.0316        0        0        0        0
  42    1 0.0578 0.0124        0        0        0        0
  42    1 0.1629 0.0193        0        0        0        0
  42    1 0.0715 0.0130        0        0        0        0
  42    1 0.0170 0.0188        0        0        0        0
  42    1 0.2022 0.0153        0        0        0        0
  42    1 0.0344 0.0132        0        0        0        0
  42    1 0.2096 0.0009        0        7        0        0
  42    1 0.1888 0.0109        0        0        0        0
  42    1 0.2199 0.0152        0        0        0        0
  42    1 0.3932 0.0247        0        0        0        0
  42    1 0.0405 0.0555        0        0        0        0
  42    1 0.2634 0.0177        0        0        0        0
  42    1 0.0795 0.0028        0        3        0        0
  42    1 0.3601 0.0202        0        0        0        0
  42    1 0.1663 0.0124        0        0        0        0
  42    1 0.6980 0.0219        0        0        0        0
  42    1 0.4035 0.0020        0        3        0        0
  42    1 0.3080 0.0218        0        0        0        0
  42    1 0.2159 0.0001        0        3        0        0
  42    1 0.1633 0.0007        0       17        0        0
  42    1 0.3050 0.0674        0        0        0        0
  42    1 0.1531 0.0204        0        0        0        0
  42    1 0.2400 0.0241        0        0        0        0
  42    1 0.1131 0.0190        0        0        0        0
  42    1 0.0430 0.1472        0        0        0        0
  42    1 0.2226 0.0051        0        3        0        0
  42    1 0.2558 0.0090        0        1        0        0
  42    1 0.2197 0.0138        0        0        0        0
  42    1 0.1233 0.0166        0        0        0        0
  42    1 0.5439 0.0100        0        0        0        0
  42    1 0.0876 0.0033        0        4        0        0
  42    1 0.2137 0.0247        0        0        0        0
  42    1 0.2537 0.0288        0        0        0        0
  42    1 0.5955 0.0088        0        1        0        0
  42    1 0.0230 0.1337        0        0        0        0
  42    1 0.2010 0.2322        0        0        0        0
  42    1 0.0673 0.0274        0        0        0        0
  42    1 0.0971 0.0201        0        0        0        0
  42    1 0.3377 0.0136        0        0        0        0
  42    1 0.0877 0.1173        0        0        0        0
  42    1 0.2736 0.0053        0        1        0        0
  42    1 0.3629 0.0119        0        0        0        0
  42    1 0.0304 0.0642        0        0        0        0
  42    1 0.1184 0.0196        0        0        0        0
  42    1 0.0648 0.0156        0        0        0        0
  42    1 0.3281 0.0025        0        2        0        0
  42    1 0.0565 0.0147        0        0        0        0
  42    1 0.3679 0.0071        0        3        0        0
  42    1 0.1500 0.6006        0        0        0        0
  42    1 0.0284 0.0047        0        3        0        0
  42    1 0.5231 0.0001        0       11        0        0
  42    1 0.3933 0.0089        0        1        0        0
  42    1 0.2217 0.0002        0       33        0        1
  42    1 0.2566 0.0224        0        0        0        0
  42    1 0.2214 0.0250        0        0        0        0
  42    1 0.3264 0.0321        0        0        0        0
  42    1 0.2241 0.0007        0       15        0        0
  42    1 0.1006 0.4203        0        0        0        0
  42    1 0.1273 0.0267        0        0        0        0
  42    1 0.1782 0.4690        0        0        0        0
  42    1 0.0878 0.0359        0        0        0        0
  42    1 0.2012 0.0284        0        0        0        0
  42    1 0.1459 0.0334        0        0        0        0
  42    1 0.3765 0.0001        0       32        0        1
  42    1 0.1242 0.0016        0        3        0        0
  42    1 0.3105 0.0168        0        0        0        0
  42    1 0.5325 0.1784        0        0        0        0
  42    1 0.2010 0.0004        0       25        0        1
  42    1 0.2402 0.0256        0        0        0        0
  42    1 0.1489 0.0089        0        5        0        0
  42    1 0.0909 0.0249        0        0        0        0
  42    1 0.0863 0.0012        0        3        0        0
  42    1 0.2478 0.0264        0        0        0        0
  42    1 0.2797 0.0191        0        0        0        0
  42    1 0.1120 0.0553        0        0        0        0
  42    1 0.1569 0.0039        0        2        0        0
  42    1 0.1029 0.0194        0        0        0        0
  42    1 0.5971 0.0020        0        7        0        0
  42    1 0.4084 0.0068        0        1        0        0
  42    1 0.5406 0.0038        0        1        0        0
  42    1 0.1501 0.0348        0        0        0        0
  42    1 0.0046 0.5654        1        0        0        0
  42    1 0.3126 0.0234        0        0        0        0
  42    1 0.2250 0.0067        0        5        0        0
  42    1 0.1608 0.0229        0        0        0        0
  42    1 0.1172 0.0217        0        0        0        0
  42    1 0.1313 0.0279        0        0        0        0
  42    1 0.0693 0.0097        0        1        0        0
  42    1 0.0362 0.0594        0        0        0        0
  42    1 0.2146 0.0431        0        0        0        0
  42    1 0.3601 0.0041        0        1        0        0
  42    1 0.0765 0.0655        0        0        0        0
  42    1 0.3109 0.0260        0        0        0        0
  42    1 0.2274 0.0787        0        0        0        0
  42    1 0.1401 0.0036        0        2        0        0
  42    1 0.1558 0.0018        0        9        0        0
  42    1 0.2405 0.0559        0        0        0        0
  42    1 0.1038 0.0027        0        3        0        0
  42    1 0.1011 0.0259        0        0        0        0
  42    1 0.0793 0.0084        0        1        0        0
  42    1 0.1295 0.0220        0        0        0        0
  42    1 0.4338 0.0150        0        0        0        0
  42    1 0.1966 0.0147        0        0        0        0
  42    1 0.0995 0.0188        0        0        0        0
  42    1 0.2482 0.0175        0        0        0        0
  42    1 0.5014 0.0209        0        0        0        0
  42    1 0.0657 0.0117        0        0        0        0
  42    1 0.0680 0.0160        0        0        0        0
  42    1 0.1091 0.0017        0        3        0        0
  42    1 0.2947 0.0033        0        3        0        0
  42    1 0.2614 0.0096        0        4        0        0
  42    1 0.2385 0.1201        0        0        0        0
  42    1 0.2142 0.4516        0        0        0        0
  42    1 0.1570 0.0022        0        2        0        0
  42    1 0.1580 0.0245        0        0        0        0
  42    1 0.0314 0.0004        0       21        0        1
  42    1 0.2088 0.0211        0        0        0        0
  42    1 0.0549 0.1281        0        0        0        0
  42    1 0.1539 0.0099        0        1        0        0
  42    1 0.1341 0.0003        0        5        0        0
  42    1 2.0659 0.3752        0        0        0        0
  42    1 0.0659 0.0720        0        0        0        0
  42    1 0.3402 0.0435        0        0        0        0
  42    1 0.2962 0.0808        0        0        0        0
  42    1 0.2202 0.0128        0        0        0        0
  42    1 0.0364 0.2943        0        0        0        0
  42    1 0.0407 0.0018        0        2        0        0
  42    1 0.3992 0.0128        0        0        0        0
  42    1 0.2111 0.0036        0        2        0        0
  42    1 0.1758 0.3492        0        0        0        0
  42    1 0.0931 0.0036        0        5        0        0
  42    1 0.0777 0.0310        0        0        0        0
  42    1 0.2318 0.1229        0        0        0        0
  42    1 0.1419 0.0173        0        0        0        0
  42    1 0.0873 0.0004        0       16        0        0
  42    1 0.2729 0.0150        0        0        0        0
  42    1 0.1061 0.0120        0        0        0        0
  42    1 0.1217 0.0076        0        7        0        0
  42    1 0.4428 0.0133        0        0        0        0
  42    1 0.3372 0.0271        0        0        0        0
  42    1 0.3070 0.0119        0        0        0        0
  42    1 0.2559 0.0229        0        0        0        0
  42    1 0.0495 0.0251        0        0        0        0
  42    1 0.0791 0.0118        0        0        0        0
  42    1 0.1023 0.0658        0        0        0        0
  42    1 0.2572 0.0012        0        2        0        0
  42    1 0.2872 0.0298        0        0        0        0
  42    1 0.3795 0.0148        0        0        0        0
  42    1 0.2509 0.0120        0        0        0        0
  42    1 0.0218 0.1541        0        0        0        0
  42    1 0.2600 0.1049        0        0        0        0
  42    1 0.4089 0.0050        0        2        0        0
  42    1 0.7071 0.0265        0        0        0        0
  42    1 0.2412 0.2221        0        0        0        0
  42    1 0.0424 0.0004        0       17        0        0
  42    1 0.2026 0.0004        0       11        0        0
  42    1 0.2429 0.2159        0        0        0        0
  42    1 0.7662 0.2729        0        0        0        0
  42    1 0.3164 0.0234        0        0        0        0
  42    1 0.0509 0.0011        0        6        0        0
  42    1 0.1736 0.4721        0        0        0        0
  42    1 0.1266 0.0686        0        0        0        0
  42    1 0.2881 0.0039        0        3        0        0
  42    1 0.0610 0.0128        0        0        0        0
  42    1 0.4398 0.0022        0        5        0        0
  42    1 0.0787 0.0012        0        2        0        0
  42    1 0.2709 0.0083        0        5        0        0
  42    1 0.2699 0.0166        0        0        0        0
  42    1 0.2211 0.0505        0        0        0        0
-- segment_start_step=50 key=stuck_h2 --
  50    1 0.0346 0.0152        0        0        0        0
  50    1 0.1846 0.0167        0        0        0        0
  50    1 0.1477 0.0051        0        3        0        0
  50    1 0.2478 0.0002        0        7        0        0
  50    1 0.1301 0.0814        0        0        0        0
  50    1 0.2340 0.2759        0        0        0        0
  50    1 0.1288 0.0193        0        0        0        0
  50    1 0.4283 0.0004        0       17        0        0
  50    1 0.5698 0.0026        0        2        0        0
  50    1 0.3788 0.0064        0        1        0        0
  50    1 0.3222 0.0196        0        0        0        0
  50    1 0.2092 0.0187        0        0        0        0
  50    1 0.3117 0.0060        0        6        0        0
  50    1 0.1106 0.0003        0       28        0        1
  50    1 0.4461 0.0015        0        2        0        0
  50    1 0.0374 0.0009        0       28        0        1
  50    1 0.0678 0.0056        0        3        0        0
  50    1 0.1409 0.0065        0        1        0        0
  50    1 0.2025 0.0009        0       20        0        1
  50    1 0.1475 0.0122        0        0        0        0
  50    1 0.0884 0.0001        0       10        0        0
  50    1 0.0606 0.0019        0       18        0        0
  50    1 0.1180 0.0058        0        8        0        0
  50    1 0.2350 0.0108        0        0        0        0
  50    1 0.0824 0.0130        0        0        0        0
  50    1 0.1557 0.0000        0       40        0        1
  50    1 0.2949 0.0035        0        8        0        0
  50    1 0.0410 0.0063        0        1        0        0
  50    1 0.1578 0.4164        0        0        0        0
  50    1 0.0739 0.0076        0        1        0        0
  50    1 0.4028 0.0002        0       32        0        1
  50    1 0.0246 0.0174        0        0        0        0
  50    1 0.1284 0.0197        0        0        0        0
  50    1 0.1069 0.0008        0       15        0        0
  50    1 0.0327 0.0114        0        0        0        0
  50    1 0.0999 0.2755        0        0        0        0
  50    1 0.5355 0.0400        0        0        0        0
  50    1 0.0717 0.0045        0        1        0        0
  50    1 0.1722 0.0070        0        1        0        0
  50    1 0.1008 0.0015        0        3        0        0
  50    1 0.0890 0.0362        0        0        0        0
  50    1 0.1079 0.0106        0        0        0        0
  50    1 0.2447 0.0000        0       39        0        1
  50    1 0.1067 0.0073        0        2        0        0
  50    1 0.0694 0.0588        0        0        0        0
  50    1 0.1366 0.0141        0        0        0        0
  50    1 0.0831 0.6726        0        0        0        0
  50    1 0.1334 0.0228        0        0        0        0
  50    1 0.1853 0.0107        0        0        0        0
  50    1 0.1477 0.0195        0        0        0        0
  50    1 0.1119 0.0130        0        0        0        0
  50    1 1.0399 0.0472        0        0        0        0
  50    1 0.1246 0.1236        0        0        0        0
  50    1 0.3445 0.2313        0        0        0        0
  50    1 0.3874 0.0398        0        0        0        0
  50    1 0.0721 0.0038        0       13        0        0
  50    1 0.6049 0.0067        0        1        0        0
  50    1 0.4984 0.2285        0        0        0        0
  50    1 0.1337 0.0051        0        3        0        0
  50    1 0.1076 0.0125        0        0        0        0
  50    1 0.3140 0.0089        0        1        0        0
  50    1 0.0885 0.0001        0        2        0        0
  50    1 0.0750 0.0132        0        0        0        0
  50    1 0.0401 0.0149        0        0        0        0
  50    1 0.1385 0.0002        0       25        0        1
  50    1 0.0512 0.0015        0       24        0        1
  50    1 0.3850 0.0004        0        7        0        0
  50    1 0.3387 0.0109        0        0        0        0
  50    1 0.0664 0.0000        0        8        0        0
  50    1 0.2039 0.0001        0        6        0        0
  50    1 0.2877 0.0197        0        0        0        0
  50    1 0.4202 0.0137        0        0        0        0
  50    1 0.2159 0.0004        0        9        0        0
  50    1 0.2280 0.1761        0        0        0        0
  50    1 0.1935 0.0145        0        0        0        0
  50    1 0.2891 0.0262        0        0        0        0
  50    1 0.1538 0.0018        0        2        0        0
  50    1 0.0459 0.0145        0        0        0        0
  50    1 0.4909 0.0086        0        4        0        0
  50    1 0.0659 0.0063        0        8        0        0
  50    1 0.1808 0.0039        0        8        0        0
  50    1 0.0311 0.0015        0       40        0        1
  50    1 0.7008 0.0064        0        3        0        0
  50    1 0.1747 0.0132        0        0        0        0
  50    1 0.0886 0.0012        0        3        0        0
  50    1 0.0699 0.0101        0        0        0        0
  50    1 0.0306 0.0129        0        0        0        0
  50    1 0.0361 0.0102        0        0        0        0
  50    1 0.3197 0.0020        0       22        0        1
  50    1 0.0270 0.0927        0        0        0        0
  50    1 0.1112 0.0029        0        2        0        0
  50    1 0.3175 0.0158        0        0        0        0
  50    1 0.3406 0.0171        0        0        0        0
  50    1 0.3829 0.0369        0        0        0        0
  50    1 0.0642 0.0156        0        0        0        0
  50    1 0.0782 0.0136        0        0        0        0
  50    1 0.3316 0.0016        0       24        0        1
  50    1 0.1357 0.0001        0        9        0        0
  50    1 0.4706 0.0026        0        2        0        0
  50    1 0.0451 0.0000        0       11        0        0
  50    1 0.6549 0.0524        0        0        0        0
  50    1 0.2940 0.0160        0        0        0        0
  50    1 0.5858 0.0096        0        1        0        0
  50    1 0.1827 0.0153        0        0        0        0
  50    1 0.0953 0.0158        0        0        0        0
  50    1 0.8578 0.0151        0        0        0        0
  50    1 0.1492 0.0122        0        0        0        0
  50    1 0.8308 0.0001        0       10        0        0
  50    1 0.5206 0.0045        0        4        0        0
  50    1 0.1907 0.0308        0        0        0        0
  50    1 0.3365 0.0134        0        0        0        0
  50    1 0.4172 0.0113        0        0        0        0
  50    1 0.1481 0.0044        0        1        0        0
  50    1 0.3903 0.0004        0       18        0        0
  50    1 0.1565 0.0122        0        0        0        0
  50    1 0.0775 0.0168        0        0        0        0
  50    1 0.0733 0.0044        0        9        0        0
  50    1 0.0261 0.0112        0        0        0        0
  50    1 0.1051 0.0229        0        0        0        0
  50    1 0.0429 0.0116        0        0        0        0
  50    1 0.3635 0.0004        0       19        0        0
  50    1 0.0314 0.0106        0        0        0        0
  50    1 0.0982 0.0231        0        0        0        0
  50    1 0.2850 0.0014        0        2        0        0
  50    1 0.0321 0.0644        0        0        0        0
  50    1 0.2063 0.0119        0        0        0        0
  50    1 0.3389 0.0147        0        0        0        0
  50    1 0.2246 0.0648        0        0        0        0
  50    1 0.0785 0.0066        0        1        0        0
  50    1 0.0135 0.0048        0        1        0        0
  50    1 0.2231 0.0141        0        0        0        0
  50    1 0.5916 0.0926        0        0        0        0
  50    1 0.7224 0.0934        0        0        0        0
  50    1 0.0642 0.0605        0        0        0        0
  50    1 0.0928 0.0147        0        0        0        0
  50    1 0.5874 0.0006        0        5        0        0
  50    1 0.6333 0.0171        0        0        0        0
  50    1 0.1609 0.0061        0       22        0        1
  50    1 0.0661 0.0093        0        1        0        0
  50    1 0.4353 0.0112        0        0        0        0
  50    1 0.1644 0.0041        0        1        0        0
  50    1 0.1118 0.0178        0        0        0        0
  50    1 0.1995 0.0012        0        9        0        0
  50    1 0.2475 0.0065        0        3        0        0
  50    1 0.0880 0.0001        0        8        0        0
  50    1 0.2950 0.0151        0        0        0        0
  50    1 0.1682 0.0009        0       19        0        0
  50    1 0.1575 0.0285        0        0        0        0
  50    1 0.0187 0.0141        0        0        0        0
  50    1 0.1243 0.0023        0        4        0        0
  50    1 0.1480 0.0058        0        3        0        0
  50    1 0.0365 0.0166        0        0        0        0
  50    1 0.3724 0.0013        0        4        0        0
  50    1 0.2952 0.0065        0        3        0        0
  50    1 0.1341 0.0107        0        0        0        0
  50    1 0.1214 0.0029        0        2        0        0
  50    1 0.0997 0.1058        0        0        0        0
  50    1 0.0239 0.0002        0        4        0        0
  50    1 0.1482 0.0489        0        0        0        0
  50    1 0.1567 0.0156        0        0        0        0
  50    1 0.4454 0.0050        0        1        0        0
  50    1 0.0542 0.0065        0        3        0        0
  50    1 0.0737 0.0155        0        0        0        0
  50    1 0.1254 0.0004        0       25        0        1
  50    1 0.3804 0.0005        0       23        0        1
  50    1 0.6726 0.0006        0        2        0        0
  50    1 0.1067 0.0273        0        0        0        0
  50    1 0.1023 0.0137        0        0        0        0
  50    1 0.3701 0.0072        0        2        0        0
  50    1 0.4088 0.0007        0        8        0        0
  50    1 0.0911 0.0026        0        3        0        0
  50    1 0.1122 0.0004        0        3        0        0
  50    1 0.2062 0.0000        0       40        0        1
  50    1 0.1217 0.0192        0        0        0        0
  50    1 0.0140 0.0145        0        0        0        0
  50    1 0.3210 0.0148        0        0        0        0
  50    1 0.4553 0.0025        0        7        0        0
  50    1 0.2290 0.0008        0       15        0        0
  50    1 0.0499 0.0065        0        1        0        0
  50    1 0.0782 0.0052        0        3        0        0
  50    1 0.5284 0.0803        0        0        0        0
  50    1 0.1457 0.0172        0        0        0        0
  50    1 0.1796 0.0422        0        0        0        0
  50    1 0.1069 0.0009        0       26        0        1
  50    1 0.0147 0.0110        0        0        0        0
  50    1 0.3673 0.0199        0        0        0        0
  50    1 0.2726 0.0079        0        1        0        0
  50    1 0.4479 0.0030        0       19        0        0
  50    1 0.0979 0.0173        0        0        0        0
  50    1 0.5026 0.4068        0        0        0        0
  50    1 0.0720 0.0001        0       38        0        1
  50    1 0.1152 0.0094        0        5        0        0
  50    1 0.1309 0.1358        0        0        0        0
  50    1 0.4740 0.0238        0        0        0        0
  50    1 0.0698 0.0045        0        3        0        0
  50    1 0.4322 0.0017        0        2        0        0
  50    1 0.1696 0.0006        0        3        0        0
  50    1 0.1611 0.0059        0       12        0        0
  50    1 0.0064 0.0081        1        1        0        0
  50    1 0.2366 0.0015        0        2        0        0
  50    1 0.1446 0.1208        0        0        0        0
  50    1 0.0522 0.0033        0        3        0        0
  50    1 0.1986 0.0083        0        1        0        0
  50    1 0.0645 0.0007        0        4        0        0
  50    1 0.2351 0.0146        0        0        0        0
  50    1 0.0396 0.0021        0        8        0        0
  50    1 0.0519 0.0036        0        8        0        0
  50    1 0.0396 0.0125        0        0        0        0
  50    1 0.0456 0.0015        0       12        0        0
  50    1 0.0573 0.0093        0        1        0        0
  50    1 0.0309 0.0081        0       20        0        1
  50    1 3.2052 0.0000        0       24        0        1
  50    1 0.1623 0.0155        0        0        0        0
  50    1 0.4924 0.0137        0        0        0        0
  50    1 0.0181 0.0206        0        0        0        0
  50    1 0.4506 0.0292        0        0        0        0
  50    1 0.1712 0.0086        0        1        0        0
  50    1 0.0576 0.0052        0        6        0        0
  50    1 0.1296 0.0139        0        0        0        0
  50    1 0.5346 0.0099        0        8        0        0
  50    1 0.1820 0.0006        0       15        0        0
  50    1 0.1161 0.0033        0        8        0        0
  50    1 0.1060 0.0022        0        4        0        0
  50    1 0.1431 0.0164        0        0        0        0
  50    1 0.2305 0.0051        0        2        0        0
  50    1 0.2680 0.0063        0        7        0        0
  50    1 0.3453 0.0054        0        1        0        0
  50    1 0.1076 0.0079        0        3        0        0
  50    1 0.5477 0.0159        0        0        0        0
  50    1 0.0677 0.0051        0        5        0        0
  50    1 0.6734 0.0022        0       11        0        0
  50    1 0.1623 0.0159        0        0        0        0
  50    1 0.4820 0.0089        0       11        0        0
  50    1 0.6808 0.0011        0       25        0        1
  50    1 0.1074 0.0033        0        2        0        0
  50    1 0.0305 0.0023        0        2        0        0
  50    1 0.0331 0.0130        0        0        0        0
  50    1 0.2626 0.0165        0        0        0        0
  50    1 0.0377 0.0413        0        0        0        0
  50    1 0.0662 0.0048        0        4        0        0
  50    1 0.3000 0.0000        0        9        0        0
  50    1 0.0850 0.0151        0        0        0        0
  50    1 0.1453 0.0147        0        0        0        0
  50    1 0.0225 0.0192        0        0        0        0
  50    1 0.4178 0.0140        0        0        0        0
  50    1 0.1195 0.1832        0        0        0        0
  50    1 0.1025 0.0272        0        0        0        0
  50    1 0.5665 0.0034        0        9        0        0
  50    1 0.2482 0.1620        0        0        0        0
  50    1 0.2418 0.0037        0        2        0        0
  50    1 0.1790 0.0212        0        0        0        0
  50    1 0.2179 0.0329        0        0        0        0
  50    1 0.2142 0.0017        0        3        0        0
  50    1 0.1896 0.0099        0        1        0        0
  50    1 0.1874 0.0087        0        1        0        0
  50    1 0.3654 0.0016        0        8        0        0
  50    1 0.0240 0.2028        0        0        0        0
  50    1 0.0680 0.0071        0        6        0        0
  50    1 0.4350 0.0035        0        7        0        0
  50    1 0.0969 0.0070        0       10        0        0
  50    1 0.3424 0.0134        0        0        0        0
  50    1 0.0453 0.0063        0       11        0        0
  50    1 0.0762 0.0590        0        0        0        0
  50    1 0.1254 0.0154        0        0        0        0
  50    1 0.0897 0.0101        0        0        0        0
  50    1 0.0384 0.0012        0        3        0        0
  50    1 0.0063 0.0007        1       41        0        1
  50    1 0.2368 0.0110        0        0        0        0
  50    1 0.4635 0.0498        0        0        0        0
  50    1 0.3784 0.0325        0        0        0        0
  50    1 0.2951 0.0001        0       23        0        1
  50    1 0.2851 0.3218        0        0        0        0
  50    1 0.2419 0.0146        0        0        0        0
  50    1 0.2347 0.2763        0        0        0        0
  50    1 0.4364 0.0126        0        0        0        0
  50    1 0.0739 0.0089        0        2        0        0
  50    1 0.2387 0.0059        0        3        0        0
  50    1 0.1009 0.0007        0       40        0        1
  50    1 0.0380 0.0089        0       11        0        0
  50    1 0.1253 0.0068        0        5        0        0
  50    1 0.1230 0.0216        0        0        0        0
  50    1 0.2923 0.0010        0       33        0        1
  50    1 0.0353 0.0391        0        0        0        0
  50    1 0.1242 0.0139        0        0        0        0
  50    1 0.2039 0.0255        0        0        0        0
  50    1 0.2074 0.0299        0        0        0        0
  50    1 0.2399 0.0019        0        3        0        0
  50    1 0.1518 0.0285        0        0        0        0
  50    1 0.1357 0.0037        0        7        0        0
  50    1 0.3490 0.0010        0        3        0        0
  50    1 0.1044 0.0116        0        0        0        0
  50    1 0.3413 0.0109        0        0        0        0
  50    1 0.4549 0.0173        0        0        0        0
  50    1 0.4960 0.0343        0        0        0        0
  50    1 0.1585 0.0041        0        2        0        0
  50    1 0.0323 0.0441        0        0        0        0
  50    1 0.0549 0.0139        0        0        0        0
  50    1 0.7038 0.0056        0       13        0        0
  50    1 0.0437 0.0129        0        0        0        0
  50    1 0.1976 0.0024        0        2        0        0
  50    1 0.3189 0.0153        0        0        0        0
  50    1 0.2051 0.0139        0        0        0        0
  50    1 0.3869 0.0001        0        1        0        0
  50    1 0.2382 0.0244        0        0        0        0
  50    1 0.1954 0.0426        0        0        0        0
  50    1 0.1113 0.0192        0        0        0        0
  50    1 0.1534 0.0071        0        3        0        0
  50    1 0.1955 0.0086        0        1        0        0
  50    1 0.3929 0.0115        0        0        0        0
  50    1 0.1339 0.0012        0        6        0        0
  50    1 0.2674 0.0011        0        2        0        0
  50    1 0.2719 0.0080        0        5        0        0
  50    1 0.1024 0.0137        0        0        0        0
  50    1 0.0795 0.0386        0        0        0        0
  50    1 0.1070 0.0313        0        0        0        0
  50    1 0.4285 0.0000        0        8        0        0
  50    1 0.2499 0.0169        0        0        0        0
  50    1 0.2307 0.0102        0        0        0        0
  50    1 0.1440 0.0171        0        0        0        0
  50    1 0.1148 0.0161        0        0        0        0
  50    1 0.1728 0.0169        0        0        0        0
  50    1 0.5791 0.0252        0        0        0        0
  50    1 0.1550 0.0063        0       11        0        0
  50    1 0.0626 0.0016        0        2        0        0
  50    1 0.0600 0.0051        0        2        0        0
  50    1 0.0734 0.1048        0        0        0        0
  50    1 0.0268 0.1672        0        0        0        0
  50    1 0.3277 0.0047        0        2        0        0
  50    1 0.2896 0.0250        0        0        0        0
  50    1 0.0900 0.0010        0       29        0        1
  50    1 0.1780 0.0158        0        0        0        0
  50    1 0.0707 0.0988        0        0        0        0
  50    1 0.4193 0.0328        0        0        0        0
  50    1 0.0989 0.0011        0       13        0        0
  50    1 0.3939 0.5078        0        0        0        0
  50    1 0.1897 0.0011        0        1        0        0
  50    1 0.2634 0.0016        0        3        0        0
  50    1 0.1027 0.0245        0        0        0        0
  50    1 0.0300 0.0113        0        0        0        0
  50    1 0.2683 0.0445        0        0        0        0
  50    1 0.2575 0.0064        0        4        0        0
  50    1 0.3475 0.0420        0        0        0        0
  50    1 0.1693 0.0265        0        0        0        0
  50    1 0.1175 0.5542        0        0        0        0
  50    1 0.1151 0.0027        0       13        0        0
  50    1 0.5312 0.0387        0        0        0        0
  50    1 0.2394 0.1249        0        0        0        0
  50    1 0.5097 0.0034        0        7        0        0
  50    1 0.1649 0.0017        0       24        0        1
  50    1 0.1061 0.0101        0        0        0        0
  50    1 0.3580 0.0041        0        2        0        0
  50    1 0.0323 0.0177        0        0        0        0
  50    1 0.0976 0.0209        0        0        0        0
  50    1 0.1239 0.0147        0        0        0        0
  50    1 0.3087 0.0085        0        4        0        0
  50    1 0.0309 0.0155        0        0        0        0
  50    1 0.3494 0.0027        0        1        0        0
  50    1 0.1110 0.0112        0        0        0        0
  50    1 0.4166 0.0033        0        2        0        0
  50    1 0.0366 0.0012        0       10        0        0
  50    1 0.1163 0.0061        0        2        0        0
  50    1 0.1046 0.0686        0        0        0        0
  50    1 0.4694 0.0006        0        7        0        0
  50    1 0.2304 0.0188        0        0        0        0
  50    1 0.0679 0.0589        0        0        0        0
  50    1 0.0461 0.0045        0       10        0        0
  50    1 0.2172 0.0003        0        2        0        0
  50    1 0.2983 0.1356        0        0        0        0
  50    1 0.0731 0.0014        0       25        0        1
  50    1 0.0574 0.0003        0       19        0        0
  50    1 0.0768 0.0840        0        0        0        0
  50    1 0.6288 0.0024        0        1        0        0
  50    1 0.0954 0.0085        0        1        0        0
  50    1 0.1071 0.0170        0        0        0        0
  50    1 0.2889 0.1074        0        0        0        0
  50    1 0.1695 0.0214        0        0        0        0
  50    1 0.2071 0.0063        0        4        0        0
  50    1 0.2021 0.0117        0        0        0        0
  50    1 0.3007 0.0004        0       13        0        0
  50    1 0.0241 0.0012        0        2        0        0
  50    1 0.1334 0.0129        0        0        0        0
  50    1 0.1406 0.0143        0        0        0        0
-- segment_start_step=60 key=stuck_h2 --
  60    1 0.1542 0.0197        0        0        0        0
  60    1 0.2318 0.0207        0        0        0        0
  60    1 0.1856 0.0002        0       13        0        0
  60    1 0.3506 0.0014        0        2        0        0
  60    1 0.5056 0.0643        0        0        0        0
  60    1 0.0482 0.1310        0        0        0        0
  60    1 0.2235 0.0181        0        0        0        0
  60    1 0.1326 0.0001        0       27        0        1
  60    1 0.0917 0.0036        0       12        0        0
  60    1 0.1744 0.0019        0        2        0        0
  60    1 0.3926 0.0108        0        0        0        0
  60    1 0.3137 0.0124        0        0        0        0
  60    1 0.0533 0.0004        0        2        0        0
  60    1 0.2306 0.0005        0       38        0        1
  60    1 0.3713 0.0043        0        3        0        0
  60    1 0.2211 0.0010        0       38        0        1
  60    1 0.0639 0.0093        0        5        0        0
  60    1 0.5445 0.0022        0        3        0        0
  60    1 0.0670 0.0005        0       30        0        1
  60    1 0.0703 0.0258        0        0        0        0
  60    1 0.0246 0.0008        0       20        0        1
  60    1 0.1060 0.0006        0       28        0        1
  60    1 0.3765 0.0112        0        0        0        0
  60    1 0.2339 0.0156        0        0        0        0
  60    1 0.2094 0.0165        0        0        0        0
  60    1 0.1918 0.0008        0       50        0        1
  60    1 0.2350 0.0223        0        0        0        0
  60    1 0.2109 0.0065        0       11        0        0
  60    1 0.0249 0.0069        0        1        0        0
  60    1 0.1524 0.0095        0       11        0        0
  60    1 0.0694 0.0079        0        1        0        0
  60    1 0.3145 0.0219        0        0        0        0
  60    1 0.0856 0.0384        0        0        0        0
  60    1 0.0813 0.0002        0       25        0        1
  60    1 0.4842 0.0012        0        2        0        0
  60    1 0.1215 0.0910        0        0        0        0
  60    1 0.1608 0.0117        0        0        0        0
  60    1 0.0925 0.0131        0        0        0        0
  60    1 0.0392 0.0358        0        0        0        0
  60    1 0.4309 0.0058        0        4        0        0
  60    1 0.0782 0.0185        0        0        0        0
  60    1 0.2529 0.0031        0        5        0        0
  60    1 0.2524 0.0001        0       49        0        1
  60    1 0.0967 0.0033        0       12        0        0
  60    1 0.1707 0.0062        0        2        0        0
  60    1 0.0374 0.0148        0        0        0        0
  60    1 0.1014 0.0845        0        0        0        0
  60    1 0.0790 0.0234        0        0        0        0
  60    1 0.1893 0.0054        0        1        0        0
  60    1 0.0396 0.0056        0        1        0        0
  60    1 0.0632 0.0106        0        0        0        0
  60    1 0.3626 0.0190        0        0        0        0
  60    1 0.1730 0.4937        0        0        0        0
  60    1 0.1517 0.2616        0        0        0        0
  60    1 0.3582 0.0416        0        0        0        0
  60    1 0.0877 0.0134        0        0        0        0
  60    1 0.5266 0.0010        0        2        0        0
  60    1 0.2407 0.2218        0        0        0        0
  60    1 0.2333 0.0031        0       13        0        0
  60    1 0.1159 0.0022        0        2        0        0
  60    1 0.1564 0.0006        0        2        0        0
  60    1 0.1065 0.0114        0        0        0        0
  60    1 0.1369 0.0140        0        0        0        0
  60    1 0.2862 0.0195        0        0        0        0
  60    1 0.3369 0.0093        0       35        0        1
  60    1 0.1646 0.0003        0       34        0        1
  60    1 0.1420 0.0007        0       17        0        0
  60    1 0.0754 0.0011        0        9        0        0
  60    1 0.1010 0.0104        0        0        0        0
  60    1 0.5606 0.0009        0       16        0        0
  60    1 0.2267 0.0019        0        4        0        0
  60    1 0.2253 0.4806        0        0        0        0
  60    1 0.1111 0.0011        0       19        0        0
  60    1 0.1162 0.2246        0        0        0        0
  60    1 0.5469 0.0183        0        0        0        0
  60    1 0.3941 0.0591        0        0        0        0
  60    1 0.1689 0.0061        0        4        0        0
  60    1 0.0775 0.0042        0        1        0        0
  60    1 0.1293 0.0114        0        0        0        0
  60    1 0.4944 0.0049        0        3        0        0
  60    1 0.0756 0.0050        0        3        0        0
  60    1 0.0978 0.0003        0       50        0        1
  60    1 0.0862 0.0100        0        0        0        0
  60    1 0.0427 0.0025        0        2        0        0
  60    1 0.1014 0.0075        0        3        0        0
  60    1 0.0201 0.0067        0       10        0        0
  60    1 0.3388 0.0129        0        0        0        0
  60    1 0.0137 0.0185        0        0        0        0
  60    1 0.4009 0.0004        0       32        0        1
  60    1 0.2182 0.1199        0        0        0        0
  60    1 0.6558 0.0107        0        0        0        0
  60    1 0.0892 0.0168        0        0        0        0
  60    1 0.2246 0.0154        0        0        0        0
  60    1 0.1982 0.0220        0        0        0        0
  60    1 0.1872 0.0171        0        0        0        0
  60    1 0.0513 0.0178        0        0        0        0
  60    1 0.2297 0.0003        0       34        0        1
  60    1 0.1231 0.0000        0       19        0        0
  60    1 0.0928 0.0016        0        2        0        0
  60    1 0.0432 0.0009        0       21        0        1
  60    1 0.2343 0.1026        0        0        0        0
  60    1 0.5200 0.0168        0        0        0        0
  60    1 0.2310 0.0280        0        0        0        0
  60    1 0.3674 0.0100        0        0        0        0
  60    1 0.1861 0.0084        0        1        0        0
  60    1 1.0248 0.0135        0        0        0        0
  60    1 0.1733 0.0020        0        2        0        0
  60    1 0.4215 0.0009        0       20        0        1
  60    1 0.6643 0.0002        0       14        0        0
  60    1 0.1430 0.0304        0        0        0        0
  60    1 0.0199 0.0196        0        0        0        0
  60    1 0.2134 0.0156        0        0        0        0
  60    1 0.0956 0.0019        0        2        0        0
  60    1 0.1689 0.0003        0       28        0        1
  60    1 0.3372 0.0077        0        3        0        0
  60    1 0.0265 0.0017        0       10        0        0
  60    1 0.1158 0.0019        0       19        0        0
  60    1 0.2056 0.0003        0        3        0        0
  60    1 0.4290 0.0338        0        0        0        0
  60    1 0.0990 0.0191        0        0        0        0
  60    1 0.4778 0.0005        0       29        0        1
  60    1 0.0780 0.0161        0        0        0        0
  60    1 0.1572 0.0001        0        9        0        0
  60    1 0.0922 0.0055        0        3        0        0
  60    1 0.1779 0.2070        0        0        0        0
  60    1 0.0724 0.0161        0        0        0        0
  60    1 0.1540 0.0099        0        1        0        0
  60    1 0.3485 0.0278        0        0        0        0
  60    1 0.0445 0.0063        0        4        0        0
  60    1 0.0845 0.0138        0        0        0        0
  60    1 0.2512 0.0031        0        2        0        0
  60    1 0.4957 0.0934        0        0        0        0
  60    1 0.0426 0.0139        0        0        0        0
  60    1 0.0481 0.1477        0        0        0        0
  60    1 0.2398 0.0078        0        5        0        0
  60    1 0.1702 0.0007        0       15        0        0
  60    1 0.4154 0.0217        0        0        0        0
  60    1 0.2576 0.0004        0       32        0        1
  60    1 0.3126 0.0101        0        0        0        0
  60    1 0.5799 0.0015        0        3        0        0
  60    1 0.0892 0.0030        0        3        0        0
  60    1 0.2228 0.0075        0        1        0        0
  60    1 0.2094 0.0003        0       19        0        0
  60    1 0.2564 0.0087        0        4        0        0
  60    1 0.0727 0.0028        0       18        0        0
  60    1 0.0206 0.0087        0        1        0        0
  60    1 0.2839 0.0006        0       29        0        1
  60    1 0.1383 0.0128        0        0        0        0
  60    1 0.2148 0.0197        0        0        0        0
  60    1 0.0176 0.0140        0        0        0        0
  60    1 0.0081 0.0106        1        0        0        0
  60    1 0.0283 0.0202        0        0        0        0
  60    1 0.5508 0.0022        0       14        0        0
  60    1 0.2997 0.0106        0        0        0        0
  60    1 0.0314 0.0111        0        0        0        0
  60    1 0.0394 0.0061        0        3        0        0
  60    1 0.1536 0.0134        0        0        0        0
  60    1 0.0664 0.0007        0       14        0        0
  60    1 0.0281 0.0007        0        4        0        0
  60    1 0.1159 0.0150        0        0        0        0
  60    1 0.5721 0.0015        0        3        0        0
  60    1 0.6501 0.0244        0        0        0        0
  60    1 0.0774 0.0140        0        0        0        0
  60    1 0.0789 0.0012        0       35        0        1
  60    1 0.0394 0.0004        0       33        0        1
  60    1 0.1431 0.0074        0        3        0        0
  60    1 0.4468 0.0160        0        0        0        0
  60    1 0.2900 0.0060        0        1        0        0
  60    1 0.4110 0.0178        0        0        0        0
  60    1 0.0657 0.0041        0        3        0        0
  60    1 0.1664 0.0006        0        2        0        0
  60    1 0.0676 0.0087        0        4        0        0
  60    1 0.1319 0.0000        0       50        0        1
  60    1 0.1102 0.0003        0        9        0        0
  60    1 0.1626 0.0007        0        5        0        0
  60    1 0.1476 0.0154        0        0        0        0
  60    1 0.0971 0.0248        0        0        0        0
  60    1 0.2675 0.0007        0       25        0        1
  60    1 0.8800 0.0023        0        3        0        0
  60    1 0.7889 0.0077        0        4        0        0
  60    1 0.4802 0.1440        0        0        0        0
  60    1 0.1562 0.0121        0        0        0        0
  60    1 0.0665 0.0529        0        0        0        0
  60    1 0.1981 0.0772        0        0        0        0
  60    1 0.1572 0.0040        0        1        0        0
  60    1 0.0853 0.0111        0        0        0        0
  60    1 0.1298 0.0021        0        3        0        0
  60    1 0.1241 0.0208        0        0        0        0
  60    1 0.0344 0.0097        0        3        0        0
  60    1 0.4053 0.2278        0        0        0        0
  60    1 0.1782 0.0008        0       48        0        1
  60    1 0.1169 0.0154        0        0        0        0
  60    1 0.6030 0.0163        0        0        0        0
  60    1 0.3985 0.0431        0        0        0        0
  60    1 0.2965 0.0078        0        4        0        0
  60    1 0.1696 0.0042        0        3        0        0
  60    1 0.1084 0.0137        0        0        0        0
  60    1 0.0974 0.0004        0       22        0        1
  60    1 0.0191 0.0032        0        2        0        0
  60    1 0.2296 0.0044        0        3        0        0
  60    1 0.3852 0.1931        0        0        0        0
  60    1 0.1426 0.0080        0        3        0        0
  60    1 0.0756 0.0099        0       11        0        0
  60    1 0.0785 0.0143        0        0        0        0
  60    1 0.0694 0.0195        0        0        0        0
  60    1 0.2604 0.0054        0       18        0        0
  60    1 0.0423 0.0004        0       18        0        0
  60    1 0.0910 0.0016        0        2        0        0
  60    1 0.1337 0.0055        0        1        0        0
  60    1 0.0200 0.0007        0        2        0        0
  60    1 0.2459 0.0004        0       30        0        1
  60    1 1.1301 0.0007        0       34        0        1
  60    1 0.3771 0.0174        0        0        0        0
  60    1 0.1410 0.0125        0        0        0        0
  60    1 0.2812 0.0128        0        0        0        0
  60    1 0.2297 0.0142        0        0        0        0
  60    1 0.1498 0.0037        0        1        0        0
  60    1 0.0423 0.0094        0        1        0        0
  60    1 0.2292 0.0040        0        1        0        0
  60    1 0.4619 0.0003        0        9        0        0
  60    1 0.2652 0.0009        0       25        0        1
  60    1 0.3012 0.0030        0       18        0        0
  60    1 0.0818 0.0151        0        0        0        0
  60    1 0.2300 0.0156        0        0        0        0
  60    1 0.5029 0.0000        0       12        0        0
  60    1 0.1365 0.0019        0        2        0        0
  60    1 0.2654 0.0011        0        2        0        0
  60    1 0.3915 0.0105        0        0        0        0
  60    1 0.0412 0.0190        0        0        0        0
  60    1 0.0882 0.0143        0        0        0        0
  60    1 0.2874 0.0026        0       21        0        1
  60    1 0.0681 0.0164        0        0        0        0
  60    1 0.0413 0.0164        0        0        0        0
  60    1 0.2327 0.0008        0       35        0        1
  60    1 0.2851 0.0019        0        5        0        0
  60    1 0.0985 0.0057        0        3        0        0
  60    1 0.0611 0.0130        0        0        0        0
  60    1 0.5169 0.0077        0        1        0        0
  60    1 0.0570 0.0244        0        0        0        0
  60    1 0.0978 0.0142        0        0        0        0
  60    1 0.1332 0.0008        0       19        0        0
  60    1 0.4072 0.0046        0        1        0        0
  60    1 0.0903 0.0660        0        0        0        0
  60    1 0.0071 0.0064        1        1        0        0
  60    1 0.1621 0.0206        0        0        0        0
  60    1 0.0714 0.0009        0        1        0        0
  60    1 0.2050 0.0276        0        0        0        0
  60    1 0.5974 0.0025        0       19        0        0
  60    1 0.2844 0.4560        0        0        0        0
  60    1 0.3120 0.0012        0       12        0        0
  60    1 0.0902 0.0151        0        0        0        0
  60    1 0.0943 0.0832        0        0        0        0
  60    1 0.1665 0.0139        0        0        0        0
  60    1 0.1284 0.0030        0        6        0        0
  60    1 0.1637 0.0006        0       11        0        0
  60    1 0.2443 0.0004        0       18        0        0
  60    1 0.4114 0.1791        0        0        0        0
  60    1 0.3295 0.0095        0        1        0        0
  60    1 0.0855 0.0075        0       17        0        0
  60    1 0.2351 0.0131        0        0        0        0
  60    1 0.2207 0.0157        0        0        0        0
  60    1 0.3702 0.0007        0       21        0        1
  60    1 0.0184 0.3506        0        0        0        0
  60    1 0.3290 0.0189        0        0        0        0
  60    1 0.1273 0.0004        0        7        0        0
  60    1 0.0059 0.0091        1        4        0        0
  60    1 0.0899 0.0002        0       51        0        1
  60    1 0.1132 0.0131        0        0        0        0
  60    1 0.1755 0.0634        0        0        0        0
  60    1 0.0952 0.0002        0        7        0        0
  60    1 0.1616 0.0007        0       33        0        1
  60    1 0.3124 0.0734        0        0        0        0
  60    1 0.2911 0.0141        0        0        0        0
  60    1 0.1161 0.1661        0        0        0        0
  60    1 0.2143 0.0111        0        0        0        0
  60    1 0.0486 0.0042        0       12        0        0
  60    1 0.0395 0.0106        0        0        0        0
  60    1 0.1429 0.0001        0       50        0        1
  60    1 0.4691 0.0132        0        0        0        0
  60    1 0.6147 0.0155        0        0        0        0
  60    1 0.2527 0.0473        0        0        0        0
  60    1 0.0313 0.0218        0        0        0        0
  60    1 0.0866 0.0483        0        0        0        0
  60    1 0.4152 0.0197        0        0        0        0
  60    1 0.2106 0.0165        0        0        0        0
  60    1 0.3460 0.0114        0        0        0        0
  60    1 0.0959 0.0103        0        0        0        0
  60    1 0.0511 0.0193        0        0        0        0
  60    1 0.2114 0.0043        0       17        0        0
  60    1 0.3072 0.0077        0        3        0        0
  60    1 0.1803 0.0163        0        0        0        0
  60    1 0.1541 0.0076        0        1        0        0
  60    1 0.0599 0.0151        0        0        0        0
  60    1 0.2442 0.0152        0        0        0        0
  60    1 0.2797 0.0084        0       12        0        0
  60    1 0.2231 0.0582        0        0        0        0
  60    1 0.1896 0.0354        0        0        0        0
  60    1 0.1348 0.0079        0       23        0        1
  60    1 0.1800 0.0133        0        0        0        0
  60    1 0.1602 0.0054        0        3        0        0
  60    1 0.4436 0.0139        0        0        0        0
  60    1 0.3103 0.0136        0        0        0        0
  60    1 0.2808 0.0028        0        2        0        0
  60    1 0.4773 0.1572        0        0        0        0
  60    1 0.1143 0.0277        0        0        0        0
  60    1 0.2151 0.0249        0        0        0        0
  60    1 0.0623 0.0087        0        4        0        0
  60    1 0.0161 0.0396        0        0        0        0
  60    1 0.0836 0.0069        0        1        0        0
  60    1 0.3330 0.0006        0       16        0        0
  60    1 0.2086 0.0036        0       12        0        0
  60    1 0.1565 0.0155        0        0        0        0
  60    1 0.2437 0.0142        0        0        0        0
  60    1 0.2486 0.0230        0        0        0        0
  60    1 0.4683 0.1042        0        0        0        0
  60    1 0.0618 0.0082        0       18        0        0
  60    1 0.0744 0.0127        0        0        0        0
  60    1 0.2798 0.0139        0        0        0        0
  60    1 0.1852 0.0178        0        0        0        0
  60    1 0.0467 0.0160        0        0        0        0
  60    1 0.2524 0.0009        0        9        0        0
  60    1 0.0812 0.0139        0        0        0        0
  60    1 0.7330 0.0004        0        5        0        0
  60    1 0.1134 0.0057        0        3        0        0
  60    1 0.3803 0.0038        0        6        0        0
  60    1 0.0361 0.0011        0        7        0        0
  60    1 0.3258 0.2294        0        0        0        0
  60    1 0.1519 0.0133        0        0        0        0
  60    1 0.1822 0.0121        0        0        0        0
  60    1 0.0304 0.0005        0       39        0        1
  60    1 0.0818 0.0159        0        0        0        0
  60    1 0.0248 0.0982        0        0        0        0
  60    1 0.2035 0.0168        0        0        0        0
  60    1 0.0182 0.0005        0       23        0        1
  60    1 0.2662 0.0147        0        0        0        0
  60    1 0.0369 0.0206        0        0        0        0
  60    1 0.1971 0.0076        0       13        0        0
  60    1 0.4079 0.0311        0        0        0        0
  60    1 0.0242 0.0095        0        4        0        0
  60    1 0.0713 0.3420        0        0        0        0
  60    1 0.3470 0.0128        0        0        0        0
  60    1 0.5498 0.0091        0        1        0        0
  60    1 0.1843 0.0116        0        0        0        0
  60    1 0.3735 0.7618        0        0        0        0
  60    1 0.2558 0.0012        0       23        0        1
  60    1 0.0902 0.0080        0        1        0        0
  60    1 0.3938 0.0028        0        5        0        0
  60    1 0.3068 0.0004        0       17        0        0
  60    1 0.2984 0.0003        0       34        0        1
  60    1 0.3095 0.0150        0        0        0        0
  60    1 0.0171 0.0024        0       12        0        0
  60    1 0.1026 0.0201        0        0        0        0
  60    1 0.1841 0.0058        0        1        0        0
  60    1 0.2396 0.0147        0        0        0        0
  60    1 0.0387 0.0130        0        0        0        0
  60    1 0.1940 0.0154        0        0        0        0
  60    1 0.4178 0.0035        0        3        0        0
  60    1 0.3784 0.0214        0        0        0        0
  60    1 0.5077 0.0020        0       12        0        0
  60    1 0.1414 0.0002        0       20        0        1
  60    1 0.0534 0.0192        0        0        0        0
  60    1 0.1072 0.0607        0        0        0        0
  60    1 0.5315 0.0008        0       17        0        0
  60    1 0.5634 0.0271        0        0        0        0
  60    1 0.1971 0.0302        0        0        0        0
  60    1 0.1032 0.0086        0        3        0        0
  60    1 0.5128 0.0036        0        3        0        0
  60    1 0.0319 0.1187        0        0        0        0
  60    1 0.1832 0.0003        0       35        0        1
  60    1 0.1063 0.0005        0       29        0        1
  60    1 0.1736 0.1492        0        0        0        0
  60    1 0.1942 0.0013        0       11        0        0
  60    1 0.1280 0.0015        0        2        0        0
  60    1 0.4421 0.0218        0        0        0        0
  60    1 0.9145 0.1964        0        0        0        0
  60    1 0.2688 0.0120        0        0        0        0
  60    1 0.1573 0.0111        0        0        0        0
  60    1 0.0896 0.0168        0        0        0        0
  60    1 0.3600 0.0014        0       23        0        1
  60    1 0.2681 0.0041        0        3        0        0
  60    1 0.1451 0.0174        0        0        0        0
  60    1 0.0714 0.0153        0        0        0        0
step prep dpos_h1 dpos_h2 still_h1 still_h2 stuck_h1 stuck_h2
 107    0 0.0949 0.0008        0       20        0        1
